solid Onshape
  facet normal -0.0523353 -0.99863 0
    outer loop
      vertex -12.5 -20 -10
      vertex -12.5 -20 0
      vertex -13.0226 -19.9726 0
    endloop
  endfacet
  facet normal -0.0523353 -0.99863 0
    outer loop
      vertex -12.5 -20 -10
      vertex -13.0226 -19.9726 0
      vertex -13.0226 -19.9726 -10
    endloop
  endfacet
  facet normal -0.156433 -0.987689 0
    outer loop
      vertex -13.0226 -19.9726 0
      vertex -13.5396 -19.8907 0
      vertex -13.0226 -19.9726 -10
    endloop
  endfacet
  facet normal -0.156433 -0.987689 0
    outer loop
      vertex -13.0226 -19.9726 -10
      vertex -13.5396 -19.8907 0
      vertex -13.5396 -19.8907 -10
    endloop
  endfacet
  facet normal -0.258819 -0.965926 0
    outer loop
      vertex -13.5396 -19.8907 0
      vertex -14.0451 -19.7553 0
      vertex -13.5396 -19.8907 -10
    endloop
  endfacet
  facet normal -0.258819 -0.965926 0
    outer loop
      vertex -13.5396 -19.8907 -10
      vertex -14.0451 -19.7553 0
      vertex -14.0451 -19.7553 -10
    endloop
  endfacet
  facet normal -0.358368 -0.933581 0
    outer loop
      vertex -14.0451 -19.7553 0
      vertex -14.5337 -19.5677 0
      vertex -14.0451 -19.7553 -10
    endloop
  endfacet
  facet normal -0.358368 -0.933581 0
    outer loop
      vertex -14.0451 -19.7553 -10
      vertex -14.5337 -19.5677 0
      vertex -14.5337 -19.5677 -10
    endloop
  endfacet
  facet normal -0.453992 -0.891006 0
    outer loop
      vertex -14.5337 -19.5677 0
      vertex -15 -19.3301 0
      vertex -14.5337 -19.5677 -10
    endloop
  endfacet
  facet normal -0.453992 -0.891006 0
    outer loop
      vertex -14.5337 -19.5677 -10
      vertex -15 -19.3301 0
      vertex -15 -19.3301 -10
    endloop
  endfacet
  facet normal -0.544639 -0.83867 0
    outer loop
      vertex -15 -19.3301 0
      vertex -15.4389 -19.0451 0
      vertex -15 -19.3301 -10
    endloop
  endfacet
  facet normal -0.544639 -0.83867 0
    outer loop
      vertex -15 -19.3301 -10
      vertex -15.4389 -19.0451 0
      vertex -15.4389 -19.0451 -10
    endloop
  endfacet
  facet normal -0.62932 -0.777146 0
    outer loop
      vertex -15.4389 -19.0451 0
      vertex -15.8457 -18.7157 0
      vertex -15.4389 -19.0451 -10
    endloop
  endfacet
  facet normal -0.62932 -0.777146 0
    outer loop
      vertex -15.4389 -19.0451 -10
      vertex -15.8457 -18.7157 0
      vertex -15.8457 -18.7157 -10
    endloop
  endfacet
  facet normal -0.707107 -0.707107 0
    outer loop
      vertex -15.8457 -18.7157 0
      vertex -16.2157 -18.3457 0
      vertex -15.8457 -18.7157 -10
    endloop
  endfacet
  facet normal -0.707107 -0.707107 0
    outer loop
      vertex -15.8457 -18.7157 -10
      vertex -16.2157 -18.3457 0
      vertex -16.2157 -18.3457 -10
    endloop
  endfacet
  facet normal -0.777145 -0.629321 0
    outer loop
      vertex -16.2157 -18.3457 0
      vertex -16.5451 -17.9389 0
      vertex -16.2157 -18.3457 -10
    endloop
  endfacet
  facet normal -0.777145 -0.629321 0
    outer loop
      vertex -16.2157 -18.3457 -10
      vertex -16.5451 -17.9389 0
      vertex -16.5451 -17.9389 -10
    endloop
  endfacet
  facet normal -0.83867 -0.544639 0
    outer loop
      vertex -16.5451 -17.9389 0
      vertex -16.8301 -17.5 0
      vertex -16.5451 -17.9389 -10
    endloop
  endfacet
  facet normal -0.83867 -0.544639 0
    outer loop
      vertex -16.5451 -17.9389 -10
      vertex -16.8301 -17.5 0
      vertex -16.8301 -17.5 -10
    endloop
  endfacet
  facet normal -0.891008 -0.453988 0
    outer loop
      vertex -16.8301 -17.5 0
      vertex -17.0677 -17.0337 0
      vertex -16.8301 -17.5 -10
    endloop
  endfacet
  facet normal -0.891008 -0.453988 0
    outer loop
      vertex -16.8301 -17.5 -10
      vertex -17.0677 -17.0337 0
      vertex -17.0677 -17.0337 -10
    endloop
  endfacet
  facet normal -0.93358 -0.358368 0
    outer loop
      vertex -17.0677 -17.0337 0
      vertex -17.2553 -16.5451 0
      vertex -17.0677 -17.0337 -10
    endloop
  endfacet
  facet normal -0.93358 -0.358368 0
    outer loop
      vertex -17.0677 -17.0337 -10
      vertex -17.2553 -16.5451 0
      vertex -17.2553 -16.5451 -10
    endloop
  endfacet
  facet normal -0.965926 -0.258818 0
    outer loop
      vertex -17.2553 -16.5451 0
      vertex -17.3907 -16.0396 0
      vertex -17.2553 -16.5451 -10
    endloop
  endfacet
  facet normal -0.965926 -0.258818 0
    outer loop
      vertex -17.2553 -16.5451 -10
      vertex -17.3907 -16.0396 0
      vertex -17.3907 -16.0396 -10
    endloop
  endfacet
  facet normal -0.987688 -0.156437 0
    outer loop
      vertex -17.3907 -16.0396 0
      vertex -17.4726 -15.5226 0
      vertex -17.3907 -16.0396 -10
    endloop
  endfacet
  facet normal -0.987688 -0.156437 0
    outer loop
      vertex -17.3907 -16.0396 -10
      vertex -17.4726 -15.5226 0
      vertex -17.4726 -15.5226 -10
    endloop
  endfacet
  facet normal -0.99863 -0.0523353 0
    outer loop
      vertex -17.4726 -15.5226 0
      vertex -17.5 -15 0
      vertex -17.4726 -15.5226 -10
    endloop
  endfacet
  facet normal -0.99863 -0.0523353 0
    outer loop
      vertex -17.4726 -15.5226 -10
      vertex -17.5 -15 0
      vertex -17.5 -15 -10
    endloop
  endfacet
  facet normal -0.0523353 0.99863 0
    outer loop
      vertex -12.5 20 0
      vertex -12.5 20 -10
      vertex -13.0226 19.9726 -10
    endloop
  endfacet
  facet normal -0.0523353 0.99863 0
    outer loop
      vertex -12.5 20 0
      vertex -13.0226 19.9726 -10
      vertex -13.0226 19.9726 0
    endloop
  endfacet
  facet normal -0.156433 0.987689 0
    outer loop
      vertex -13.0226 19.9726 -10
      vertex -13.5396 19.8907 -10
      vertex -13.0226 19.9726 0
    endloop
  endfacet
  facet normal -0.156433 0.987689 0
    outer loop
      vertex -13.0226 19.9726 0
      vertex -13.5396 19.8907 -10
      vertex -13.5396 19.8907 0
    endloop
  endfacet
  facet normal -0.258819 0.965926 0
    outer loop
      vertex -13.5396 19.8907 -10
      vertex -14.0451 19.7553 -10
      vertex -13.5396 19.8907 0
    endloop
  endfacet
  facet normal -0.258819 0.965926 0
    outer loop
      vertex -13.5396 19.8907 0
      vertex -14.0451 19.7553 -10
      vertex -14.0451 19.7553 0
    endloop
  endfacet
  facet normal -0.358368 0.933581 0
    outer loop
      vertex -14.0451 19.7553 -10
      vertex -14.5337 19.5677 -10
      vertex -14.0451 19.7553 0
    endloop
  endfacet
  facet normal -0.358368 0.933581 0
    outer loop
      vertex -14.0451 19.7553 0
      vertex -14.5337 19.5677 -10
      vertex -14.5337 19.5677 0
    endloop
  endfacet
  facet normal -0.453992 0.891006 0
    outer loop
      vertex -14.5337 19.5677 -10
      vertex -15 19.3301 -10
      vertex -14.5337 19.5677 0
    endloop
  endfacet
  facet normal -0.453992 0.891006 0
    outer loop
      vertex -14.5337 19.5677 0
      vertex -15 19.3301 -10
      vertex -15 19.3301 0
    endloop
  endfacet
  facet normal -0.544639 0.83867 0
    outer loop
      vertex -15 19.3301 -10
      vertex -15.4389 19.0451 -10
      vertex -15 19.3301 0
    endloop
  endfacet
  facet normal -0.544639 0.83867 0
    outer loop
      vertex -15 19.3301 0
      vertex -15.4389 19.0451 -10
      vertex -15.4389 19.0451 0
    endloop
  endfacet
  facet normal -0.62932 0.777146 0
    outer loop
      vertex -15.4389 19.0451 -10
      vertex -15.8457 18.7157 -10
      vertex -15.4389 19.0451 0
    endloop
  endfacet
  facet normal -0.62932 0.777146 0
    outer loop
      vertex -15.4389 19.0451 0
      vertex -15.8457 18.7157 -10
      vertex -15.8457 18.7157 0
    endloop
  endfacet
  facet normal -0.707107 0.707107 0
    outer loop
      vertex -15.8457 18.7157 -10
      vertex -16.2157 18.3457 -10
      vertex -15.8457 18.7157 0
    endloop
  endfacet
  facet normal -0.707107 0.707107 0
    outer loop
      vertex -15.8457 18.7157 0
      vertex -16.2157 18.3457 -10
      vertex -16.2157 18.3457 0
    endloop
  endfacet
  facet normal -0.777145 0.629321 0
    outer loop
      vertex -16.2157 18.3457 -10
      vertex -16.5451 17.9389 -10
      vertex -16.2157 18.3457 0
    endloop
  endfacet
  facet normal -0.777145 0.629321 0
    outer loop
      vertex -16.2157 18.3457 0
      vertex -16.5451 17.9389 -10
      vertex -16.5451 17.9389 0
    endloop
  endfacet
  facet normal -0.83867 0.544639 0
    outer loop
      vertex -16.5451 17.9389 -10
      vertex -16.8301 17.5 -10
      vertex -16.5451 17.9389 0
    endloop
  endfacet
  facet normal -0.83867 0.544639 0
    outer loop
      vertex -16.5451 17.9389 0
      vertex -16.8301 17.5 -10
      vertex -16.8301 17.5 0
    endloop
  endfacet
  facet normal -0.891008 0.453988 0
    outer loop
      vertex -16.8301 17.5 -10
      vertex -17.0677 17.0337 -10
      vertex -16.8301 17.5 0
    endloop
  endfacet
  facet normal -0.891008 0.453988 0
    outer loop
      vertex -16.8301 17.5 0
      vertex -17.0677 17.0337 -10
      vertex -17.0677 17.0337 0
    endloop
  endfacet
  facet normal -0.93358 0.358368 0
    outer loop
      vertex -17.0677 17.0337 -10
      vertex -17.2553 16.5451 -10
      vertex -17.0677 17.0337 0
    endloop
  endfacet
  facet normal -0.93358 0.358368 0
    outer loop
      vertex -17.0677 17.0337 0
      vertex -17.2553 16.5451 -10
      vertex -17.2553 16.5451 0
    endloop
  endfacet
  facet normal -0.965926 0.258818 0
    outer loop
      vertex -17.2553 16.5451 -10
      vertex -17.3907 16.0396 -10
      vertex -17.2553 16.5451 0
    endloop
  endfacet
  facet normal -0.965926 0.258818 0
    outer loop
      vertex -17.2553 16.5451 0
      vertex -17.3907 16.0396 -10
      vertex -17.3907 16.0396 0
    endloop
  endfacet
  facet normal -0.987688 0.156437 0
    outer loop
      vertex -17.3907 16.0396 -10
      vertex -17.4726 15.5226 -10
      vertex -17.3907 16.0396 0
    endloop
  endfacet
  facet normal -0.987688 0.156437 0
    outer loop
      vertex -17.3907 16.0396 0
      vertex -17.4726 15.5226 -10
      vertex -17.4726 15.5226 0
    endloop
  endfacet
  facet normal -0.99863 0.0523353 0
    outer loop
      vertex -17.4726 15.5226 -10
      vertex -17.5 15 -10
      vertex -17.4726 15.5226 0
    endloop
  endfacet
  facet normal -0.99863 0.0523353 0
    outer loop
      vertex -17.4726 15.5226 0
      vertex -17.5 15 -10
      vertex -17.5 15 0
    endloop
  endfacet
  facet normal 0.0523353 0.99863 0
    outer loop
      vertex 12.5 20 -10
      vertex 12.5 20 0
      vertex 13.0226 19.9726 0
    endloop
  endfacet
  facet normal 0.0523353 0.99863 0
    outer loop
      vertex 12.5 20 -10
      vertex 13.0226 19.9726 0
      vertex 13.0226 19.9726 -10
    endloop
  endfacet
  facet normal 0.156433 0.987689 0
    outer loop
      vertex 13.0226 19.9726 0
      vertex 13.5396 19.8907 0
      vertex 13.0226 19.9726 -10
    endloop
  endfacet
  facet normal 0.156433 0.987689 0
    outer loop
      vertex 13.0226 19.9726 -10
      vertex 13.5396 19.8907 0
      vertex 13.5396 19.8907 -10
    endloop
  endfacet
  facet normal 0.258819 0.965926 0
    outer loop
      vertex 13.5396 19.8907 0
      vertex 14.0451 19.7553 0
      vertex 13.5396 19.8907 -10
    endloop
  endfacet
  facet normal 0.258819 0.965926 0
    outer loop
      vertex 13.5396 19.8907 -10
      vertex 14.0451 19.7553 0
      vertex 14.0451 19.7553 -10
    endloop
  endfacet
  facet normal 0.358368 0.933581 0
    outer loop
      vertex 14.0451 19.7553 0
      vertex 14.5337 19.5677 0
      vertex 14.0451 19.7553 -10
    endloop
  endfacet
  facet normal 0.358368 0.933581 0
    outer loop
      vertex 14.0451 19.7553 -10
      vertex 14.5337 19.5677 0
      vertex 14.5337 19.5677 -10
    endloop
  endfacet
  facet normal 0.453992 0.891006 0
    outer loop
      vertex 14.5337 19.5677 0
      vertex 15 19.3301 0
      vertex 14.5337 19.5677 -10
    endloop
  endfacet
  facet normal 0.453992 0.891006 0
    outer loop
      vertex 14.5337 19.5677 -10
      vertex 15 19.3301 0
      vertex 15 19.3301 -10
    endloop
  endfacet
  facet normal 0.544639 0.83867 0
    outer loop
      vertex 15 19.3301 0
      vertex 15.4389 19.0451 0
      vertex 15 19.3301 -10
    endloop
  endfacet
  facet normal 0.544639 0.83867 0
    outer loop
      vertex 15 19.3301 -10
      vertex 15.4389 19.0451 0
      vertex 15.4389 19.0451 -10
    endloop
  endfacet
  facet normal 0.62932 0.777146 0
    outer loop
      vertex 15.4389 19.0451 0
      vertex 15.8457 18.7157 0
      vertex 15.4389 19.0451 -10
    endloop
  endfacet
  facet normal 0.62932 0.777146 0
    outer loop
      vertex 15.4389 19.0451 -10
      vertex 15.8457 18.7157 0
      vertex 15.8457 18.7157 -10
    endloop
  endfacet
  facet normal 0.707107 0.707107 0
    outer loop
      vertex 15.8457 18.7157 0
      vertex 16.2157 18.3457 0
      vertex 15.8457 18.7157 -10
    endloop
  endfacet
  facet normal 0.707107 0.707107 0
    outer loop
      vertex 15.8457 18.7157 -10
      vertex 16.2157 18.3457 0
      vertex 16.2157 18.3457 -10
    endloop
  endfacet
  facet normal 0.777145 0.629321 0
    outer loop
      vertex 16.2157 18.3457 0
      vertex 16.5451 17.9389 0
      vertex 16.2157 18.3457 -10
    endloop
  endfacet
  facet normal 0.777145 0.629321 0
    outer loop
      vertex 16.2157 18.3457 -10
      vertex 16.5451 17.9389 0
      vertex 16.5451 17.9389 -10
    endloop
  endfacet
  facet normal 0.83867 0.544639 0
    outer loop
      vertex 16.5451 17.9389 0
      vertex 16.8301 17.5 0
      vertex 16.5451 17.9389 -10
    endloop
  endfacet
  facet normal 0.83867 0.544639 0
    outer loop
      vertex 16.5451 17.9389 -10
      vertex 16.8301 17.5 0
      vertex 16.8301 17.5 -10
    endloop
  endfacet
  facet normal 0.891008 0.453988 0
    outer loop
      vertex 16.8301 17.5 0
      vertex 17.0677 17.0337 0
      vertex 16.8301 17.5 -10
    endloop
  endfacet
  facet normal 0.891008 0.453988 0
    outer loop
      vertex 16.8301 17.5 -10
      vertex 17.0677 17.0337 0
      vertex 17.0677 17.0337 -10
    endloop
  endfacet
  facet normal 0.93358 0.358368 0
    outer loop
      vertex 17.0677 17.0337 0
      vertex 17.2553 16.5451 0
      vertex 17.0677 17.0337 -10
    endloop
  endfacet
  facet normal 0.93358 0.358368 0
    outer loop
      vertex 17.0677 17.0337 -10
      vertex 17.2553 16.5451 0
      vertex 17.2553 16.5451 -10
    endloop
  endfacet
  facet normal 0.965926 0.258818 0
    outer loop
      vertex 17.2553 16.5451 0
      vertex 17.3907 16.0396 0
      vertex 17.2553 16.5451 -10
    endloop
  endfacet
  facet normal 0.965926 0.258818 0
    outer loop
      vertex 17.2553 16.5451 -10
      vertex 17.3907 16.0396 0
      vertex 17.3907 16.0396 -10
    endloop
  endfacet
  facet normal 0.987688 0.156437 0
    outer loop
      vertex 17.3907 16.0396 0
      vertex 17.4726 15.5226 0
      vertex 17.3907 16.0396 -10
    endloop
  endfacet
  facet normal 0.987688 0.156437 0
    outer loop
      vertex 17.3907 16.0396 -10
      vertex 17.4726 15.5226 0
      vertex 17.4726 15.5226 -10
    endloop
  endfacet
  facet normal 0.99863 0.0523353 0
    outer loop
      vertex 17.4726 15.5226 0
      vertex 17.5 15 0
      vertex 17.4726 15.5226 -10
    endloop
  endfacet
  facet normal 0.99863 0.0523353 0
    outer loop
      vertex 17.4726 15.5226 -10
      vertex 17.5 15 0
      vertex 17.5 15 -10
    endloop
  endfacet
  facet normal 0.0523353 -0.99863 0
    outer loop
      vertex 12.5 -20 0
      vertex 12.5 -20 -10
      vertex 13.0226 -19.9726 -10
    endloop
  endfacet
  facet normal 0.0523353 -0.99863 0
    outer loop
      vertex 12.5 -20 0
      vertex 13.0226 -19.9726 -10
      vertex 13.0226 -19.9726 0
    endloop
  endfacet
  facet normal 0.156433 -0.987689 0
    outer loop
      vertex 13.0226 -19.9726 -10
      vertex 13.5396 -19.8907 -10
      vertex 13.0226 -19.9726 0
    endloop
  endfacet
  facet normal 0.156433 -0.987689 0
    outer loop
      vertex 13.0226 -19.9726 0
      vertex 13.5396 -19.8907 -10
      vertex 13.5396 -19.8907 0
    endloop
  endfacet
  facet normal 0.258819 -0.965926 0
    outer loop
      vertex 13.5396 -19.8907 -10
      vertex 14.0451 -19.7553 -10
      vertex 13.5396 -19.8907 0
    endloop
  endfacet
  facet normal 0.258819 -0.965926 0
    outer loop
      vertex 13.5396 -19.8907 0
      vertex 14.0451 -19.7553 -10
      vertex 14.0451 -19.7553 0
    endloop
  endfacet
  facet normal 0.358368 -0.933581 0
    outer loop
      vertex 14.0451 -19.7553 -10
      vertex 14.5337 -19.5677 -10
      vertex 14.0451 -19.7553 0
    endloop
  endfacet
  facet normal 0.358368 -0.933581 0
    outer loop
      vertex 14.0451 -19.7553 0
      vertex 14.5337 -19.5677 -10
      vertex 14.5337 -19.5677 0
    endloop
  endfacet
  facet normal 0.453992 -0.891006 0
    outer loop
      vertex 14.5337 -19.5677 -10
      vertex 15 -19.3301 -10
      vertex 14.5337 -19.5677 0
    endloop
  endfacet
  facet normal 0.453992 -0.891006 0
    outer loop
      vertex 14.5337 -19.5677 0
      vertex 15 -19.3301 -10
      vertex 15 -19.3301 0
    endloop
  endfacet
  facet normal 0.544639 -0.83867 0
    outer loop
      vertex 15 -19.3301 -10
      vertex 15.4389 -19.0451 -10
      vertex 15 -19.3301 0
    endloop
  endfacet
  facet normal 0.544639 -0.83867 0
    outer loop
      vertex 15 -19.3301 0
      vertex 15.4389 -19.0451 -10
      vertex 15.4389 -19.0451 0
    endloop
  endfacet
  facet normal 0.62932 -0.777146 0
    outer loop
      vertex 15.4389 -19.0451 -10
      vertex 15.8457 -18.7157 -10
      vertex 15.4389 -19.0451 0
    endloop
  endfacet
  facet normal 0.62932 -0.777146 0
    outer loop
      vertex 15.4389 -19.0451 0
      vertex 15.8457 -18.7157 -10
      vertex 15.8457 -18.7157 0
    endloop
  endfacet
  facet normal 0.707107 -0.707107 0
    outer loop
      vertex 15.8457 -18.7157 -10
      vertex 16.2157 -18.3457 -10
      vertex 15.8457 -18.7157 0
    endloop
  endfacet
  facet normal 0.707107 -0.707107 0
    outer loop
      vertex 15.8457 -18.7157 0
      vertex 16.2157 -18.3457 -10
      vertex 16.2157 -18.3457 0
    endloop
  endfacet
  facet normal 0.777145 -0.629321 0
    outer loop
      vertex 16.2157 -18.3457 -10
      vertex 16.5451 -17.9389 -10
      vertex 16.2157 -18.3457 0
    endloop
  endfacet
  facet normal 0.777145 -0.629321 0
    outer loop
      vertex 16.2157 -18.3457 0
      vertex 16.5451 -17.9389 -10
      vertex 16.5451 -17.9389 0
    endloop
  endfacet
  facet normal 0.83867 -0.544639 0
    outer loop
      vertex 16.5451 -17.9389 -10
      vertex 16.8301 -17.5 -10
      vertex 16.5451 -17.9389 0
    endloop
  endfacet
  facet normal 0.83867 -0.544639 0
    outer loop
      vertex 16.5451 -17.9389 0
      vertex 16.8301 -17.5 -10
      vertex 16.8301 -17.5 0
    endloop
  endfacet
  facet normal 0.891008 -0.453988 0
    outer loop
      vertex 16.8301 -17.5 -10
      vertex 17.0677 -17.0337 -10
      vertex 16.8301 -17.5 0
    endloop
  endfacet
  facet normal 0.891008 -0.453988 0
    outer loop
      vertex 16.8301 -17.5 0
      vertex 17.0677 -17.0337 -10
      vertex 17.0677 -17.0337 0
    endloop
  endfacet
  facet normal 0.93358 -0.358368 0
    outer loop
      vertex 17.0677 -17.0337 -10
      vertex 17.2553 -16.5451 -10
      vertex 17.0677 -17.0337 0
    endloop
  endfacet
  facet normal 0.93358 -0.358368 0
    outer loop
      vertex 17.0677 -17.0337 0
      vertex 17.2553 -16.5451 -10
      vertex 17.2553 -16.5451 0
    endloop
  endfacet
  facet normal 0.965926 -0.258818 0
    outer loop
      vertex 17.2553 -16.5451 -10
      vertex 17.3907 -16.0396 -10
      vertex 17.2553 -16.5451 0
    endloop
  endfacet
  facet normal 0.965926 -0.258818 0
    outer loop
      vertex 17.2553 -16.5451 0
      vertex 17.3907 -16.0396 -10
      vertex 17.3907 -16.0396 0
    endloop
  endfacet
  facet normal 0.987688 -0.156437 0
    outer loop
      vertex 17.3907 -16.0396 -10
      vertex 17.4726 -15.5226 -10
      vertex 17.3907 -16.0396 0
    endloop
  endfacet
  facet normal 0.987688 -0.156437 0
    outer loop
      vertex 17.3907 -16.0396 0
      vertex 17.4726 -15.5226 -10
      vertex 17.4726 -15.5226 0
    endloop
  endfacet
  facet normal 0.99863 -0.0523353 0
    outer loop
      vertex 17.4726 -15.5226 -10
      vertex 17.5 -15 -10
      vertex 17.4726 -15.5226 0
    endloop
  endfacet
  facet normal 0.99863 -0.0523353 0
    outer loop
      vertex 17.4726 -15.5226 0
      vertex 17.5 -15 -10
      vertex 17.5 -15 0
    endloop
  endfacet
  facet normal -0.0523354 -0.99863 0
    outer loop
      vertex 8.5 9 0
      vertex 8.5 9 -7
      vertex 9.02264 8.97261 0
    endloop
  endfacet
  facet normal -0.0523354 -0.99863 0
    outer loop
      vertex 8.5 9 -7
      vertex 9.02264 8.97261 -7
      vertex 9.02264 8.97261 0
    endloop
  endfacet
  facet normal -0.156435 -0.987688 0
    outer loop
      vertex 9.02264 8.97261 0
      vertex 9.02264 8.97261 -7
      vertex 9.53956 8.89074 0
    endloop
  endfacet
  facet normal -0.156435 -0.987688 0
    outer loop
      vertex 9.02264 8.97261 -7
      vertex 9.53956 8.89074 -7
      vertex 9.53956 8.89074 0
    endloop
  endfacet
  facet normal -0.258819 -0.965926 0
    outer loop
      vertex 9.53956 8.89074 0
      vertex 9.53956 8.89074 -7
      vertex 10.0451 8.75528 0
    endloop
  endfacet
  facet normal -0.258819 -0.965926 0
    outer loop
      vertex 9.53956 8.89074 -7
      vertex 10.0451 8.75528 -7
      vertex 10.0451 8.75528 0
    endloop
  endfacet
  facet normal -0.358368 -0.93358 0
    outer loop
      vertex 10.0451 8.75528 0
      vertex 10.0451 8.75528 -7
      vertex 10.5337 8.56773 0
    endloop
  endfacet
  facet normal -0.358368 -0.93358 0
    outer loop
      vertex 10.0451 8.75528 -7
      vertex 10.5337 8.56773 -7
      vertex 10.5337 8.56773 0
    endloop
  endfacet
  facet normal -0.45399 -0.891007 0
    outer loop
      vertex 10.5337 8.56773 0
      vertex 10.5337 8.56773 -7
      vertex 11 8.33013 0
    endloop
  endfacet
  facet normal -0.45399 -0.891007 0
    outer loop
      vertex 10.5337 8.56773 -7
      vertex 11 8.33013 -7
      vertex 11 8.33013 0
    endloop
  endfacet
  facet normal -0.544639 -0.83867 0
    outer loop
      vertex 11 8.33013 0
      vertex 11 8.33013 -7
      vertex 11.4389 8.04508 0
    endloop
  endfacet
  facet normal -0.544639 -0.83867 0
    outer loop
      vertex 11 8.33013 -7
      vertex 11.4389 8.04508 -7
      vertex 11.4389 8.04508 0
    endloop
  endfacet
  facet normal -0.629321 -0.777146 0
    outer loop
      vertex 11.4389 8.04508 0
      vertex 11.4389 8.04508 -7
      vertex 11.8457 7.71572 0
    endloop
  endfacet
  facet normal -0.629321 -0.777146 0
    outer loop
      vertex 11.4389 8.04508 -7
      vertex 11.8457 7.71572 -7
      vertex 11.8457 7.71572 0
    endloop
  endfacet
  facet normal -0.707106 -0.707107 0
    outer loop
      vertex 11.8457 7.71572 0
      vertex 11.8457 7.71572 -7
      vertex 12.2157 7.34565 0
    endloop
  endfacet
  facet normal -0.707106 -0.707107 0
    outer loop
      vertex 11.8457 7.71572 -7
      vertex 12.2157 7.34565 -7
      vertex 12.2157 7.34565 0
    endloop
  endfacet
  facet normal -0.777146 -0.62932 0
    outer loop
      vertex 12.2157 7.34565 0
      vertex 12.2157 7.34565 -7
      vertex 12.5451 6.93893 0
    endloop
  endfacet
  facet normal -0.777146 -0.62932 0
    outer loop
      vertex 12.2157 7.34565 -7
      vertex 12.5451 6.93893 -7
      vertex 12.5451 6.93893 0
    endloop
  endfacet
  facet normal -0.83867 -0.54464 0
    outer loop
      vertex 12.5451 6.93893 0
      vertex 12.5451 6.93893 -7
      vertex 12.8301 6.5 0
    endloop
  endfacet
  facet normal -0.83867 -0.54464 0
    outer loop
      vertex 12.5451 6.93893 -7
      vertex 12.8301 6.5 -7
      vertex 12.8301 6.5 0
    endloop
  endfacet
  facet normal -0.891007 -0.45399 0
    outer loop
      vertex 12.8301 6.5 0
      vertex 12.8301 6.5 -7
      vertex 13.0677 6.03368 0
    endloop
  endfacet
  facet normal -0.891007 -0.45399 0
    outer loop
      vertex 12.8301 6.5 -7
      vertex 13.0677 6.03368 -7
      vertex 13.0677 6.03368 0
    endloop
  endfacet
  facet normal -0.93358 -0.358368 0
    outer loop
      vertex 13.0677 6.03368 0
      vertex 13.0677 6.03368 -7
      vertex 13.2553 5.54508 0
    endloop
  endfacet
  facet normal -0.93358 -0.358368 0
    outer loop
      vertex 13.0677 6.03368 -7
      vertex 13.2553 5.54508 -7
      vertex 13.2553 5.54508 0
    endloop
  endfacet
  facet normal -0.965926 -0.258819 0
    outer loop
      vertex 13.2553 5.54508 0
      vertex 13.2553 5.54508 -7
      vertex 13.3907 5.03956 0
    endloop
  endfacet
  facet normal -0.965926 -0.258819 0
    outer loop
      vertex 13.2553 5.54508 -7
      vertex 13.3907 5.03956 -7
      vertex 13.3907 5.03956 0
    endloop
  endfacet
  facet normal -0.987688 -0.156435 0
    outer loop
      vertex 13.3907 5.03956 0
      vertex 13.3907 5.03956 -7
      vertex 13.4726 4.52264 0
    endloop
  endfacet
  facet normal -0.987688 -0.156435 0
    outer loop
      vertex 13.3907 5.03956 -7
      vertex 13.4726 4.52264 -7
      vertex 13.4726 4.52264 0
    endloop
  endfacet
  facet normal -0.998629 -0.0523371 0
    outer loop
      vertex 13.4726 4.52264 0
      vertex 13.4726 4.52264 -7
      vertex 13.5 4 0
    endloop
  endfacet
  facet normal -0.998629 -0.0523371 0
    outer loop
      vertex 13.4726 4.52264 -7
      vertex 13.5 4 -7
      vertex 13.5 4 0
    endloop
  endfacet
  facet normal -0.0523354 0.99863 0
    outer loop
      vertex 8.5 -9 -7
      vertex 8.5 -9 0
      vertex 9.02264 -8.97261 -7
    endloop
  endfacet
  facet normal -0.0523354 0.99863 0
    outer loop
      vertex 8.5 -9 0
      vertex 9.02264 -8.97261 0
      vertex 9.02264 -8.97261 -7
    endloop
  endfacet
  facet normal -0.156435 0.987688 0
    outer loop
      vertex 9.02264 -8.97261 -7
      vertex 9.02264 -8.97261 0
      vertex 9.53956 -8.89074 -7
    endloop
  endfacet
  facet normal -0.156435 0.987688 0
    outer loop
      vertex 9.02264 -8.97261 0
      vertex 9.53956 -8.89074 0
      vertex 9.53956 -8.89074 -7
    endloop
  endfacet
  facet normal -0.258819 0.965926 0
    outer loop
      vertex 9.53956 -8.89074 -7
      vertex 9.53956 -8.89074 0
      vertex 10.0451 -8.75528 -7
    endloop
  endfacet
  facet normal -0.258819 0.965926 0
    outer loop
      vertex 9.53956 -8.89074 0
      vertex 10.0451 -8.75528 0
      vertex 10.0451 -8.75528 -7
    endloop
  endfacet
  facet normal -0.358368 0.93358 0
    outer loop
      vertex 10.0451 -8.75528 -7
      vertex 10.0451 -8.75528 0
      vertex 10.5337 -8.56773 -7
    endloop
  endfacet
  facet normal -0.358368 0.93358 0
    outer loop
      vertex 10.0451 -8.75528 0
      vertex 10.5337 -8.56773 0
      vertex 10.5337 -8.56773 -7
    endloop
  endfacet
  facet normal -0.45399 0.891007 0
    outer loop
      vertex 10.5337 -8.56773 -7
      vertex 10.5337 -8.56773 0
      vertex 11 -8.33013 -7
    endloop
  endfacet
  facet normal -0.45399 0.891007 0
    outer loop
      vertex 10.5337 -8.56773 0
      vertex 11 -8.33013 0
      vertex 11 -8.33013 -7
    endloop
  endfacet
  facet normal -0.544639 0.83867 0
    outer loop
      vertex 11 -8.33013 -7
      vertex 11 -8.33013 0
      vertex 11.4389 -8.04508 -7
    endloop
  endfacet
  facet normal -0.544639 0.83867 0
    outer loop
      vertex 11 -8.33013 0
      vertex 11.4389 -8.04508 0
      vertex 11.4389 -8.04508 -7
    endloop
  endfacet
  facet normal -0.629321 0.777146 0
    outer loop
      vertex 11.4389 -8.04508 -7
      vertex 11.4389 -8.04508 0
      vertex 11.8457 -7.71572 -7
    endloop
  endfacet
  facet normal -0.629321 0.777146 0
    outer loop
      vertex 11.4389 -8.04508 0
      vertex 11.8457 -7.71572 0
      vertex 11.8457 -7.71572 -7
    endloop
  endfacet
  facet normal -0.707106 0.707107 0
    outer loop
      vertex 11.8457 -7.71572 -7
      vertex 11.8457 -7.71572 0
      vertex 12.2157 -7.34565 -7
    endloop
  endfacet
  facet normal -0.707106 0.707107 0
    outer loop
      vertex 11.8457 -7.71572 0
      vertex 12.2157 -7.34565 0
      vertex 12.2157 -7.34565 -7
    endloop
  endfacet
  facet normal -0.777146 0.62932 0
    outer loop
      vertex 12.2157 -7.34565 -7
      vertex 12.2157 -7.34565 0
      vertex 12.5451 -6.93893 -7
    endloop
  endfacet
  facet normal -0.777146 0.62932 0
    outer loop
      vertex 12.2157 -7.34565 0
      vertex 12.5451 -6.93893 0
      vertex 12.5451 -6.93893 -7
    endloop
  endfacet
  facet normal -0.83867 0.54464 0
    outer loop
      vertex 12.5451 -6.93893 -7
      vertex 12.5451 -6.93893 0
      vertex 12.8301 -6.5 -7
    endloop
  endfacet
  facet normal -0.83867 0.54464 0
    outer loop
      vertex 12.5451 -6.93893 0
      vertex 12.8301 -6.5 0
      vertex 12.8301 -6.5 -7
    endloop
  endfacet
  facet normal -0.891007 0.45399 0
    outer loop
      vertex 12.8301 -6.5 -7
      vertex 12.8301 -6.5 0
      vertex 13.0677 -6.03368 -7
    endloop
  endfacet
  facet normal -0.891007 0.45399 0
    outer loop
      vertex 12.8301 -6.5 0
      vertex 13.0677 -6.03368 0
      vertex 13.0677 -6.03368 -7
    endloop
  endfacet
  facet normal -0.93358 0.358368 0
    outer loop
      vertex 13.0677 -6.03368 -7
      vertex 13.0677 -6.03368 0
      vertex 13.2553 -5.54508 -7
    endloop
  endfacet
  facet normal -0.93358 0.358368 0
    outer loop
      vertex 13.0677 -6.03368 0
      vertex 13.2553 -5.54508 0
      vertex 13.2553 -5.54508 -7
    endloop
  endfacet
  facet normal -0.965926 0.258819 0
    outer loop
      vertex 13.2553 -5.54508 -7
      vertex 13.2553 -5.54508 0
      vertex 13.3907 -5.03956 -7
    endloop
  endfacet
  facet normal -0.965926 0.258819 0
    outer loop
      vertex 13.2553 -5.54508 0
      vertex 13.3907 -5.03956 0
      vertex 13.3907 -5.03956 -7
    endloop
  endfacet
  facet normal -0.987688 0.156435 0
    outer loop
      vertex 13.3907 -5.03956 -7
      vertex 13.3907 -5.03956 0
      vertex 13.4726 -4.52264 -7
    endloop
  endfacet
  facet normal -0.987688 0.156435 0
    outer loop
      vertex 13.3907 -5.03956 0
      vertex 13.4726 -4.52264 0
      vertex 13.4726 -4.52264 -7
    endloop
  endfacet
  facet normal -0.998629 0.0523371 0
    outer loop
      vertex 13.4726 -4.52264 -7
      vertex 13.4726 -4.52264 0
      vertex 13.5 -4 -7
    endloop
  endfacet
  facet normal -0.998629 0.0523371 0
    outer loop
      vertex 13.4726 -4.52264 0
      vertex 13.5 -4 0
      vertex 13.5 -4 -7
    endloop
  endfacet
  facet normal 0.0523354 0.99863 0
    outer loop
      vertex -8.5 -9 0
      vertex -8.5 -9 -7
      vertex -9.02264 -8.97261 0
    endloop
  endfacet
  facet normal 0.0523354 0.99863 0
    outer loop
      vertex -8.5 -9 -7
      vertex -9.02264 -8.97261 -7
      vertex -9.02264 -8.97261 0
    endloop
  endfacet
  facet normal 0.156435 0.987688 0
    outer loop
      vertex -9.02264 -8.97261 0
      vertex -9.02264 -8.97261 -7
      vertex -9.53956 -8.89074 0
    endloop
  endfacet
  facet normal 0.156435 0.987688 0
    outer loop
      vertex -9.02264 -8.97261 -7
      vertex -9.53956 -8.89074 -7
      vertex -9.53956 -8.89074 0
    endloop
  endfacet
  facet normal 0.258819 0.965926 0
    outer loop
      vertex -9.53956 -8.89074 0
      vertex -9.53956 -8.89074 -7
      vertex -10.0451 -8.75528 0
    endloop
  endfacet
  facet normal 0.258819 0.965926 0
    outer loop
      vertex -9.53956 -8.89074 -7
      vertex -10.0451 -8.75528 -7
      vertex -10.0451 -8.75528 0
    endloop
  endfacet
  facet normal 0.358368 0.93358 0
    outer loop
      vertex -10.0451 -8.75528 0
      vertex -10.0451 -8.75528 -7
      vertex -10.5337 -8.56773 0
    endloop
  endfacet
  facet normal 0.358368 0.93358 0
    outer loop
      vertex -10.0451 -8.75528 -7
      vertex -10.5337 -8.56773 -7
      vertex -10.5337 -8.56773 0
    endloop
  endfacet
  facet normal 0.45399 0.891007 0
    outer loop
      vertex -10.5337 -8.56773 0
      vertex -10.5337 -8.56773 -7
      vertex -11 -8.33013 0
    endloop
  endfacet
  facet normal 0.45399 0.891007 0
    outer loop
      vertex -10.5337 -8.56773 -7
      vertex -11 -8.33013 -7
      vertex -11 -8.33013 0
    endloop
  endfacet
  facet normal 0.544639 0.83867 0
    outer loop
      vertex -11 -8.33013 0
      vertex -11 -8.33013 -7
      vertex -11.4389 -8.04508 0
    endloop
  endfacet
  facet normal 0.544639 0.83867 0
    outer loop
      vertex -11 -8.33013 -7
      vertex -11.4389 -8.04508 -7
      vertex -11.4389 -8.04508 0
    endloop
  endfacet
  facet normal 0.629321 0.777146 0
    outer loop
      vertex -11.4389 -8.04508 0
      vertex -11.4389 -8.04508 -7
      vertex -11.8457 -7.71572 0
    endloop
  endfacet
  facet normal 0.629321 0.777146 0
    outer loop
      vertex -11.4389 -8.04508 -7
      vertex -11.8457 -7.71572 -7
      vertex -11.8457 -7.71572 0
    endloop
  endfacet
  facet normal 0.707106 0.707107 0
    outer loop
      vertex -11.8457 -7.71572 0
      vertex -11.8457 -7.71572 -7
      vertex -12.2157 -7.34565 0
    endloop
  endfacet
  facet normal 0.707106 0.707107 0
    outer loop
      vertex -11.8457 -7.71572 -7
      vertex -12.2157 -7.34565 -7
      vertex -12.2157 -7.34565 0
    endloop
  endfacet
  facet normal 0.777146 0.62932 0
    outer loop
      vertex -12.2157 -7.34565 0
      vertex -12.2157 -7.34565 -7
      vertex -12.5451 -6.93893 0
    endloop
  endfacet
  facet normal 0.777146 0.62932 0
    outer loop
      vertex -12.2157 -7.34565 -7
      vertex -12.5451 -6.93893 -7
      vertex -12.5451 -6.93893 0
    endloop
  endfacet
  facet normal 0.83867 0.54464 0
    outer loop
      vertex -12.5451 -6.93893 0
      vertex -12.5451 -6.93893 -7
      vertex -12.8301 -6.5 0
    endloop
  endfacet
  facet normal 0.83867 0.54464 0
    outer loop
      vertex -12.5451 -6.93893 -7
      vertex -12.8301 -6.5 -7
      vertex -12.8301 -6.5 0
    endloop
  endfacet
  facet normal 0.891007 0.45399 0
    outer loop
      vertex -12.8301 -6.5 0
      vertex -12.8301 -6.5 -7
      vertex -13.0677 -6.03368 0
    endloop
  endfacet
  facet normal 0.891007 0.45399 0
    outer loop
      vertex -12.8301 -6.5 -7
      vertex -13.0677 -6.03368 -7
      vertex -13.0677 -6.03368 0
    endloop
  endfacet
  facet normal 0.93358 0.358368 0
    outer loop
      vertex -13.0677 -6.03368 0
      vertex -13.0677 -6.03368 -7
      vertex -13.2553 -5.54508 0
    endloop
  endfacet
  facet normal 0.93358 0.358368 0
    outer loop
      vertex -13.0677 -6.03368 -7
      vertex -13.2553 -5.54508 -7
      vertex -13.2553 -5.54508 0
    endloop
  endfacet
  facet normal 0.965926 0.258819 0
    outer loop
      vertex -13.2553 -5.54508 0
      vertex -13.2553 -5.54508 -7
      vertex -13.3907 -5.03956 0
    endloop
  endfacet
  facet normal 0.965926 0.258819 0
    outer loop
      vertex -13.2553 -5.54508 -7
      vertex -13.3907 -5.03956 -7
      vertex -13.3907 -5.03956 0
    endloop
  endfacet
  facet normal 0.987688 0.156435 0
    outer loop
      vertex -13.3907 -5.03956 0
      vertex -13.3907 -5.03956 -7
      vertex -13.4726 -4.52264 0
    endloop
  endfacet
  facet normal 0.987688 0.156435 0
    outer loop
      vertex -13.3907 -5.03956 -7
      vertex -13.4726 -4.52264 -7
      vertex -13.4726 -4.52264 0
    endloop
  endfacet
  facet normal 0.998629 0.0523371 0
    outer loop
      vertex -13.4726 -4.52264 0
      vertex -13.4726 -4.52264 -7
      vertex -13.5 -4 0
    endloop
  endfacet
  facet normal 0.998629 0.0523371 0
    outer loop
      vertex -13.4726 -4.52264 -7
      vertex -13.5 -4 -7
      vertex -13.5 -4 0
    endloop
  endfacet
  facet normal 0.0523354 -0.99863 0
    outer loop
      vertex -8.5 9 -7
      vertex -8.5 9 0
      vertex -9.02264 8.97261 -7
    endloop
  endfacet
  facet normal 0.0523354 -0.99863 0
    outer loop
      vertex -8.5 9 0
      vertex -9.02264 8.97261 0
      vertex -9.02264 8.97261 -7
    endloop
  endfacet
  facet normal 0.156435 -0.987688 0
    outer loop
      vertex -9.02264 8.97261 -7
      vertex -9.02264 8.97261 0
      vertex -9.53956 8.89074 -7
    endloop
  endfacet
  facet normal 0.156435 -0.987688 0
    outer loop
      vertex -9.02264 8.97261 0
      vertex -9.53956 8.89074 0
      vertex -9.53956 8.89074 -7
    endloop
  endfacet
  facet normal 0.258819 -0.965926 0
    outer loop
      vertex -9.53956 8.89074 -7
      vertex -9.53956 8.89074 0
      vertex -10.0451 8.75528 -7
    endloop
  endfacet
  facet normal 0.258819 -0.965926 0
    outer loop
      vertex -9.53956 8.89074 0
      vertex -10.0451 8.75528 0
      vertex -10.0451 8.75528 -7
    endloop
  endfacet
  facet normal 0.358368 -0.93358 0
    outer loop
      vertex -10.0451 8.75528 -7
      vertex -10.0451 8.75528 0
      vertex -10.5337 8.56773 -7
    endloop
  endfacet
  facet normal 0.358368 -0.93358 0
    outer loop
      vertex -10.0451 8.75528 0
      vertex -10.5337 8.56773 0
      vertex -10.5337 8.56773 -7
    endloop
  endfacet
  facet normal 0.45399 -0.891007 0
    outer loop
      vertex -10.5337 8.56773 -7
      vertex -10.5337 8.56773 0
      vertex -11 8.33013 -7
    endloop
  endfacet
  facet normal 0.45399 -0.891007 0
    outer loop
      vertex -10.5337 8.56773 0
      vertex -11 8.33013 0
      vertex -11 8.33013 -7
    endloop
  endfacet
  facet normal 0.544639 -0.83867 0
    outer loop
      vertex -11 8.33013 -7
      vertex -11 8.33013 0
      vertex -11.4389 8.04508 -7
    endloop
  endfacet
  facet normal 0.544639 -0.83867 0
    outer loop
      vertex -11 8.33013 0
      vertex -11.4389 8.04508 0
      vertex -11.4389 8.04508 -7
    endloop
  endfacet
  facet normal 0.629321 -0.777146 0
    outer loop
      vertex -11.4389 8.04508 -7
      vertex -11.4389 8.04508 0
      vertex -11.8457 7.71572 -7
    endloop
  endfacet
  facet normal 0.629321 -0.777146 0
    outer loop
      vertex -11.4389 8.04508 0
      vertex -11.8457 7.71572 0
      vertex -11.8457 7.71572 -7
    endloop
  endfacet
  facet normal 0.707106 -0.707107 0
    outer loop
      vertex -11.8457 7.71572 -7
      vertex -11.8457 7.71572 0
      vertex -12.2157 7.34565 -7
    endloop
  endfacet
  facet normal 0.707106 -0.707107 0
    outer loop
      vertex -11.8457 7.71572 0
      vertex -12.2157 7.34565 0
      vertex -12.2157 7.34565 -7
    endloop
  endfacet
  facet normal 0.777146 -0.62932 0
    outer loop
      vertex -12.2157 7.34565 -7
      vertex -12.2157 7.34565 0
      vertex -12.5451 6.93893 -7
    endloop
  endfacet
  facet normal 0.777146 -0.62932 0
    outer loop
      vertex -12.2157 7.34565 0
      vertex -12.5451 6.93893 0
      vertex -12.5451 6.93893 -7
    endloop
  endfacet
  facet normal 0.83867 -0.54464 0
    outer loop
      vertex -12.5451 6.93893 -7
      vertex -12.5451 6.93893 0
      vertex -12.8301 6.5 -7
    endloop
  endfacet
  facet normal 0.83867 -0.54464 0
    outer loop
      vertex -12.5451 6.93893 0
      vertex -12.8301 6.5 0
      vertex -12.8301 6.5 -7
    endloop
  endfacet
  facet normal 0.891007 -0.45399 0
    outer loop
      vertex -12.8301 6.5 -7
      vertex -12.8301 6.5 0
      vertex -13.0677 6.03368 -7
    endloop
  endfacet
  facet normal 0.891007 -0.45399 0
    outer loop
      vertex -12.8301 6.5 0
      vertex -13.0677 6.03368 0
      vertex -13.0677 6.03368 -7
    endloop
  endfacet
  facet normal 0.93358 -0.358368 0
    outer loop
      vertex -13.0677 6.03368 -7
      vertex -13.0677 6.03368 0
      vertex -13.2553 5.54508 -7
    endloop
  endfacet
  facet normal 0.93358 -0.358368 0
    outer loop
      vertex -13.0677 6.03368 0
      vertex -13.2553 5.54508 0
      vertex -13.2553 5.54508 -7
    endloop
  endfacet
  facet normal 0.965926 -0.258819 0
    outer loop
      vertex -13.2553 5.54508 -7
      vertex -13.2553 5.54508 0
      vertex -13.3907 5.03956 -7
    endloop
  endfacet
  facet normal 0.965926 -0.258819 0
    outer loop
      vertex -13.2553 5.54508 0
      vertex -13.3907 5.03956 0
      vertex -13.3907 5.03956 -7
    endloop
  endfacet
  facet normal 0.987688 -0.156435 0
    outer loop
      vertex -13.3907 5.03956 -7
      vertex -13.3907 5.03956 0
      vertex -13.4726 4.52264 -7
    endloop
  endfacet
  facet normal 0.987688 -0.156435 0
    outer loop
      vertex -13.3907 5.03956 0
      vertex -13.4726 4.52264 0
      vertex -13.4726 4.52264 -7
    endloop
  endfacet
  facet normal 0.998629 -0.0523371 0
    outer loop
      vertex -13.4726 4.52264 -7
      vertex -13.4726 4.52264 0
      vertex -13.5 4 -7
    endloop
  endfacet
  facet normal 0.998629 -0.0523371 0
    outer loop
      vertex -13.4726 4.52264 0
      vertex -13.5 4 0
      vertex -13.5 4 -7
    endloop
  endfacet
  facet normal 0 1 0
    outer loop
      vertex 6.3 20 0
      vertex 12.5 20 0
      vertex 6.3 20 -7
    endloop
  endfacet
  facet normal 0 1 0
    outer loop
      vertex 12.5 20 0
      vertex 12.5 20 -10
      vertex 6.3 20 -7
    endloop
  endfacet
  facet normal 0 1 0
    outer loop
      vertex 6.3 20 -7
      vertex 12.5 20 -10
      vertex -6.3 20 -7
    endloop
  endfacet
  facet normal 0 1 0
    outer loop
      vertex 12.5 20 -10
      vertex -12.5 20 -10
      vertex -6.3 20 -7
    endloop
  endfacet
  facet normal 0 1 0
    outer loop
      vertex -6.3 20 -7
      vertex -12.5 20 -10
      vertex -6.3 20 0
    endloop
  endfacet
  facet normal 0 1 0
    outer loop
      vertex -12.5 20 -10
      vertex -12.5 20 0
      vertex -6.3 20 0
    endloop
  endfacet
  facet normal 0 -1 0
    outer loop
      vertex -6.3 -20 0
      vertex -12.5 -20 0
      vertex -6.3 -20 -7
    endloop
  endfacet
  facet normal 0 -1 0
    outer loop
      vertex -12.5 -20 0
      vertex -12.5 -20 -10
      vertex -6.3 -20 -7
    endloop
  endfacet
  facet normal 0 -1 0
    outer loop
      vertex -6.3 -20 -7
      vertex -12.5 -20 -10
      vertex 6.3 -20 -7
    endloop
  endfacet
  facet normal 0 -1 0
    outer loop
      vertex -12.5 -20 -10
      vertex 12.5 -20 -10
      vertex 6.3 -20 -7
    endloop
  endfacet
  facet normal 0 -1 0
    outer loop
      vertex 6.3 -20 -7
      vertex 12.5 -20 -10
      vertex 6.3 -20 0
    endloop
  endfacet
  facet normal 0 -1 0
    outer loop
      vertex 12.5 -20 -10
      vertex 12.5 -20 0
      vertex 6.3 -20 0
    endloop
  endfacet
  facet normal -1 0 0
    outer loop
      vertex -17.5 15 -10
      vertex -17.5 -15 -10
      vertex -17.5 15 0
    endloop
  endfacet
  facet normal -1 0 0
    outer loop
      vertex -17.5 -15 -10
      vertex -17.5 -15 0
      vertex -17.5 15 0
    endloop
  endfacet
  facet normal 1 0 0
    outer loop
      vertex 17.5 -15 -10
      vertex 17.5 15 -10
      vertex 17.5 -15 0
    endloop
  endfacet
  facet normal 1 0 0
    outer loop
      vertex 17.5 15 -10
      vertex 17.5 15 0
      vertex 17.5 -15 0
    endloop
  endfacet
  facet normal 0 0 1
    outer loop
      vertex -15.1584 -15.4412 0
      vertex -15.0883 -15.2652 0
      vertex -17.5 -15 0
    endloop
  endfacet
  facet normal 0 0 1
    outer loop
      vertex -11.75 -16 0
      vertex -11.7603 -16.1892 0
      vertex -6.3 -20 0
    endloop
  endfacet
  facet normal 0 0 1
    outer loop
      vertex -11.7603 -16.1892 0
      vertex -11.7909 -16.3762 0
      vertex -6.3 -20 0
    endloop
  endfacet
  facet normal 0 0 1
    outer loop
      vertex -12.6803 -17.5461 0
      vertex -12.5 -20 0
      vertex -12.5179 -17.4485 0
    endloop
  endfacet
  facet normal 0 0 1
    outer loop
      vertex -12.5 -20 0
      vertex -6.3 -20 0
      vertex -12.5179 -17.4485 0
    endloop
  endfacet
  facet normal 0 0 1
    outer loop
      vertex -12.5179 -17.4485 0
      vertex -6.3 -20 0
      vertex -12.3671 -17.3338 0
    endloop
  endfacet
  facet normal 0 0 1
    outer loop
      vertex -12.5179 17.4485 0
      vertex -12.3671 17.3338 0
      vertex -6.3 20 0
    endloop
  endfacet
  facet normal 0 0 1
    outer loop
      vertex -12.3671 17.3338 0
      vertex -12.2295 17.2035 0
      vertex -6.3 20 0
    endloop
  endfacet
  facet normal 0 0 1
    outer loop
      vertex -6.3 20 0
      vertex -12.2295 17.2035 0
      vertex -12.1068 17.0591 0
    endloop
  endfacet
  facet normal 0 0 1
    outer loop
      vertex -11.8416 16.5588 0
      vertex -11.7909 16.3762 0
      vertex -6.3 20 0
    endloop
  endfacet
  facet normal 0 0 1
    outer loop
      vertex -11.7909 16.3762 0
      vertex -11.7603 16.1892 0
      vertex -6.3 20 0
    endloop
  endfacet
  facet normal 0 0 1
    outer loop
      vertex -11.7909 -16.3762 0
      vertex -11.8416 -16.5588 0
      vertex -6.3 -20 0
    endloop
  endfacet
  facet normal 0 0 1
    outer loop
      vertex -11.8416 -16.5588 0
      vertex -11.9117 -16.7348 0
      vertex -6.3 -20 0
    endloop
  endfacet
  facet normal 0 0 1
    outer loop
      vertex -6.3 -20 0
      vertex -11.9117 -16.7348 0
      vertex -12.0005 -16.9022 0
    endloop
  endfacet
  facet normal 0 0 1
    outer loop
      vertex -12.0005 -16.9022 0
      vertex -12.1068 -17.0591 0
      vertex -6.3 -20 0
    endloop
  endfacet
  facet normal 0 0 1
    outer loop
      vertex -12.1068 -17.0591 0
      vertex -12.2295 -17.2035 0
      vertex -6.3 -20 0
    endloop
  endfacet
  facet normal 0 0 1
    outer loop
      vertex -6.3 -20 0
      vertex -12.2295 -17.2035 0
      vertex -12.3671 -17.3338 0
    endloop
  endfacet
  facet normal 0 0 1
    outer loop
      vertex -15.0883 15.2652 0
      vertex -17.5 15 0
      vertex -14.9995 15.0978 0
    endloop
  endfacet
  facet normal 0 0 1
    outer loop
      vertex -17.5 15 0
      vertex -14.8932 14.9409 0
      vertex -14.9995 15.0978 0
    endloop
  endfacet
  facet normal 0 0 1
    outer loop
      vertex -12.1068 17.0591 0
      vertex -12.0005 16.9022 0
      vertex -6.3 20 0
    endloop
  endfacet
  facet normal 0 0 1
    outer loop
      vertex -12.0005 16.9022 0
      vertex -11.9117 16.7348 0
      vertex -6.3 20 0
    endloop
  endfacet
  facet normal 0 0 1
    outer loop
      vertex -6.3 20 0
      vertex -11.9117 16.7348 0
      vertex -11.8416 16.5588 0
    endloop
  endfacet
  facet normal 0 0 1
    outer loop
      vertex -16.2157 -18.3457 0
      vertex -14.8932 -17.0591 0
      vertex -16.5451 -17.9389 0
    endloop
  endfacet
  facet normal 0 0 1
    outer loop
      vertex -14.8932 -17.0591 0
      vertex -14.9995 -16.9022 0
      vertex -16.5451 -17.9389 0
    endloop
  endfacet
  facet normal 0 0 1
    outer loop
      vertex -16.5451 -17.9389 0
      vertex -14.9995 -16.9022 0
      vertex -16.8301 -17.5 0
    endloop
  endfacet
  facet normal 0 0 1
    outer loop
      vertex -14.9995 -16.9022 0
      vertex -15.0883 -16.7348 0
      vertex -16.8301 -17.5 0
    endloop
  endfacet
  facet normal 0 0 1
    outer loop
      vertex -16.8301 -17.5 0
      vertex -15.0883 -16.7348 0
      vertex -17.0677 -17.0337 0
    endloop
  endfacet
  facet normal 0 0 1
    outer loop
      vertex -14.7705 -14.7965 0
      vertex -17.5 15 0
      vertex -14.8932 -14.9409 0
    endloop
  endfacet
  facet normal 0 0 1
    outer loop
      vertex -17.5 15 0
      vertex -17.5 -15 0
      vertex -14.8932 -14.9409 0
    endloop
  endfacet
  facet normal 0 0 1
    outer loop
      vertex -14.8932 -14.9409 0
      vertex -17.5 -15 0
      vertex -14.9995 -15.0978 0
    endloop
  endfacet
  facet normal 0 0 1
    outer loop
      vertex -17.5 -15 0
      vertex -15.0883 -15.2652 0
      vertex -14.9995 -15.0978 0
    endloop
  endfacet
  facet normal 0 0 1
    outer loop
      vertex -15.0883 -16.7348 0
      vertex -15.1584 -16.5588 0
      vertex -17.0677 -17.0337 0
    endloop
  endfacet
  facet normal 0 0 1
    outer loop
      vertex -15.1584 -16.5588 0
      vertex -15.2091 -16.3762 0
      vertex -17.0677 -17.0337 0
    endloop
  endfacet
  facet normal 0 0 1
    outer loop
      vertex -17.0677 -17.0337 0
      vertex -15.2091 -16.3762 0
      vertex -17.2553 -16.5451 0
    endloop
  endfacet
  facet normal 0 0 1
    outer loop
      vertex -15.2091 -16.3762 0
      vertex -15.2397 -16.1892 0
      vertex -17.2553 -16.5451 0
    endloop
  endfacet
  facet normal 0 0 1
    outer loop
      vertex -17.2553 -16.5451 0
      vertex -15.2397 -16.1892 0
      vertex -17.3907 -16.0396 0
    endloop
  endfacet
  facet normal 0 0 1
    outer loop
      vertex -15.2397 -16.1892 0
      vertex -15.25 -16 0
      vertex -17.3907 -16.0396 0
    endloop
  endfacet
  facet normal 0 0 1
    outer loop
      vertex -17.3907 -16.0396 0
      vertex -15.25 -16 0
      vertex -17.4726 -15.5226 0
    endloop
  endfacet
  facet normal 0 0 1
    outer loop
      vertex -15.25 -16 0
      vertex -15.2397 -15.8108 0
      vertex -17.4726 -15.5226 0
    endloop
  endfacet
  facet normal 0 0 1
    outer loop
      vertex -17.4726 -15.5226 0
      vertex -15.2397 -15.8108 0
      vertex -17.5 -15 0
    endloop
  endfacet
  facet normal 0 0 1
    outer loop
      vertex -15.2397 -15.8108 0
      vertex -15.2091 -15.6238 0
      vertex -17.5 -15 0
    endloop
  endfacet
  facet normal 0 0 1
    outer loop
      vertex -17.5 -15 0
      vertex -15.2091 -15.6238 0
      vertex -15.1584 -15.4412 0
    endloop
  endfacet
  facet normal 0 0 1
    outer loop
      vertex -17.0677 17.0337 0
      vertex -15.1584 16.5588 0
      vertex -16.8301 17.5 0
    endloop
  endfacet
  facet normal 0 0 1
    outer loop
      vertex -15.1584 16.5588 0
      vertex -15.0883 16.7348 0
      vertex -16.8301 17.5 0
    endloop
  endfacet
  facet normal 0 0 1
    outer loop
      vertex -16.8301 17.5 0
      vertex -15.0883 16.7348 0
      vertex -16.5451 17.9389 0
    endloop
  endfacet
  facet normal 0 0 1
    outer loop
      vertex -15.0883 16.7348 0
      vertex -14.9995 16.9022 0
      vertex -16.5451 17.9389 0
    endloop
  endfacet
  facet normal 0 0 1
    outer loop
      vertex -16.5451 17.9389 0
      vertex -14.9995 16.9022 0
      vertex -16.2157 18.3457 0
    endloop
  endfacet
  facet normal 0 0 1
    outer loop
      vertex -14.9995 16.9022 0
      vertex -14.8932 17.0591 0
      vertex -16.2157 18.3457 0
    endloop
  endfacet
  facet normal 0 0 1
    outer loop
      vertex -14.8932 17.0591 0
      vertex -14.7705 17.2035 0
      vertex -16.2157 18.3457 0
    endloop
  endfacet
  facet normal 0 0 1
    outer loop
      vertex -16.2157 18.3457 0
      vertex -14.7705 17.2035 0
      vertex -15.8457 18.7157 0
    endloop
  endfacet
  facet normal 0 0 1
    outer loop
      vertex -14.7705 17.2035 0
      vertex -14.6329 17.3338 0
      vertex -15.8457 18.7157 0
    endloop
  endfacet
  facet normal 0 0 1
    outer loop
      vertex -15.8457 18.7157 0
      vertex -14.6329 17.3338 0
      vertex -15.4389 19.0451 0
    endloop
  endfacet
  facet normal 0 0 1
    outer loop
      vertex -14.6329 17.3338 0
      vertex -14.4821 17.4485 0
      vertex -15.4389 19.0451 0
    endloop
  endfacet
  facet normal 0 0 1
    outer loop
      vertex -15.4389 19.0451 0
      vertex -14.4821 17.4485 0
      vertex -15 19.3301 0
    endloop
  endfacet
  facet normal 0 0 1
    outer loop
      vertex -14.4821 17.4485 0
      vertex -14.3197 17.5461 0
      vertex -15 19.3301 0
    endloop
  endfacet
  facet normal 0 0 1
    outer loop
      vertex -14.3197 17.5461 0
      vertex -14.1477 17.6257 0
      vertex -15 19.3301 0
    endloop
  endfacet
  facet normal 0 0 1
    outer loop
      vertex -15 19.3301 0
      vertex -14.1477 17.6257 0
      vertex -14.5337 19.5677 0
    endloop
  endfacet
  facet normal 0 0 1
    outer loop
      vertex -14.1477 17.6257 0
      vertex -13.9682 17.6862 0
      vertex -14.5337 19.5677 0
    endloop
  endfacet
  facet normal 0 0 1
    outer loop
      vertex -14.5337 19.5677 0
      vertex -13.9682 17.6862 0
      vertex -14.0451 19.7553 0
    endloop
  endfacet
  facet normal 0 0 1
    outer loop
      vertex -13.9682 17.6862 0
      vertex -13.7831 17.7269 0
      vertex -14.0451 19.7553 0
    endloop
  endfacet
  facet normal 0 0 1
    outer loop
      vertex -14.0451 19.7553 0
      vertex -13.7831 17.7269 0
      vertex -13.5396 19.8907 0
    endloop
  endfacet
  facet normal 0 0 1
    outer loop
      vertex -13.7831 17.7269 0
      vertex -13.5947 17.7474 0
      vertex -13.5396 19.8907 0
    endloop
  endfacet
  facet normal 0 0 1
    outer loop
      vertex -13.5396 19.8907 0
      vertex -13.5947 17.7474 0
      vertex -13.0226 19.9726 0
    endloop
  endfacet
  facet normal 0 0 1
    outer loop
      vertex -12.5179 17.4485 0
      vertex -6.3 20 0
      vertex -12.6803 17.5461 0
    endloop
  endfacet
  facet normal 0 0 1
    outer loop
      vertex -6.3 20 0
      vertex -12.5 20 0
      vertex -12.6803 17.5461 0
    endloop
  endfacet
  facet normal 0 0 1
    outer loop
      vertex -12.6803 17.5461 0
      vertex -12.5 20 0
      vertex -12.8523 17.6257 0
    endloop
  endfacet
  facet normal 0 0 1
    outer loop
      vertex -12.6803 -17.5461 0
      vertex -12.8523 -17.6257 0
      vertex -12.5 -20 0
    endloop
  endfacet
  facet normal 0 0 1
    outer loop
      vertex -12.8523 -17.6257 0
      vertex -13.0318 -17.6862 0
      vertex -12.5 -20 0
    endloop
  endfacet
  facet normal 0 0 1
    outer loop
      vertex -12.5 -20 0
      vertex -13.0318 -17.6862 0
      vertex -13.0226 -19.9726 0
    endloop
  endfacet
  facet normal 0 0 1
    outer loop
      vertex -11.7603 16.1892 0
      vertex -11.75 16 0
      vertex -6.3 20 0
    endloop
  endfacet
  facet normal 0 0 1
    outer loop
      vertex -11.75 16 0
      vertex -11.7603 15.8108 0
      vertex -6.3 20 0
    endloop
  endfacet
  facet normal 0 0 1
    outer loop
      vertex -6.3 20 0
      vertex -11.7603 15.8108 0
      vertex -6.3 9 0
    endloop
  endfacet
  facet normal 0 0 1
    outer loop
      vertex -11.7603 15.8108 0
      vertex -11.7909 15.6238 0
      vertex -6.3 9 0
    endloop
  endfacet
  facet normal 0 0 1
    outer loop
      vertex -11.7909 15.6238 0
      vertex -11.8416 15.4412 0
      vertex -6.3 9 0
    endloop
  endfacet
  facet normal 0 0 1
    outer loop
      vertex -11.8416 15.4412 0
      vertex -11.9117 15.2652 0
      vertex -6.3 9 0
    endloop
  endfacet
  facet normal 0 0 1
    outer loop
      vertex -6.3 9 0
      vertex -11.9117 15.2652 0
      vertex -12.0005 15.0978 0
    endloop
  endfacet
  facet normal 0 0 1
    outer loop
      vertex -12.6803 14.4539 0
      vertex -9.53956 8.89074 0
      vertex -12.5179 14.5515 0
    endloop
  endfacet
  facet normal 0 0 1
    outer loop
      vertex -9.53956 8.89074 0
      vertex -9.02264 8.97261 0
      vertex -12.5179 14.5515 0
    endloop
  endfacet
  facet normal 0 0 1
    outer loop
      vertex -12.5179 14.5515 0
      vertex -9.02264 8.97261 0
      vertex -8.5 9 0
    endloop
  endfacet
  facet normal 0 0 1
    outer loop
      vertex -11.9117 -15.2652 0
      vertex -6.3 -9 0
      vertex -12.0005 -15.0978 0
    endloop
  endfacet
  facet normal 0 0 1
    outer loop
      vertex -6.3 -9 0
      vertex -12.1068 -14.9409 0
      vertex -12.0005 -15.0978 0
    endloop
  endfacet
  facet normal 0 0 1
    outer loop
      vertex -11.9117 -15.2652 0
      vertex -11.8416 -15.4412 0
      vertex -6.3 -9 0
    endloop
  endfacet
  facet normal 0 0 1
    outer loop
      vertex -11.8416 -15.4412 0
      vertex -11.7909 -15.6238 0
      vertex -6.3 -9 0
    endloop
  endfacet
  facet normal 0 0 1
    outer loop
      vertex -6.3 -9 0
      vertex -11.7909 -15.6238 0
      vertex -6.3 -20 0
    endloop
  endfacet
  facet normal 0 0 1
    outer loop
      vertex -11.7909 -15.6238 0
      vertex -11.7603 -15.8108 0
      vertex -6.3 -20 0
    endloop
  endfacet
  facet normal 0 0 1
    outer loop
      vertex -6.3 -20 0
      vertex -11.7603 -15.8108 0
      vertex -11.75 -16 0
    endloop
  endfacet
  facet normal 0 0 1
    outer loop
      vertex -15.0883 15.2652 0
      vertex -15.1584 15.4412 0
      vertex -17.5 15 0
    endloop
  endfacet
  facet normal 0 0 1
    outer loop
      vertex -15.1584 15.4412 0
      vertex -15.2091 15.6238 0
      vertex -17.5 15 0
    endloop
  endfacet
  facet normal 0 0 1
    outer loop
      vertex -17.5 15 0
      vertex -15.2091 15.6238 0
      vertex -17.4726 15.5226 0
    endloop
  endfacet
  facet normal 0 0 1
    outer loop
      vertex -15.2091 15.6238 0
      vertex -15.2397 15.8108 0
      vertex -17.4726 15.5226 0
    endloop
  endfacet
  facet normal 0 0 1
    outer loop
      vertex -17.4726 15.5226 0
      vertex -15.2397 15.8108 0
      vertex -17.3907 16.0396 0
    endloop
  endfacet
  facet normal 0 0 1
    outer loop
      vertex -15.2397 15.8108 0
      vertex -15.25 16 0
      vertex -17.3907 16.0396 0
    endloop
  endfacet
  facet normal 0 0 1
    outer loop
      vertex -17.3907 16.0396 0
      vertex -15.25 16 0
      vertex -17.2553 16.5451 0
    endloop
  endfacet
  facet normal 0 0 1
    outer loop
      vertex -15.25 16 0
      vertex -15.2397 16.1892 0
      vertex -17.2553 16.5451 0
    endloop
  endfacet
  facet normal 0 0 1
    outer loop
      vertex -17.2553 16.5451 0
      vertex -15.2397 16.1892 0
      vertex -17.0677 17.0337 0
    endloop
  endfacet
  facet normal 0 0 1
    outer loop
      vertex -15.2397 16.1892 0
      vertex -15.2091 16.3762 0
      vertex -17.0677 17.0337 0
    endloop
  endfacet
  facet normal 0 0 1
    outer loop
      vertex -17.0677 17.0337 0
      vertex -15.2091 16.3762 0
      vertex -15.1584 16.5588 0
    endloop
  endfacet
  facet normal 0 0 1
    outer loop
      vertex -13.5947 17.7474 0
      vertex -13.4053 17.7474 0
      vertex -13.0226 19.9726 0
    endloop
  endfacet
  facet normal 0 0 1
    outer loop
      vertex -13.4053 17.7474 0
      vertex -13.2169 17.7269 0
      vertex -13.0226 19.9726 0
    endloop
  endfacet
  facet normal 0 0 1
    outer loop
      vertex -13.0226 19.9726 0
      vertex -13.2169 17.7269 0
      vertex -12.5 20 0
    endloop
  endfacet
  facet normal 0 0 1
    outer loop
      vertex -13.2169 17.7269 0
      vertex -13.0318 17.6862 0
      vertex -12.5 20 0
    endloop
  endfacet
  facet normal 0 0 1
    outer loop
      vertex -12.5 20 0
      vertex -13.0318 17.6862 0
      vertex -12.8523 17.6257 0
    endloop
  endfacet
  facet normal 0 0 1
    outer loop
      vertex -13.0318 -17.6862 0
      vertex -13.2169 -17.7269 0
      vertex -13.0226 -19.9726 0
    endloop
  endfacet
  facet normal 0 0 1
    outer loop
      vertex -13.2169 -17.7269 0
      vertex -13.4053 -17.7474 0
      vertex -13.0226 -19.9726 0
    endloop
  endfacet
  facet normal 0 0 1
    outer loop
      vertex -13.0226 -19.9726 0
      vertex -13.4053 -17.7474 0
      vertex -13.5396 -19.8907 0
    endloop
  endfacet
  facet normal 0 0 1
    outer loop
      vertex -13.4053 -17.7474 0
      vertex -13.5947 -17.7474 0
      vertex -13.5396 -19.8907 0
    endloop
  endfacet
  facet normal 0 0 1
    outer loop
      vertex -13.5396 -19.8907 0
      vertex -13.5947 -17.7474 0
      vertex -14.0451 -19.7553 0
    endloop
  endfacet
  facet normal 0 0 1
    outer loop
      vertex -13.5947 -17.7474 0
      vertex -13.7831 -17.7269 0
      vertex -14.0451 -19.7553 0
    endloop
  endfacet
  facet normal 0 0 1
    outer loop
      vertex -14.0451 -19.7553 0
      vertex -13.7831 -17.7269 0
      vertex -14.5337 -19.5677 0
    endloop
  endfacet
  facet normal 0 0 1
    outer loop
      vertex -13.7831 -17.7269 0
      vertex -13.9682 -17.6862 0
      vertex -14.5337 -19.5677 0
    endloop
  endfacet
  facet normal 0 0 1
    outer loop
      vertex -14.5337 -19.5677 0
      vertex -13.9682 -17.6862 0
      vertex -15 -19.3301 0
    endloop
  endfacet
  facet normal 0 0 1
    outer loop
      vertex -13.9682 -17.6862 0
      vertex -14.1477 -17.6257 0
      vertex -15 -19.3301 0
    endloop
  endfacet
  facet normal 0 0 1
    outer loop
      vertex -14.1477 -17.6257 0
      vertex -14.3197 -17.5461 0
      vertex -15 -19.3301 0
    endloop
  endfacet
  facet normal 0 0 1
    outer loop
      vertex -15 -19.3301 0
      vertex -14.3197 -17.5461 0
      vertex -15.4389 -19.0451 0
    endloop
  endfacet
  facet normal 0 0 1
    outer loop
      vertex -14.3197 -17.5461 0
      vertex -14.4821 -17.4485 0
      vertex -15.4389 -19.0451 0
    endloop
  endfacet
  facet normal 0 0 1
    outer loop
      vertex -15.4389 -19.0451 0
      vertex -14.4821 -17.4485 0
      vertex -15.8457 -18.7157 0
    endloop
  endfacet
  facet normal 0 0 1
    outer loop
      vertex -14.4821 -17.4485 0
      vertex -14.6329 -17.3338 0
      vertex -15.8457 -18.7157 0
    endloop
  endfacet
  facet normal 0 0 1
    outer loop
      vertex -15.8457 -18.7157 0
      vertex -14.6329 -17.3338 0
      vertex -16.2157 -18.3457 0
    endloop
  endfacet
  facet normal 0 0 1
    outer loop
      vertex -14.6329 -17.3338 0
      vertex -14.7705 -17.2035 0
      vertex -16.2157 -18.3457 0
    endloop
  endfacet
  facet normal 0 0 1
    outer loop
      vertex -16.2157 -18.3457 0
      vertex -14.7705 -17.2035 0
      vertex -14.8932 -17.0591 0
    endloop
  endfacet
  facet normal 0 0 1
    outer loop
      vertex -12.0005 15.0978 0
      vertex -12.1068 14.9409 0
      vertex -6.3 9 0
    endloop
  endfacet
  facet normal 0 0 1
    outer loop
      vertex -12.1068 14.9409 0
      vertex -12.2295 14.7965 0
      vertex -6.3 9 0
    endloop
  endfacet
  facet normal 0 0 1
    outer loop
      vertex -6.3 9 0
      vertex -12.2295 14.7965 0
      vertex -8.5 9 0
    endloop
  endfacet
  facet normal 0 0 1
    outer loop
      vertex -12.2295 14.7965 0
      vertex -12.3671 14.6662 0
      vertex -8.5 9 0
    endloop
  endfacet
  facet normal 0 0 1
    outer loop
      vertex -8.5 9 0
      vertex -12.3671 14.6662 0
      vertex -12.5179 14.5515 0
    endloop
  endfacet
  facet normal 0 0 1
    outer loop
      vertex -14.3197 -14.4539 0
      vertex -14.1477 -14.3743 0
      vertex -14.1477 14.3743 0
    endloop
  endfacet
  facet normal 0 0 1
    outer loop
      vertex -14.3197 14.4539 0
      vertex -14.4821 14.5515 0
      vertex -14.7705 -14.7965 0
    endloop
  endfacet
  facet normal 0 0 1
    outer loop
      vertex -14.4821 14.5515 0
      vertex -14.6329 14.6662 0
      vertex -14.7705 -14.7965 0
    endloop
  endfacet
  facet normal 0 0 1
    outer loop
      vertex -14.7705 -14.7965 0
      vertex -14.6329 14.6662 0
      vertex -17.5 15 0
    endloop
  endfacet
  facet normal 0 0 1
    outer loop
      vertex -14.6329 14.6662 0
      vertex -14.7705 14.7965 0
      vertex -17.5 15 0
    endloop
  endfacet
  facet normal 0 0 1
    outer loop
      vertex -17.5 15 0
      vertex -14.7705 14.7965 0
      vertex -14.8932 14.9409 0
    endloop
  endfacet
  facet normal 0 0 1
    outer loop
      vertex -14.3197 -14.4539 0
      vertex -14.1477 14.3743 0
      vertex -14.4821 -14.5515 0
    endloop
  endfacet
  facet normal 0 0 1
    outer loop
      vertex -14.3197 14.4539 0
      vertex -14.7705 -14.7965 0
      vertex -14.1477 14.3743 0
    endloop
  endfacet
  facet normal 0 0 1
    outer loop
      vertex -14.7705 -14.7965 0
      vertex -14.6329 -14.6662 0
      vertex -14.1477 14.3743 0
    endloop
  endfacet
  facet normal 0 0 1
    outer loop
      vertex -14.1477 14.3743 0
      vertex -14.6329 -14.6662 0
      vertex -14.4821 -14.5515 0
    endloop
  endfacet
  facet normal 0 0 1
    outer loop
      vertex -14.1477 -14.3743 0
      vertex -13.9682 -14.3138 0
      vertex -14.1477 14.3743 0
    endloop
  endfacet
  facet normal 0 0 1
    outer loop
      vertex -13.9682 -14.3138 0
      vertex -13.7831 -14.2731 0
      vertex -14.1477 14.3743 0
    endloop
  endfacet
  facet normal 0 0 1
    outer loop
      vertex -14.1477 14.3743 0
      vertex -13.7831 -14.2731 0
      vertex -13.9682 14.3138 0
    endloop
  endfacet
  facet normal 0 0 1
    outer loop
      vertex -13.0318 -14.3138 0
      vertex -12.8523 -14.3743 0
      vertex -10.5337 -8.56773 0
    endloop
  endfacet
  facet normal 0 0 1
    outer loop
      vertex -10.5337 -8.56773 0
      vertex -12.8523 -14.3743 0
      vertex -10.0451 -8.75528 0
    endloop
  endfacet
  facet normal 0 0 1
    outer loop
      vertex -12.8523 -14.3743 0
      vertex -12.6803 -14.4539 0
      vertex -10.0451 -8.75528 0
    endloop
  endfacet
  facet normal 0 0 1
    outer loop
      vertex -10.0451 -8.75528 0
      vertex -12.6803 -14.4539 0
      vertex -9.53956 -8.89074 0
    endloop
  endfacet
  facet normal 0 0 1
    outer loop
      vertex -12.2157 -7.34565 0
      vertex -12.5451 -6.93893 0
      vertex -13.2169 -14.2731 0
    endloop
  endfacet
  facet normal 0 0 1
    outer loop
      vertex -10.5337 -8.56773 0
      vertex -11 -8.33013 0
      vertex -13.0318 -14.3138 0
    endloop
  endfacet
  facet normal 0 0 1
    outer loop
      vertex -11 -8.33013 0
      vertex -11.4389 -8.04508 0
      vertex -13.0318 -14.3138 0
    endloop
  endfacet
  facet normal 0 0 1
    outer loop
      vertex -13.0318 -14.3138 0
      vertex -11.4389 -8.04508 0
      vertex -13.2169 -14.2731 0
    endloop
  endfacet
  facet normal 0 0 1
    outer loop
      vertex -11.4389 -8.04508 0
      vertex -11.8457 -7.71572 0
      vertex -13.2169 -14.2731 0
    endloop
  endfacet
  facet normal 0 0 1
    outer loop
      vertex -13.2169 -14.2731 0
      vertex -11.8457 -7.71572 0
      vertex -12.2157 -7.34565 0
    endloop
  endfacet
  facet normal 0 0 1
    outer loop
      vertex -9.53956 -8.89074 0
      vertex -12.6803 -14.4539 0
      vertex -9.02264 -8.97261 0
    endloop
  endfacet
  facet normal 0 0 1
    outer loop
      vertex -12.6803 -14.4539 0
      vertex -12.5179 -14.5515 0
      vertex -9.02264 -8.97261 0
    endloop
  endfacet
  facet normal 0 0 1
    outer loop
      vertex -9.02264 -8.97261 0
      vertex -12.5179 -14.5515 0
      vertex -8.5 -9 0
    endloop
  endfacet
  facet normal 0 0 1
    outer loop
      vertex -12.5179 -14.5515 0
      vertex -12.3671 -14.6662 0
      vertex -8.5 -9 0
    endloop
  endfacet
  facet normal 0 0 1
    outer loop
      vertex -8.5 -9 0
      vertex -12.3671 -14.6662 0
      vertex -6.3 -9 0
    endloop
  endfacet
  facet normal 0 0 1
    outer loop
      vertex -12.3671 -14.6662 0
      vertex -12.2295 -14.7965 0
      vertex -6.3 -9 0
    endloop
  endfacet
  facet normal 0 0 1
    outer loop
      vertex -6.3 -9 0
      vertex -12.2295 -14.7965 0
      vertex -12.1068 -14.9409 0
    endloop
  endfacet
  facet normal 0 0 1
    outer loop
      vertex -13.0677 6.03368 0
      vertex -12.8301 6.5 0
      vertex -13.4053 14.2526 0
    endloop
  endfacet
  facet normal 0 0 1
    outer loop
      vertex -12.8301 6.5 0
      vertex -12.5451 6.93893 0
      vertex -13.4053 14.2526 0
    endloop
  endfacet
  facet normal 0 0 1
    outer loop
      vertex -13.4053 14.2526 0
      vertex -12.5451 6.93893 0
      vertex -13.2169 14.2731 0
    endloop
  endfacet
  facet normal 0 0 1
    outer loop
      vertex -13.0677 6.03368 0
      vertex -13.4053 14.2526 0
      vertex -13.2553 5.54508 0
    endloop
  endfacet
  facet normal 0 0 1
    outer loop
      vertex -13.4053 14.2526 0
      vertex -13.5947 14.2526 0
      vertex -13.2553 5.54508 0
    endloop
  endfacet
  facet normal 0 0 1
    outer loop
      vertex -13.2553 5.54508 0
      vertex -13.5947 14.2526 0
      vertex -13.3907 5.03956 0
    endloop
  endfacet
  facet normal 0 0 1
    outer loop
      vertex -13.0318 14.3138 0
      vertex -11 8.33013 0
      vertex -12.8523 14.3743 0
    endloop
  endfacet
  facet normal 0 0 1
    outer loop
      vertex -11 8.33013 0
      vertex -10.5337 8.56773 0
      vertex -12.8523 14.3743 0
    endloop
  endfacet
  facet normal 0 0 1
    outer loop
      vertex -12.8523 14.3743 0
      vertex -10.5337 8.56773 0
      vertex -12.6803 14.4539 0
    endloop
  endfacet
  facet normal 0 0 1
    outer loop
      vertex -10.5337 8.56773 0
      vertex -10.0451 8.75528 0
      vertex -12.6803 14.4539 0
    endloop
  endfacet
  facet normal 0 0 1
    outer loop
      vertex -12.6803 14.4539 0
      vertex -10.0451 8.75528 0
      vertex -9.53956 8.89074 0
    endloop
  endfacet
  facet normal 0 0 1
    outer loop
      vertex -12.5451 6.93893 0
      vertex -12.2157 7.34565 0
      vertex -13.2169 14.2731 0
    endloop
  endfacet
  facet normal 0 0 1
    outer loop
      vertex -12.2157 7.34565 0
      vertex -11.8457 7.71572 0
      vertex -13.2169 14.2731 0
    endloop
  endfacet
  facet normal 0 0 1
    outer loop
      vertex -13.2169 14.2731 0
      vertex -11.8457 7.71572 0
      vertex -13.0318 14.3138 0
    endloop
  endfacet
  facet normal 0 0 1
    outer loop
      vertex -11.8457 7.71572 0
      vertex -11.4389 8.04508 0
      vertex -13.0318 14.3138 0
    endloop
  endfacet
  facet normal 0 0 1
    outer loop
      vertex -13.0318 14.3138 0
      vertex -11.4389 8.04508 0
      vertex -11 8.33013 0
    endloop
  endfacet
  facet normal 0 0 1
    outer loop
      vertex -12.5451 -6.93893 0
      vertex -12.8301 -6.5 0
      vertex -13.2169 -14.2731 0
    endloop
  endfacet
  facet normal 0 0 1
    outer loop
      vertex -12.8301 -6.5 0
      vertex -13.0677 -6.03368 0
      vertex -13.2169 -14.2731 0
    endloop
  endfacet
  facet normal 0 0 1
    outer loop
      vertex -13.2169 -14.2731 0
      vertex -13.0677 -6.03368 0
      vertex -13.4053 -14.2526 0
    endloop
  endfacet
  facet normal 0 0 1
    outer loop
      vertex -13.0677 -6.03368 0
      vertex -13.2553 -5.54508 0
      vertex -13.4053 -14.2526 0
    endloop
  endfacet
  facet normal 0 0 1
    outer loop
      vertex -13.4053 -14.2526 0
      vertex -13.2553 -5.54508 0
      vertex -13.5947 -14.2526 0
    endloop
  endfacet
  facet normal 0 0 1
    outer loop
      vertex -13.2553 -5.54508 0
      vertex -13.3907 -5.03956 0
      vertex -13.5947 -14.2526 0
    endloop
  endfacet
  facet normal 0 0 1
    outer loop
      vertex -13.5947 -14.2526 0
      vertex -13.3907 -5.03956 0
      vertex -13.4726 -4.52264 0
    endloop
  endfacet
  facet normal 0 0 1
    outer loop
      vertex -13.5 -4 0
      vertex -13.5 4 0
      vertex -13.5947 14.2526 0
    endloop
  endfacet
  facet normal 0 0 1
    outer loop
      vertex -13.5 4 0
      vertex -13.4726 4.52264 0
      vertex -13.5947 14.2526 0
    endloop
  endfacet
  facet normal 0 0 1
    outer loop
      vertex -13.5947 14.2526 0
      vertex -13.4726 4.52264 0
      vertex -13.3907 5.03956 0
    endloop
  endfacet
  facet normal 0 0 1
    outer loop
      vertex -13.4726 -4.52264 0
      vertex -13.5 -4 0
      vertex -13.5947 -14.2526 0
    endloop
  endfacet
  facet normal 0 0 1
    outer loop
      vertex -13.5 -4 0
      vertex -13.5947 14.2526 0
      vertex -13.5947 -14.2526 0
    endloop
  endfacet
  facet normal 0 0 1
    outer loop
      vertex -13.5947 -14.2526 0
      vertex -13.5947 14.2526 0
      vertex -13.7831 -14.2731 0
    endloop
  endfacet
  facet normal 0 0 1
    outer loop
      vertex -13.5947 14.2526 0
      vertex -13.7831 14.2731 0
      vertex -13.7831 -14.2731 0
    endloop
  endfacet
  facet normal 0 0 1
    outer loop
      vertex -13.7831 -14.2731 0
      vertex -13.7831 14.2731 0
      vertex -13.9682 14.3138 0
    endloop
  endfacet
  facet normal -0.998533 -0.0541388 0
    outer loop
      vertex 15.25 16 -10
      vertex 15.25 16 0
      vertex 15.2397 16.1892 -10
    endloop
  endfacet
  facet normal -0.998533 -0.0541388 0
    outer loop
      vertex 15.25 16 0
      vertex 15.2397 16.1892 0
      vertex 15.2397 16.1892 -10
    endloop
  endfacet
  facet normal -0.986827 -0.161781 0
    outer loop
      vertex 15.2397 16.1892 -10
      vertex 15.2397 16.1892 0
      vertex 15.2091 16.3762 -10
    endloop
  endfacet
  facet normal -0.986827 -0.161781 0
    outer loop
      vertex 15.2397 16.1892 0
      vertex 15.2091 16.3762 0
      vertex 15.2091 16.3762 -10
    endloop
  endfacet
  facet normal -0.96355 -0.267529 0
    outer loop
      vertex 15.2091 16.3762 -10
      vertex 15.2091 16.3762 0
      vertex 15.1584 16.5588 -10
    endloop
  endfacet
  facet normal -0.96355 -0.267529 0
    outer loop
      vertex 15.2091 16.3762 0
      vertex 15.1584 16.5588 0
      vertex 15.1584 16.5588 -10
    endloop
  endfacet
  facet normal -0.928978 -0.370136 0
    outer loop
      vertex 15.1584 16.5588 -10
      vertex 15.1584 16.5588 0
      vertex 15.0883 16.7348 -10
    endloop
  endfacet
  facet normal -0.928978 -0.370136 0
    outer loop
      vertex 15.1584 16.5588 0
      vertex 15.0883 16.7348 0
      vertex 15.0883 16.7348 -10
    endloop
  endfacet
  facet normal -0.883511 -0.46841 0
    outer loop
      vertex 15.0883 16.7348 -10
      vertex 15.0883 16.7348 0
      vertex 14.9995 16.9022 -10
    endloop
  endfacet
  facet normal -0.883511 -0.46841 0
    outer loop
      vertex 15.0883 16.7348 0
      vertex 14.9995 16.9022 0
      vertex 14.9995 16.9022 -10
    endloop
  endfacet
  facet normal -0.827687 -0.56119 0
    outer loop
      vertex 14.9995 16.9022 -10
      vertex 14.9995 16.9022 0
      vertex 14.8932 17.0591 -10
    endloop
  endfacet
  facet normal -0.827687 -0.56119 0
    outer loop
      vertex 14.9995 16.9022 0
      vertex 14.8932 17.0591 0
      vertex 14.8932 17.0591 -10
    endloop
  endfacet
  facet normal -0.762164 -0.647384 0
    outer loop
      vertex 14.8932 17.0591 -10
      vertex 14.8932 17.0591 0
      vertex 14.7705 17.2035 -10
    endloop
  endfacet
  facet normal -0.762164 -0.647384 0
    outer loop
      vertex 14.8932 17.0591 0
      vertex 14.7705 17.2035 0
      vertex 14.7705 17.2035 -10
    endloop
  endfacet
  facet normal -0.687699 -0.725996 0
    outer loop
      vertex 14.7705 17.2035 -10
      vertex 14.7705 17.2035 0
      vertex 14.6329 17.3338 -10
    endloop
  endfacet
  facet normal -0.687699 -0.725996 0
    outer loop
      vertex 14.7705 17.2035 0
      vertex 14.6329 17.3338 0
      vertex 14.6329 17.3338 -10
    endloop
  endfacet
  facet normal -0.605172 -0.796095 0
    outer loop
      vertex 14.6329 17.3338 -10
      vertex 14.6329 17.3338 0
      vertex 14.4821 17.4485 -10
    endloop
  endfacet
  facet normal -0.605172 -0.796095 0
    outer loop
      vertex 14.6329 17.3338 0
      vertex 14.4821 17.4485 0
      vertex 14.4821 17.4485 -10
    endloop
  endfacet
  facet normal -0.515554 -0.856857 0
    outer loop
      vertex 14.4821 17.4485 -10
      vertex 14.4821 17.4485 0
      vertex 14.3197 17.5461 -10
    endloop
  endfacet
  facet normal -0.515554 -0.856857 0
    outer loop
      vertex 14.4821 17.4485 0
      vertex 14.3197 17.5461 0
      vertex 14.3197 17.5461 -10
    endloop
  endfacet
  facet normal -0.419895 -0.907573 0
    outer loop
      vertex 14.3197 17.5461 -10
      vertex 14.3197 17.5461 0
      vertex 14.1477 17.6257 -10
    endloop
  endfacet
  facet normal -0.419895 -0.907573 0
    outer loop
      vertex 14.3197 17.5461 0
      vertex 14.1477 17.6257 0
      vertex 14.1477 17.6257 -10
    endloop
  endfacet
  facet normal -0.319297 -0.947655 0
    outer loop
      vertex 14.1477 17.6257 -10
      vertex 14.1477 17.6257 0
      vertex 13.9682 17.6862 -10
    endloop
  endfacet
  facet normal -0.319297 -0.947655 0
    outer loop
      vertex 14.1477 17.6257 0
      vertex 13.9682 17.6862 0
      vertex 13.9682 17.6862 -10
    endloop
  endfacet
  facet normal -0.214972 -0.97662 0
    outer loop
      vertex 13.9682 17.6862 -10
      vertex 13.9682 17.6862 0
      vertex 13.7831 17.7269 -10
    endloop
  endfacet
  facet normal -0.214972 -0.97662 0
    outer loop
      vertex 13.9682 17.6862 0
      vertex 13.7831 17.7269 0
      vertex 13.7831 17.7269 -10
    endloop
  endfacet
  facet normal -0.10812 -0.994138 0
    outer loop
      vertex 13.7831 17.7269 -10
      vertex 13.7831 17.7269 0
      vertex 13.5947 17.7474 -10
    endloop
  endfacet
  facet normal -0.10812 -0.994138 0
    outer loop
      vertex 13.7831 17.7269 0
      vertex 13.5947 17.7474 0
      vertex 13.5947 17.7474 -10
    endloop
  endfacet
  facet normal 0 -1 0
    outer loop
      vertex 13.5947 17.7474 -10
      vertex 13.5947 17.7474 0
      vertex 13.4053 17.7474 -10
    endloop
  endfacet
  facet normal 0 -1 0
    outer loop
      vertex 13.5947 17.7474 0
      vertex 13.4053 17.7474 0
      vertex 13.4053 17.7474 -10
    endloop
  endfacet
  facet normal 0.10812 -0.994138 0
    outer loop
      vertex 13.4053 17.7474 -10
      vertex 13.4053 17.7474 0
      vertex 13.2169 17.7269 -10
    endloop
  endfacet
  facet normal 0.10812 -0.994138 0
    outer loop
      vertex 13.4053 17.7474 0
      vertex 13.2169 17.7269 0
      vertex 13.2169 17.7269 -10
    endloop
  endfacet
  facet normal 0.214972 -0.97662 0
    outer loop
      vertex 13.2169 17.7269 -10
      vertex 13.2169 17.7269 0
      vertex 13.0318 17.6862 -10
    endloop
  endfacet
  facet normal 0.214972 -0.97662 0
    outer loop
      vertex 13.2169 17.7269 0
      vertex 13.0318 17.6862 0
      vertex 13.0318 17.6862 -10
    endloop
  endfacet
  facet normal 0.319297 -0.947655 0
    outer loop
      vertex 13.0318 17.6862 -10
      vertex 13.0318 17.6862 0
      vertex 12.8523 17.6257 -10
    endloop
  endfacet
  facet normal 0.319297 -0.947655 0
    outer loop
      vertex 13.0318 17.6862 0
      vertex 12.8523 17.6257 0
      vertex 12.8523 17.6257 -10
    endloop
  endfacet
  facet normal 0.419897 -0.907572 0
    outer loop
      vertex 12.8523 17.6257 -10
      vertex 12.8523 17.6257 0
      vertex 12.6803 17.5461 -10
    endloop
  endfacet
  facet normal 0.419897 -0.907572 0
    outer loop
      vertex 12.8523 17.6257 0
      vertex 12.6803 17.5461 0
      vertex 12.6803 17.5461 -10
    endloop
  endfacet
  facet normal 0.515552 -0.856858 0
    outer loop
      vertex 12.6803 17.5461 -10
      vertex 12.6803 17.5461 0
      vertex 12.5179 17.4485 -10
    endloop
  endfacet
  facet normal 0.515552 -0.856858 0
    outer loop
      vertex 12.6803 17.5461 0
      vertex 12.5179 17.4485 0
      vertex 12.5179 17.4485 -10
    endloop
  endfacet
  facet normal 0.605174 -0.796093 0
    outer loop
      vertex 12.5179 17.4485 -10
      vertex 12.5179 17.4485 0
      vertex 12.3671 17.3338 -10
    endloop
  endfacet
  facet normal 0.605174 -0.796093 0
    outer loop
      vertex 12.5179 17.4485 0
      vertex 12.3671 17.3338 0
      vertex 12.3671 17.3338 -10
    endloop
  endfacet
  facet normal 0.687696 -0.725999 0
    outer loop
      vertex 12.3671 17.3338 -10
      vertex 12.3671 17.3338 0
      vertex 12.2295 17.2035 -10
    endloop
  endfacet
  facet normal 0.687696 -0.725999 0
    outer loop
      vertex 12.3671 17.3338 0
      vertex 12.2295 17.2035 0
      vertex 12.2295 17.2035 -10
    endloop
  endfacet
  facet normal 0.762164 -0.647384 0
    outer loop
      vertex 12.2295 17.2035 -10
      vertex 12.2295 17.2035 0
      vertex 12.1068 17.0591 -10
    endloop
  endfacet
  facet normal 0.762164 -0.647384 0
    outer loop
      vertex 12.2295 17.2035 0
      vertex 12.1068 17.0591 0
      vertex 12.1068 17.0591 -10
    endloop
  endfacet
  facet normal 0.827689 -0.561187 0
    outer loop
      vertex 12.1068 17.0591 -10
      vertex 12.1068 17.0591 0
      vertex 12.0005 16.9022 -10
    endloop
  endfacet
  facet normal 0.827689 -0.561187 0
    outer loop
      vertex 12.1068 17.0591 0
      vertex 12.0005 16.9022 0
      vertex 12.0005 16.9022 -10
    endloop
  endfacet
  facet normal 0.883511 -0.46841 0
    outer loop
      vertex 12.0005 16.9022 -10
      vertex 12.0005 16.9022 0
      vertex 11.9117 16.7348 -10
    endloop
  endfacet
  facet normal 0.883511 -0.46841 0
    outer loop
      vertex 12.0005 16.9022 0
      vertex 11.9117 16.7348 0
      vertex 11.9117 16.7348 -10
    endloop
  endfacet
  facet normal 0.928978 -0.370136 0
    outer loop
      vertex 11.9117 16.7348 -10
      vertex 11.9117 16.7348 0
      vertex 11.8416 16.5588 -10
    endloop
  endfacet
  facet normal 0.928978 -0.370136 0
    outer loop
      vertex 11.9117 16.7348 0
      vertex 11.8416 16.5588 0
      vertex 11.8416 16.5588 -10
    endloop
  endfacet
  facet normal 0.96355 -0.267529 0
    outer loop
      vertex 11.8416 16.5588 -10
      vertex 11.8416 16.5588 0
      vertex 11.7909 16.3762 -10
    endloop
  endfacet
  facet normal 0.96355 -0.267529 0
    outer loop
      vertex 11.8416 16.5588 0
      vertex 11.7909 16.3762 0
      vertex 11.7909 16.3762 -10
    endloop
  endfacet
  facet normal 0.986826 -0.161786 0
    outer loop
      vertex 11.7909 16.3762 -10
      vertex 11.7909 16.3762 0
      vertex 11.7603 16.1892 -10
    endloop
  endfacet
  facet normal 0.986826 -0.161786 0
    outer loop
      vertex 11.7909 16.3762 0
      vertex 11.7603 16.1892 0
      vertex 11.7603 16.1892 -10
    endloop
  endfacet
  facet normal 0.998533 -0.0541388 0
    outer loop
      vertex 11.7603 16.1892 -10
      vertex 11.7603 16.1892 0
      vertex 11.75 16 -10
    endloop
  endfacet
  facet normal 0.998533 -0.0541388 0
    outer loop
      vertex 11.7603 16.1892 0
      vertex 11.75 16 0
      vertex 11.75 16 -10
    endloop
  endfacet
  facet normal 0.998533 0.0541383 0
    outer loop
      vertex 11.75 16 -10
      vertex 11.75 16 0
      vertex 11.7603 15.8108 -10
    endloop
  endfacet
  facet normal 0.998533 0.0541383 0
    outer loop
      vertex 11.75 16 0
      vertex 11.7603 15.8108 0
      vertex 11.7603 15.8108 -10
    endloop
  endfacet
  facet normal 0.986826 0.161787 0
    outer loop
      vertex 11.7603 15.8108 -10
      vertex 11.7603 15.8108 0
      vertex 11.7909 15.6238 -10
    endloop
  endfacet
  facet normal 0.986826 0.161787 0
    outer loop
      vertex 11.7603 15.8108 0
      vertex 11.7909 15.6238 0
      vertex 11.7909 15.6238 -10
    endloop
  endfacet
  facet normal 0.96355 0.267528 0
    outer loop
      vertex 11.7909 15.6238 -10
      vertex 11.7909 15.6238 0
      vertex 11.8416 15.4412 -10
    endloop
  endfacet
  facet normal 0.96355 0.267528 0
    outer loop
      vertex 11.7909 15.6238 0
      vertex 11.8416 15.4412 0
      vertex 11.8416 15.4412 -10
    endloop
  endfacet
  facet normal 0.928977 0.370138 0
    outer loop
      vertex 11.8416 15.4412 -10
      vertex 11.8416 15.4412 0
      vertex 11.9117 15.2652 -10
    endloop
  endfacet
  facet normal 0.928977 0.370138 0
    outer loop
      vertex 11.8416 15.4412 0
      vertex 11.9117 15.2652 0
      vertex 11.9117 15.2652 -10
    endloop
  endfacet
  facet normal 0.883511 0.46841 0
    outer loop
      vertex 11.9117 15.2652 -10
      vertex 11.9117 15.2652 0
      vertex 12.0005 15.0978 -10
    endloop
  endfacet
  facet normal 0.883511 0.46841 0
    outer loop
      vertex 11.9117 15.2652 0
      vertex 12.0005 15.0978 0
      vertex 12.0005 15.0978 -10
    endloop
  endfacet
  facet normal 0.827691 0.561185 0
    outer loop
      vertex 12.0005 15.0978 -10
      vertex 12.0005 15.0978 0
      vertex 12.1068 14.9409 -10
    endloop
  endfacet
  facet normal 0.827691 0.561185 0
    outer loop
      vertex 12.0005 15.0978 0
      vertex 12.1068 14.9409 0
      vertex 12.1068 14.9409 -10
    endloop
  endfacet
  facet normal 0.762162 0.647387 0
    outer loop
      vertex 12.1068 14.9409 -10
      vertex 12.1068 14.9409 0
      vertex 12.2295 14.7965 -10
    endloop
  endfacet
  facet normal 0.762162 0.647387 0
    outer loop
      vertex 12.1068 14.9409 0
      vertex 12.2295 14.7965 0
      vertex 12.2295 14.7965 -10
    endloop
  endfacet
  facet normal 0.687699 0.725996 0
    outer loop
      vertex 12.2295 14.7965 -10
      vertex 12.2295 14.7965 0
      vertex 12.3671 14.6662 -10
    endloop
  endfacet
  facet normal 0.687699 0.725996 0
    outer loop
      vertex 12.2295 14.7965 0
      vertex 12.3671 14.6662 0
      vertex 12.3671 14.6662 -10
    endloop
  endfacet
  facet normal 0.605174 0.796093 0
    outer loop
      vertex 12.3671 14.6662 -10
      vertex 12.3671 14.6662 0
      vertex 12.5179 14.5515 -10
    endloop
  endfacet
  facet normal 0.605174 0.796093 0
    outer loop
      vertex 12.3671 14.6662 0
      vertex 12.5179 14.5515 0
      vertex 12.5179 14.5515 -10
    endloop
  endfacet
  facet normal 0.515556 0.856856 0
    outer loop
      vertex 12.5179 14.5515 -10
      vertex 12.5179 14.5515 0
      vertex 12.6803 14.4539 -10
    endloop
  endfacet
  facet normal 0.515556 0.856856 0
    outer loop
      vertex 12.5179 14.5515 0
      vertex 12.6803 14.4539 0
      vertex 12.6803 14.4539 -10
    endloop
  endfacet
  facet normal 0.419889 0.907575 0
    outer loop
      vertex 12.6803 14.4539 -10
      vertex 12.6803 14.4539 0
      vertex 12.8523 14.3743 -10
    endloop
  endfacet
  facet normal 0.419889 0.907575 0
    outer loop
      vertex 12.6803 14.4539 0
      vertex 12.8523 14.3743 0
      vertex 12.8523 14.3743 -10
    endloop
  endfacet
  facet normal 0.319302 0.947653 0
    outer loop
      vertex 12.8523 14.3743 -10
      vertex 12.8523 14.3743 0
      vertex 13.0318 14.3138 -10
    endloop
  endfacet
  facet normal 0.319302 0.947653 0
    outer loop
      vertex 12.8523 14.3743 0
      vertex 13.0318 14.3138 0
      vertex 13.0318 14.3138 -10
    endloop
  endfacet
  facet normal 0.214968 0.976621 0
    outer loop
      vertex 13.0318 14.3138 -10
      vertex 13.0318 14.3138 0
      vertex 13.2169 14.2731 -10
    endloop
  endfacet
  facet normal 0.214968 0.976621 0
    outer loop
      vertex 13.0318 14.3138 0
      vertex 13.2169 14.2731 0
      vertex 13.2169 14.2731 -10
    endloop
  endfacet
  facet normal 0.10812 0.994138 0
    outer loop
      vertex 13.2169 14.2731 -10
      vertex 13.2169 14.2731 0
      vertex 13.4053 14.2526 -10
    endloop
  endfacet
  facet normal 0.10812 0.994138 0
    outer loop
      vertex 13.2169 14.2731 0
      vertex 13.4053 14.2526 0
      vertex 13.4053 14.2526 -10
    endloop
  endfacet
  facet normal 0 1 0
    outer loop
      vertex 13.4053 14.2526 -10
      vertex 13.4053 14.2526 0
      vertex 13.5947 14.2526 -10
    endloop
  endfacet
  facet normal 0 1 0
    outer loop
      vertex 13.4053 14.2526 0
      vertex 13.5947 14.2526 0
      vertex 13.5947 14.2526 -10
    endloop
  endfacet
  facet normal -0.10812 0.994138 0
    outer loop
      vertex 13.5947 14.2526 -10
      vertex 13.5947 14.2526 0
      vertex 13.7831 14.2731 -10
    endloop
  endfacet
  facet normal -0.10812 0.994138 0
    outer loop
      vertex 13.5947 14.2526 0
      vertex 13.7831 14.2731 0
      vertex 13.7831 14.2731 -10
    endloop
  endfacet
  facet normal -0.214968 0.976621 0
    outer loop
      vertex 13.7831 14.2731 -10
      vertex 13.7831 14.2731 0
      vertex 13.9682 14.3138 -10
    endloop
  endfacet
  facet normal -0.214968 0.976621 0
    outer loop
      vertex 13.7831 14.2731 0
      vertex 13.9682 14.3138 0
      vertex 13.9682 14.3138 -10
    endloop
  endfacet
  facet normal -0.319302 0.947653 0
    outer loop
      vertex 13.9682 14.3138 -10
      vertex 13.9682 14.3138 0
      vertex 14.1477 14.3743 -10
    endloop
  endfacet
  facet normal -0.319302 0.947653 0
    outer loop
      vertex 13.9682 14.3138 0
      vertex 14.1477 14.3743 0
      vertex 14.1477 14.3743 -10
    endloop
  endfacet
  facet normal -0.419887 0.907576 0
    outer loop
      vertex 14.1477 14.3743 -10
      vertex 14.1477 14.3743 0
      vertex 14.3197 14.4539 -10
    endloop
  endfacet
  facet normal -0.419887 0.907576 0
    outer loop
      vertex 14.1477 14.3743 0
      vertex 14.3197 14.4539 0
      vertex 14.3197 14.4539 -10
    endloop
  endfacet
  facet normal -0.515558 0.856855 0
    outer loop
      vertex 14.3197 14.4539 -10
      vertex 14.3197 14.4539 0
      vertex 14.4821 14.5515 -10
    endloop
  endfacet
  facet normal -0.515558 0.856855 0
    outer loop
      vertex 14.3197 14.4539 0
      vertex 14.4821 14.5515 0
      vertex 14.4821 14.5515 -10
    endloop
  endfacet
  facet normal -0.605172 0.796095 0
    outer loop
      vertex 14.4821 14.5515 -10
      vertex 14.4821 14.5515 0
      vertex 14.6329 14.6662 -10
    endloop
  endfacet
  facet normal -0.605172 0.796095 0
    outer loop
      vertex 14.4821 14.5515 0
      vertex 14.6329 14.6662 0
      vertex 14.6329 14.6662 -10
    endloop
  endfacet
  facet normal -0.687701 0.725994 0
    outer loop
      vertex 14.6329 14.6662 -10
      vertex 14.6329 14.6662 0
      vertex 14.7705 14.7965 -10
    endloop
  endfacet
  facet normal -0.687701 0.725994 0
    outer loop
      vertex 14.6329 14.6662 0
      vertex 14.7705 14.7965 0
      vertex 14.7705 14.7965 -10
    endloop
  endfacet
  facet normal -0.762162 0.647387 0
    outer loop
      vertex 14.7705 14.7965 -10
      vertex 14.7705 14.7965 0
      vertex 14.8932 14.9409 -10
    endloop
  endfacet
  facet normal -0.762162 0.647387 0
    outer loop
      vertex 14.7705 14.7965 0
      vertex 14.8932 14.9409 0
      vertex 14.8932 14.9409 -10
    endloop
  endfacet
  facet normal -0.827688 0.561188 0
    outer loop
      vertex 14.8932 14.9409 -10
      vertex 14.8932 14.9409 0
      vertex 14.9995 15.0978 -10
    endloop
  endfacet
  facet normal -0.827688 0.561188 0
    outer loop
      vertex 14.8932 14.9409 0
      vertex 14.9995 15.0978 0
      vertex 14.9995 15.0978 -10
    endloop
  endfacet
  facet normal -0.883511 0.46841 0
    outer loop
      vertex 14.9995 15.0978 -10
      vertex 14.9995 15.0978 0
      vertex 15.0883 15.2652 -10
    endloop
  endfacet
  facet normal -0.883511 0.46841 0
    outer loop
      vertex 14.9995 15.0978 0
      vertex 15.0883 15.2652 0
      vertex 15.0883 15.2652 -10
    endloop
  endfacet
  facet normal -0.928977 0.370138 0
    outer loop
      vertex 15.0883 15.2652 -10
      vertex 15.0883 15.2652 0
      vertex 15.1584 15.4412 -10
    endloop
  endfacet
  facet normal -0.928977 0.370138 0
    outer loop
      vertex 15.0883 15.2652 0
      vertex 15.1584 15.4412 0
      vertex 15.1584 15.4412 -10
    endloop
  endfacet
  facet normal -0.96355 0.267528 0
    outer loop
      vertex 15.1584 15.4412 -10
      vertex 15.1584 15.4412 0
      vertex 15.2091 15.6238 -10
    endloop
  endfacet
  facet normal -0.96355 0.267528 0
    outer loop
      vertex 15.1584 15.4412 0
      vertex 15.2091 15.6238 0
      vertex 15.2091 15.6238 -10
    endloop
  endfacet
  facet normal -0.986827 0.161782 0
    outer loop
      vertex 15.2091 15.6238 -10
      vertex 15.2091 15.6238 0
      vertex 15.2397 15.8108 -10
    endloop
  endfacet
  facet normal -0.986827 0.161782 0
    outer loop
      vertex 15.2091 15.6238 0
      vertex 15.2397 15.8108 0
      vertex 15.2397 15.8108 -10
    endloop
  endfacet
  facet normal -0.998533 0.0541383 0
    outer loop
      vertex 15.2397 15.8108 -10
      vertex 15.2397 15.8108 0
      vertex 15.25 16 -10
    endloop
  endfacet
  facet normal -0.998533 0.0541383 0
    outer loop
      vertex 15.2397 15.8108 0
      vertex 15.25 16 0
      vertex 15.25 16 -10
    endloop
  endfacet
  facet normal 0 -1 0
    outer loop
      vertex -8.5 9 -7
      vertex -6.3 9 -7
      vertex -8.5 9 0
    endloop
  endfacet
  facet normal 0 -1 0
    outer loop
      vertex -6.3 9 -7
      vertex -6.3 9 0
      vertex -8.5 9 0
    endloop
  endfacet
  facet normal 1 0 0
    outer loop
      vertex -13.5 4 0
      vertex -13.5 -4 0
      vertex -13.5 4 -7
    endloop
  endfacet
  facet normal 1 0 0
    outer loop
      vertex -13.5 -4 0
      vertex -13.5 -4 -7
      vertex -13.5 4 -7
    endloop
  endfacet
  facet normal 0 0 1
    outer loop
      vertex 12.1068 17.0591 0
      vertex 12.2295 17.2035 0
      vertex 6.3 20 0
    endloop
  endfacet
  facet normal 0 0 1
    outer loop
      vertex 12.1068 17.0591 0
      vertex 6.3 20 0
      vertex 12.0005 16.9022 0
    endloop
  endfacet
  facet normal 0 0 1
    outer loop
      vertex 16.2157 -18.3457 0
      vertex 14.7705 -17.2035 0
      vertex 15.8457 -18.7157 0
    endloop
  endfacet
  facet normal 0 0 1
    outer loop
      vertex 14.7705 -17.2035 0
      vertex 14.6329 -17.3338 0
      vertex 15.8457 -18.7157 0
    endloop
  endfacet
  facet normal 0 0 1
    outer loop
      vertex 15.8457 -18.7157 0
      vertex 14.6329 -17.3338 0
      vertex 15.4389 -19.0451 0
    endloop
  endfacet
  facet normal 0 0 1
    outer loop
      vertex 14.6329 -17.3338 0
      vertex 14.4821 -17.4485 0
      vertex 15.4389 -19.0451 0
    endloop
  endfacet
  facet normal 0 0 1
    outer loop
      vertex 15.4389 -19.0451 0
      vertex 14.4821 -17.4485 0
      vertex 15 -19.3301 0
    endloop
  endfacet
  facet normal 0 0 1
    outer loop
      vertex 17.0677 -17.0337 0
      vertex 15.1584 -16.5588 0
      vertex 16.8301 -17.5 0
    endloop
  endfacet
  facet normal 0 0 1
    outer loop
      vertex 15.1584 -16.5588 0
      vertex 15.0883 -16.7348 0
      vertex 16.8301 -17.5 0
    endloop
  endfacet
  facet normal 0 0 1
    outer loop
      vertex 16.8301 -17.5 0
      vertex 15.0883 -16.7348 0
      vertex 16.5451 -17.9389 0
    endloop
  endfacet
  facet normal 0 0 1
    outer loop
      vertex 15.0883 -16.7348 0
      vertex 14.9995 -16.9022 0
      vertex 16.5451 -17.9389 0
    endloop
  endfacet
  facet normal 0 0 1
    outer loop
      vertex 16.5451 -17.9389 0
      vertex 14.9995 -16.9022 0
      vertex 16.2157 -18.3457 0
    endloop
  endfacet
  facet normal 0 0 1
    outer loop
      vertex 14.9995 -16.9022 0
      vertex 14.8932 -17.0591 0
      vertex 16.2157 -18.3457 0
    endloop
  endfacet
  facet normal 0 0 1
    outer loop
      vertex 16.2157 -18.3457 0
      vertex 14.8932 -17.0591 0
      vertex 14.7705 -17.2035 0
    endloop
  endfacet
  facet normal 0 0 1
    outer loop
      vertex 6.3 -20 0
      vertex 12.3671 -17.3338 0
      vertex 12.2295 -17.2035 0
    endloop
  endfacet
  facet normal 0 0 1
    outer loop
      vertex 12.2295 -17.2035 0
      vertex 12.1068 -17.0591 0
      vertex 6.3 -20 0
    endloop
  endfacet
  facet normal 0 0 1
    outer loop
      vertex 12.1068 -17.0591 0
      vertex 12.0005 -16.9022 0
      vertex 6.3 -20 0
    endloop
  endfacet
  facet normal 0 0 1
    outer loop
      vertex 6.3 -20 0
      vertex 12.0005 -16.9022 0
      vertex 11.9117 -16.7348 0
    endloop
  endfacet
  facet normal 0 0 1
    outer loop
      vertex 14.4821 14.5515 0
      vertex 14.3197 14.4539 0
      vertex 17.5 -15 0
    endloop
  endfacet
  facet normal 0 0 1
    outer loop
      vertex 14.4821 14.5515 0
      vertex 17.5 -15 0
      vertex 14.6329 14.6662 0
    endloop
  endfacet
  facet normal 0 0 1
    outer loop
      vertex 12.2295 14.7965 0
      vertex 12.1068 14.9409 0
      vertex 6.3 9 0
    endloop
  endfacet
  facet normal 0 0 1
    outer loop
      vertex 12.1068 14.9409 0
      vertex 12.0005 15.0978 0
      vertex 6.3 9 0
    endloop
  endfacet
  facet normal 0 0 1
    outer loop
      vertex 6.3 9 0
      vertex 12.0005 15.0978 0
      vertex 11.9117 15.2652 0
    endloop
  endfacet
  facet normal 0 0 1
    outer loop
      vertex 11.75 16 0
      vertex 11.7603 16.1892 0
      vertex 6.3 20 0
    endloop
  endfacet
  facet normal 0 0 1
    outer loop
      vertex 11.7603 16.1892 0
      vertex 11.7909 16.3762 0
      vertex 6.3 20 0
    endloop
  endfacet
  facet normal 0 0 1
    outer loop
      vertex 16.2157 18.3457 0
      vertex 14.8932 17.0591 0
      vertex 16.5451 17.9389 0
    endloop
  endfacet
  facet normal 0 0 1
    outer loop
      vertex 14.8932 17.0591 0
      vertex 14.9995 16.9022 0
      vertex 16.5451 17.9389 0
    endloop
  endfacet
  facet normal 0 0 1
    outer loop
      vertex 16.5451 17.9389 0
      vertex 14.9995 16.9022 0
      vertex 16.8301 17.5 0
    endloop
  endfacet
  facet normal 0 0 1
    outer loop
      vertex 14.9995 16.9022 0
      vertex 15.0883 16.7348 0
      vertex 16.8301 17.5 0
    endloop
  endfacet
  facet normal 0 0 1
    outer loop
      vertex 16.8301 17.5 0
      vertex 15.0883 16.7348 0
      vertex 17.0677 17.0337 0
    endloop
  endfacet
  facet normal 0 0 1
    outer loop
      vertex 11.9117 -16.7348 0
      vertex 11.8416 -16.5588 0
      vertex 6.3 -20 0
    endloop
  endfacet
  facet normal 0 0 1
    outer loop
      vertex 11.8416 -16.5588 0
      vertex 11.7909 -16.3762 0
      vertex 6.3 -20 0
    endloop
  endfacet
  facet normal 0 0 1
    outer loop
      vertex 6.3 -20 0
      vertex 11.7909 -16.3762 0
      vertex 11.7603 -16.1892 0
    endloop
  endfacet
  facet normal 0 0 1
    outer loop
      vertex 11.7603 -16.1892 0
      vertex 11.75 -16 0
      vertex 6.3 -20 0
    endloop
  endfacet
  facet normal 0 0 1
    outer loop
      vertex 11.75 -16 0
      vertex 11.7603 -15.8108 0
      vertex 6.3 -20 0
    endloop
  endfacet
  facet normal 0 0 1
    outer loop
      vertex 6.3 -20 0
      vertex 11.7603 -15.8108 0
      vertex 6.3 -9 0
    endloop
  endfacet
  facet normal 0 0 1
    outer loop
      vertex 11.7603 -15.8108 0
      vertex 11.7909 -15.6238 0
      vertex 6.3 -9 0
    endloop
  endfacet
  facet normal 0 0 1
    outer loop
      vertex 11.7909 -15.6238 0
      vertex 11.8416 -15.4412 0
      vertex 6.3 -9 0
    endloop
  endfacet
  facet normal 0 0 1
    outer loop
      vertex 11.8416 -15.4412 0
      vertex 11.9117 -15.2652 0
      vertex 6.3 -9 0
    endloop
  endfacet
  facet normal 0 0 1
    outer loop
      vertex 6.3 -9 0
      vertex 11.9117 -15.2652 0
      vertex 12.0005 -15.0978 0
    endloop
  endfacet
  facet normal 0 0 1
    outer loop
      vertex 14.9995 -15.0978 0
      vertex 15.0883 -15.2652 0
      vertex 17.5 -15 0
    endloop
  endfacet
  facet normal 0 0 1
    outer loop
      vertex 11.7909 16.3762 0
      vertex 11.8416 16.5588 0
      vertex 6.3 20 0
    endloop
  endfacet
  facet normal 0 0 1
    outer loop
      vertex 11.8416 16.5588 0
      vertex 11.9117 16.7348 0
      vertex 6.3 20 0
    endloop
  endfacet
  facet normal 0 0 1
    outer loop
      vertex 6.3 20 0
      vertex 11.9117 16.7348 0
      vertex 12.0005 16.9022 0
    endloop
  endfacet
  facet normal 0 0 1
    outer loop
      vertex 12.6803 17.5461 0
      vertex 12.5 20 0
      vertex 12.5179 17.4485 0
    endloop
  endfacet
  facet normal 0 0 1
    outer loop
      vertex 12.5 20 0
      vertex 6.3 20 0
      vertex 12.5179 17.4485 0
    endloop
  endfacet
  facet normal 0 0 1
    outer loop
      vertex 12.5179 17.4485 0
      vertex 6.3 20 0
      vertex 12.3671 17.3338 0
    endloop
  endfacet
  facet normal 0 0 1
    outer loop
      vertex 6.3 20 0
      vertex 12.2295 17.2035 0
      vertex 12.3671 17.3338 0
    endloop
  endfacet
  facet normal 0 0 1
    outer loop
      vertex 12.6803 17.5461 0
      vertex 12.8523 17.6257 0
      vertex 12.5 20 0
    endloop
  endfacet
  facet normal 0 0 1
    outer loop
      vertex 12.8523 17.6257 0
      vertex 13.0318 17.6862 0
      vertex 12.5 20 0
    endloop
  endfacet
  facet normal 0 0 1
    outer loop
      vertex 12.5 20 0
      vertex 13.0318 17.6862 0
      vertex 13.0226 19.9726 0
    endloop
  endfacet
  facet normal 0 0 1
    outer loop
      vertex 17.5 15 0
      vertex 15.1584 15.4412 0
      vertex 15.0883 15.2652 0
    endloop
  endfacet
  facet normal 0 0 1
    outer loop
      vertex 15 19.3301 0
      vertex 14.3197 17.5461 0
      vertex 15.4389 19.0451 0
    endloop
  endfacet
  facet normal 0 0 1
    outer loop
      vertex 14.3197 17.5461 0
      vertex 14.4821 17.4485 0
      vertex 15.4389 19.0451 0
    endloop
  endfacet
  facet normal 0 0 1
    outer loop
      vertex 15.4389 19.0451 0
      vertex 14.4821 17.4485 0
      vertex 15.8457 18.7157 0
    endloop
  endfacet
  facet normal 0 0 1
    outer loop
      vertex 14.4821 17.4485 0
      vertex 14.6329 17.3338 0
      vertex 15.8457 18.7157 0
    endloop
  endfacet
  facet normal 0 0 1
    outer loop
      vertex 15.8457 18.7157 0
      vertex 14.6329 17.3338 0
      vertex 16.2157 18.3457 0
    endloop
  endfacet
  facet normal 0 0 1
    outer loop
      vertex 14.6329 17.3338 0
      vertex 14.7705 17.2035 0
      vertex 16.2157 18.3457 0
    endloop
  endfacet
  facet normal 0 0 1
    outer loop
      vertex 16.2157 18.3457 0
      vertex 14.7705 17.2035 0
      vertex 14.8932 17.0591 0
    endloop
  endfacet
  facet normal 0 0 1
    outer loop
      vertex 13.0318 -17.6862 0
      vertex 12.5 -20 0
      vertex 13.2169 -17.7269 0
    endloop
  endfacet
  facet normal 0 0 1
    outer loop
      vertex 12.5 -20 0
      vertex 13.0226 -19.9726 0
      vertex 13.2169 -17.7269 0
    endloop
  endfacet
  facet normal 0 0 1
    outer loop
      vertex 15.0883 16.7348 0
      vertex 15.1584 16.5588 0
      vertex 17.0677 17.0337 0
    endloop
  endfacet
  facet normal 0 0 1
    outer loop
      vertex 15.1584 16.5588 0
      vertex 15.2091 16.3762 0
      vertex 17.0677 17.0337 0
    endloop
  endfacet
  facet normal 0 0 1
    outer loop
      vertex 17.0677 17.0337 0
      vertex 15.2091 16.3762 0
      vertex 17.2553 16.5451 0
    endloop
  endfacet
  facet normal 0 0 1
    outer loop
      vertex 15.2091 16.3762 0
      vertex 15.2397 16.1892 0
      vertex 17.2553 16.5451 0
    endloop
  endfacet
  facet normal 0 0 1
    outer loop
      vertex 17.2553 16.5451 0
      vertex 15.2397 16.1892 0
      vertex 17.3907 16.0396 0
    endloop
  endfacet
  facet normal 0 0 1
    outer loop
      vertex 15.2397 16.1892 0
      vertex 15.25 16 0
      vertex 17.3907 16.0396 0
    endloop
  endfacet
  facet normal 0 0 1
    outer loop
      vertex 17.3907 16.0396 0
      vertex 15.25 16 0
      vertex 17.4726 15.5226 0
    endloop
  endfacet
  facet normal 0 0 1
    outer loop
      vertex 15.25 16 0
      vertex 15.2397 15.8108 0
      vertex 17.4726 15.5226 0
    endloop
  endfacet
  facet normal 0 0 1
    outer loop
      vertex 17.4726 15.5226 0
      vertex 15.2397 15.8108 0
      vertex 17.5 15 0
    endloop
  endfacet
  facet normal 0 0 1
    outer loop
      vertex 15.2397 15.8108 0
      vertex 15.2091 15.6238 0
      vertex 17.5 15 0
    endloop
  endfacet
  facet normal 0 0 1
    outer loop
      vertex 17.5 15 0
      vertex 15.2091 15.6238 0
      vertex 15.1584 15.4412 0
    endloop
  endfacet
  facet normal 0 0 1
    outer loop
      vertex 15.0883 -15.2652 0
      vertex 15.1584 -15.4412 0
      vertex 17.5 -15 0
    endloop
  endfacet
  facet normal 0 0 1
    outer loop
      vertex 15.1584 -15.4412 0
      vertex 15.2091 -15.6238 0
      vertex 17.5 -15 0
    endloop
  endfacet
  facet normal 0 0 1
    outer loop
      vertex 17.5 -15 0
      vertex 15.2091 -15.6238 0
      vertex 17.4726 -15.5226 0
    endloop
  endfacet
  facet normal 0 0 1
    outer loop
      vertex 15.2091 -15.6238 0
      vertex 15.2397 -15.8108 0
      vertex 17.4726 -15.5226 0
    endloop
  endfacet
  facet normal 0 0 1
    outer loop
      vertex 17.4726 -15.5226 0
      vertex 15.2397 -15.8108 0
      vertex 17.3907 -16.0396 0
    endloop
  endfacet
  facet normal 0 0 1
    outer loop
      vertex 15.2397 -15.8108 0
      vertex 15.25 -16 0
      vertex 17.3907 -16.0396 0
    endloop
  endfacet
  facet normal 0 0 1
    outer loop
      vertex 17.3907 -16.0396 0
      vertex 15.25 -16 0
      vertex 17.2553 -16.5451 0
    endloop
  endfacet
  facet normal 0 0 1
    outer loop
      vertex 15.25 -16 0
      vertex 15.2397 -16.1892 0
      vertex 17.2553 -16.5451 0
    endloop
  endfacet
  facet normal 0 0 1
    outer loop
      vertex 17.2553 -16.5451 0
      vertex 15.2397 -16.1892 0
      vertex 17.0677 -17.0337 0
    endloop
  endfacet
  facet normal 0 0 1
    outer loop
      vertex 15.2397 -16.1892 0
      vertex 15.2091 -16.3762 0
      vertex 17.0677 -17.0337 0
    endloop
  endfacet
  facet normal 0 0 1
    outer loop
      vertex 17.0677 -17.0337 0
      vertex 15.2091 -16.3762 0
      vertex 15.1584 -16.5588 0
    endloop
  endfacet
  facet normal 0 0 1
    outer loop
      vertex 11.9117 15.2652 0
      vertex 11.8416 15.4412 0
      vertex 6.3 9 0
    endloop
  endfacet
  facet normal 0 0 1
    outer loop
      vertex 11.8416 15.4412 0
      vertex 11.7909 15.6238 0
      vertex 6.3 9 0
    endloop
  endfacet
  facet normal 0 0 1
    outer loop
      vertex 6.3 9 0
      vertex 11.7909 15.6238 0
      vertex 6.3 20 0
    endloop
  endfacet
  facet normal 0 0 1
    outer loop
      vertex 11.7909 15.6238 0
      vertex 11.7603 15.8108 0
      vertex 6.3 20 0
    endloop
  endfacet
  facet normal 0 0 1
    outer loop
      vertex 6.3 20 0
      vertex 11.7603 15.8108 0
      vertex 11.75 16 0
    endloop
  endfacet
  facet normal 0 0 1
    outer loop
      vertex 13.0318 17.6862 0
      vertex 13.2169 17.7269 0
      vertex 13.0226 19.9726 0
    endloop
  endfacet
  facet normal 0 0 1
    outer loop
      vertex 13.2169 17.7269 0
      vertex 13.4053 17.7474 0
      vertex 13.0226 19.9726 0
    endloop
  endfacet
  facet normal 0 0 1
    outer loop
      vertex 13.0226 19.9726 0
      vertex 13.4053 17.7474 0
      vertex 13.5396 19.8907 0
    endloop
  endfacet
  facet normal 0 0 1
    outer loop
      vertex 13.4053 17.7474 0
      vertex 13.5947 17.7474 0
      vertex 13.5396 19.8907 0
    endloop
  endfacet
  facet normal 0 0 1
    outer loop
      vertex 13.5396 19.8907 0
      vertex 13.5947 17.7474 0
      vertex 14.0451 19.7553 0
    endloop
  endfacet
  facet normal 0 0 1
    outer loop
      vertex 13.5947 17.7474 0
      vertex 13.7831 17.7269 0
      vertex 14.0451 19.7553 0
    endloop
  endfacet
  facet normal 0 0 1
    outer loop
      vertex 14.0451 19.7553 0
      vertex 13.7831 17.7269 0
      vertex 14.5337 19.5677 0
    endloop
  endfacet
  facet normal 0 0 1
    outer loop
      vertex 13.7831 17.7269 0
      vertex 13.9682 17.6862 0
      vertex 14.5337 19.5677 0
    endloop
  endfacet
  facet normal 0 0 1
    outer loop
      vertex 14.5337 19.5677 0
      vertex 13.9682 17.6862 0
      vertex 15 19.3301 0
    endloop
  endfacet
  facet normal 0 0 1
    outer loop
      vertex 13.9682 17.6862 0
      vertex 14.1477 17.6257 0
      vertex 15 19.3301 0
    endloop
  endfacet
  facet normal 0 0 1
    outer loop
      vertex 15 19.3301 0
      vertex 14.1477 17.6257 0
      vertex 14.3197 17.5461 0
    endloop
  endfacet
  facet normal 0 0 1
    outer loop
      vertex 14.4821 -17.4485 0
      vertex 14.3197 -17.5461 0
      vertex 15 -19.3301 0
    endloop
  endfacet
  facet normal 0 0 1
    outer loop
      vertex 14.3197 -17.5461 0
      vertex 14.1477 -17.6257 0
      vertex 15 -19.3301 0
    endloop
  endfacet
  facet normal 0 0 1
    outer loop
      vertex 15 -19.3301 0
      vertex 14.1477 -17.6257 0
      vertex 14.5337 -19.5677 0
    endloop
  endfacet
  facet normal 0 0 1
    outer loop
      vertex 14.1477 -17.6257 0
      vertex 13.9682 -17.6862 0
      vertex 14.5337 -19.5677 0
    endloop
  endfacet
  facet normal 0 0 1
    outer loop
      vertex 14.5337 -19.5677 0
      vertex 13.9682 -17.6862 0
      vertex 14.0451 -19.7553 0
    endloop
  endfacet
  facet normal 0 0 1
    outer loop
      vertex 13.9682 -17.6862 0
      vertex 13.7831 -17.7269 0
      vertex 14.0451 -19.7553 0
    endloop
  endfacet
  facet normal 0 0 1
    outer loop
      vertex 14.0451 -19.7553 0
      vertex 13.7831 -17.7269 0
      vertex 13.5396 -19.8907 0
    endloop
  endfacet
  facet normal 0 0 1
    outer loop
      vertex 13.7831 -17.7269 0
      vertex 13.5947 -17.7474 0
      vertex 13.5396 -19.8907 0
    endloop
  endfacet
  facet normal 0 0 1
    outer loop
      vertex 13.5396 -19.8907 0
      vertex 13.5947 -17.7474 0
      vertex 13.0226 -19.9726 0
    endloop
  endfacet
  facet normal 0 0 1
    outer loop
      vertex 13.5947 -17.7474 0
      vertex 13.4053 -17.7474 0
      vertex 13.0226 -19.9726 0
    endloop
  endfacet
  facet normal 0 0 1
    outer loop
      vertex 13.0226 -19.9726 0
      vertex 13.4053 -17.7474 0
      vertex 13.2169 -17.7269 0
    endloop
  endfacet
  facet normal 0 0 1
    outer loop
      vertex 13.0318 -17.6862 0
      vertex 12.8523 -17.6257 0
      vertex 12.5 -20 0
    endloop
  endfacet
  facet normal 0 0 1
    outer loop
      vertex 12.8523 -17.6257 0
      vertex 12.6803 -17.5461 0
      vertex 12.5 -20 0
    endloop
  endfacet
  facet normal 0 0 1
    outer loop
      vertex 12.5 -20 0
      vertex 12.6803 -17.5461 0
      vertex 6.3 -20 0
    endloop
  endfacet
  facet normal 0 0 1
    outer loop
      vertex 12.6803 -17.5461 0
      vertex 12.5179 -17.4485 0
      vertex 6.3 -20 0
    endloop
  endfacet
  facet normal 0 0 1
    outer loop
      vertex 6.3 -20 0
      vertex 12.5179 -17.4485 0
      vertex 12.3671 -17.3338 0
    endloop
  endfacet
  facet normal 0 0 1
    outer loop
      vertex 10.0451 -8.75528 0
      vertex 9.53956 -8.89074 0
      vertex 12.6803 -14.4539 0
    endloop
  endfacet
  facet normal 0 0 1
    outer loop
      vertex 15.0883 15.2652 0
      vertex 14.9995 15.0978 0
      vertex 17.5 15 0
    endloop
  endfacet
  facet normal 0 0 1
    outer loop
      vertex 14.9995 15.0978 0
      vertex 14.8932 14.9409 0
      vertex 17.5 15 0
    endloop
  endfacet
  facet normal 0 0 1
    outer loop
      vertex 17.5 15 0
      vertex 14.8932 14.9409 0
      vertex 17.5 -15 0
    endloop
  endfacet
  facet normal 0 0 1
    outer loop
      vertex 14.8932 14.9409 0
      vertex 14.7705 14.7965 0
      vertex 17.5 -15 0
    endloop
  endfacet
  facet normal 0 0 1
    outer loop
      vertex 17.5 -15 0
      vertex 14.7705 14.7965 0
      vertex 14.6329 14.6662 0
    endloop
  endfacet
  facet normal 0 0 1
    outer loop
      vertex 12.0005 -15.0978 0
      vertex 12.1068 -14.9409 0
      vertex 6.3 -9 0
    endloop
  endfacet
  facet normal 0 0 1
    outer loop
      vertex 12.1068 -14.9409 0
      vertex 12.2295 -14.7965 0
      vertex 6.3 -9 0
    endloop
  endfacet
  facet normal 0 0 1
    outer loop
      vertex 6.3 -9 0
      vertex 12.2295 -14.7965 0
      vertex 8.5 -9 0
    endloop
  endfacet
  facet normal 0 0 1
    outer loop
      vertex 12.2295 -14.7965 0
      vertex 12.3671 -14.6662 0
      vertex 8.5 -9 0
    endloop
  endfacet
  facet normal 0 0 1
    outer loop
      vertex 8.5 -9 0
      vertex 12.3671 -14.6662 0
      vertex 12.5179 -14.5515 0
    endloop
  endfacet
  facet normal 0 0 1
    outer loop
      vertex 14.3197 14.4539 0
      vertex 14.7705 -14.7965 0
      vertex 17.5 -15 0
    endloop
  endfacet
  facet normal 0 0 1
    outer loop
      vertex 14.7705 -14.7965 0
      vertex 14.8932 -14.9409 0
      vertex 17.5 -15 0
    endloop
  endfacet
  facet normal 0 0 1
    outer loop
      vertex 17.5 -15 0
      vertex 14.8932 -14.9409 0
      vertex 14.9995 -15.0978 0
    endloop
  endfacet
  facet normal 0 0 1
    outer loop
      vertex 12.2295 14.7965 0
      vertex 6.3 9 0
      vertex 12.3671 14.6662 0
    endloop
  endfacet
  facet normal 0 0 1
    outer loop
      vertex 6.3 9 0
      vertex 8.5 9 0
      vertex 12.3671 14.6662 0
    endloop
  endfacet
  facet normal 0 0 1
    outer loop
      vertex 12.3671 14.6662 0
      vertex 8.5 9 0
      vertex 12.5179 14.5515 0
    endloop
  endfacet
  facet normal 0 0 1
    outer loop
      vertex 8.5 9 0
      vertex 9.02264 8.97261 0
      vertex 12.5179 14.5515 0
    endloop
  endfacet
  facet normal 0 0 1
    outer loop
      vertex 12.5179 14.5515 0
      vertex 9.02264 8.97261 0
      vertex 12.6803 14.4539 0
    endloop
  endfacet
  facet normal 0 0 1
    outer loop
      vertex 13.7831 -14.2731 0
      vertex 13.9682 -14.3138 0
      vertex 14.3197 14.4539 0
    endloop
  endfacet
  facet normal 0 0 1
    outer loop
      vertex 13.9682 -14.3138 0
      vertex 14.1477 -14.3743 0
      vertex 14.3197 14.4539 0
    endloop
  endfacet
  facet normal 0 0 1
    outer loop
      vertex 14.3197 14.4539 0
      vertex 14.1477 -14.3743 0
      vertex 14.3197 -14.4539 0
    endloop
  endfacet
  facet normal 0 0 1
    outer loop
      vertex 12.6803 -14.4539 0
      vertex 9.53956 -8.89074 0
      vertex 12.5179 -14.5515 0
    endloop
  endfacet
  facet normal 0 0 1
    outer loop
      vertex 9.53956 -8.89074 0
      vertex 9.02264 -8.97261 0
      vertex 12.5179 -14.5515 0
    endloop
  endfacet
  facet normal 0 0 1
    outer loop
      vertex 12.5179 -14.5515 0
      vertex 9.02264 -8.97261 0
      vertex 8.5 -9 0
    endloop
  endfacet
  facet normal 0 0 1
    outer loop
      vertex 10.0451 -8.75528 0
      vertex 12.6803 -14.4539 0
      vertex 10.5337 -8.56773 0
    endloop
  endfacet
  facet normal 0 0 1
    outer loop
      vertex 12.6803 -14.4539 0
      vertex 12.8523 -14.3743 0
      vertex 10.5337 -8.56773 0
    endloop
  endfacet
  facet normal 0 0 1
    outer loop
      vertex 10.5337 -8.56773 0
      vertex 12.8523 -14.3743 0
      vertex 11 -8.33013 0
    endloop
  endfacet
  facet normal 0 0 1
    outer loop
      vertex 12.8523 -14.3743 0
      vertex 13.0318 -14.3138 0
      vertex 11 -8.33013 0
    endloop
  endfacet
  facet normal 0 0 1
    outer loop
      vertex 11 -8.33013 0
      vertex 13.0318 -14.3138 0
      vertex 11.4389 -8.04508 0
    endloop
  endfacet
  facet normal 0 0 1
    outer loop
      vertex 11.4389 -8.04508 0
      vertex 13.0318 -14.3138 0
      vertex 11.8457 -7.71572 0
    endloop
  endfacet
  facet normal 0 0 1
    outer loop
      vertex 13.0318 -14.3138 0
      vertex 13.2169 -14.2731 0
      vertex 11.8457 -7.71572 0
    endloop
  endfacet
  facet normal 0 0 1
    outer loop
      vertex 11.8457 -7.71572 0
      vertex 13.2169 -14.2731 0
      vertex 12.2157 -7.34565 0
    endloop
  endfacet
  facet normal 0 0 1
    outer loop
      vertex 14.3197 -14.4539 0
      vertex 14.4821 -14.5515 0
      vertex 14.3197 14.4539 0
    endloop
  endfacet
  facet normal 0 0 1
    outer loop
      vertex 14.4821 -14.5515 0
      vertex 14.6329 -14.6662 0
      vertex 14.3197 14.4539 0
    endloop
  endfacet
  facet normal 0 0 1
    outer loop
      vertex 14.3197 14.4539 0
      vertex 14.6329 -14.6662 0
      vertex 14.7705 -14.7965 0
    endloop
  endfacet
  facet normal 0 0 1
    outer loop
      vertex 13.4053 14.2526 0
      vertex 13.2169 14.2731 0
      vertex 12.2157 7.34565 0
    endloop
  endfacet
  facet normal 0 0 1
    outer loop
      vertex 12.2157 -7.34565 0
      vertex 13.2169 -14.2731 0
      vertex 12.5451 -6.93893 0
    endloop
  endfacet
  facet normal 0 0 1
    outer loop
      vertex 13.2169 -14.2731 0
      vertex 13.4053 -14.2526 0
      vertex 12.5451 -6.93893 0
    endloop
  endfacet
  facet normal 0 0 1
    outer loop
      vertex 12.5451 -6.93893 0
      vertex 13.4053 -14.2526 0
      vertex 12.8301 -6.5 0
    endloop
  endfacet
  facet normal 0 0 1
    outer loop
      vertex 13.9682 14.3138 0
      vertex 13.7831 14.2731 0
      vertex 13.5947 -14.2526 0
    endloop
  endfacet
  facet normal 0 0 1
    outer loop
      vertex 13.7831 14.2731 0
      vertex 13.5947 14.2526 0
      vertex 13.5947 -14.2526 0
    endloop
  endfacet
  facet normal 0 0 1
    outer loop
      vertex 13.0318 14.3138 0
      vertex 11.4389 8.04508 0
      vertex 13.2169 14.2731 0
    endloop
  endfacet
  facet normal 0 0 1
    outer loop
      vertex 11.4389 8.04508 0
      vertex 11.8457 7.71572 0
      vertex 13.2169 14.2731 0
    endloop
  endfacet
  facet normal 0 0 1
    outer loop
      vertex 13.2169 14.2731 0
      vertex 11.8457 7.71572 0
      vertex 12.2157 7.34565 0
    endloop
  endfacet
  facet normal 0 0 1
    outer loop
      vertex 9.02264 8.97261 0
      vertex 9.53956 8.89074 0
      vertex 12.6803 14.4539 0
    endloop
  endfacet
  facet normal 0 0 1
    outer loop
      vertex 9.53956 8.89074 0
      vertex 10.0451 8.75528 0
      vertex 12.6803 14.4539 0
    endloop
  endfacet
  facet normal 0 0 1
    outer loop
      vertex 12.6803 14.4539 0
      vertex 10.0451 8.75528 0
      vertex 12.8523 14.3743 0
    endloop
  endfacet
  facet normal 0 0 1
    outer loop
      vertex 10.0451 8.75528 0
      vertex 10.5337 8.56773 0
      vertex 12.8523 14.3743 0
    endloop
  endfacet
  facet normal 0 0 1
    outer loop
      vertex 12.8523 14.3743 0
      vertex 10.5337 8.56773 0
      vertex 13.0318 14.3138 0
    endloop
  endfacet
  facet normal 0 0 1
    outer loop
      vertex 10.5337 8.56773 0
      vertex 11 8.33013 0
      vertex 13.0318 14.3138 0
    endloop
  endfacet
  facet normal 0 0 1
    outer loop
      vertex 13.0318 14.3138 0
      vertex 11 8.33013 0
      vertex 11.4389 8.04508 0
    endloop
  endfacet
  facet normal 0 0 1
    outer loop
      vertex 13.7831 -14.2731 0
      vertex 14.3197 14.4539 0
      vertex 13.5947 -14.2526 0
    endloop
  endfacet
  facet normal 0 0 1
    outer loop
      vertex 14.3197 14.4539 0
      vertex 14.1477 14.3743 0
      vertex 13.5947 -14.2526 0
    endloop
  endfacet
  facet normal 0 0 1
    outer loop
      vertex 13.5947 -14.2526 0
      vertex 14.1477 14.3743 0
      vertex 13.9682 14.3138 0
    endloop
  endfacet
  facet normal 0 0 1
    outer loop
      vertex 12.2157 7.34565 0
      vertex 12.5451 6.93893 0
      vertex 13.4053 14.2526 0
    endloop
  endfacet
  facet normal 0 0 1
    outer loop
      vertex 12.5451 6.93893 0
      vertex 12.8301 6.5 0
      vertex 13.4053 14.2526 0
    endloop
  endfacet
  facet normal 0 0 1
    outer loop
      vertex 13.4053 14.2526 0
      vertex 12.8301 6.5 0
      vertex 13.0677 6.03368 0
    endloop
  endfacet
  facet normal 0 0 1
    outer loop
      vertex 13.0677 6.03368 0
      vertex 13.2553 5.54508 0
      vertex 13.4053 14.2526 0
    endloop
  endfacet
  facet normal 0 0 1
    outer loop
      vertex 13.2553 5.54508 0
      vertex 13.3907 5.03956 0
      vertex 13.4053 14.2526 0
    endloop
  endfacet
  facet normal 0 0 1
    outer loop
      vertex 13.4053 14.2526 0
      vertex 13.3907 5.03956 0
      vertex 13.5947 14.2526 0
    endloop
  endfacet
  facet normal 0 0 1
    outer loop
      vertex 13.3907 5.03956 0
      vertex 13.4726 4.52264 0
      vertex 13.5947 14.2526 0
    endloop
  endfacet
  facet normal 0 0 1
    outer loop
      vertex 13.4726 4.52264 0
      vertex 13.5 4 0
      vertex 13.5947 14.2526 0
    endloop
  endfacet
  facet normal 0 0 1
    outer loop
      vertex 13.5947 14.2526 0
      vertex 13.5 4 0
      vertex 13.5947 -14.2526 0
    endloop
  endfacet
  facet normal 0 0 1
    outer loop
      vertex 13.5 4 0
      vertex 13.5 -4 0
      vertex 13.5947 -14.2526 0
    endloop
  endfacet
  facet normal 0 0 1
    outer loop
      vertex 13.5947 -14.2526 0
      vertex 13.5 -4 0
      vertex 13.4726 -4.52264 0
    endloop
  endfacet
  facet normal 0 0 1
    outer loop
      vertex 13.4726 -4.52264 0
      vertex 13.3907 -5.03956 0
      vertex 13.5947 -14.2526 0
    endloop
  endfacet
  facet normal 0 0 1
    outer loop
      vertex 13.3907 -5.03956 0
      vertex 13.2553 -5.54508 0
      vertex 13.5947 -14.2526 0
    endloop
  endfacet
  facet normal 0 0 1
    outer loop
      vertex 13.5947 -14.2526 0
      vertex 13.2553 -5.54508 0
      vertex 13.4053 -14.2526 0
    endloop
  endfacet
  facet normal 0 0 1
    outer loop
      vertex 13.2553 -5.54508 0
      vertex 13.0677 -6.03368 0
      vertex 13.4053 -14.2526 0
    endloop
  endfacet
  facet normal 0 0 1
    outer loop
      vertex 13.4053 -14.2526 0
      vertex 13.0677 -6.03368 0
      vertex 12.8301 -6.5 0
    endloop
  endfacet
  facet normal -0.998533 -0.0541383 0
    outer loop
      vertex 15.25 -16 -10
      vertex 15.25 -16 0
      vertex 15.2397 -15.8108 -10
    endloop
  endfacet
  facet normal -0.998533 -0.0541383 0
    outer loop
      vertex 15.25 -16 0
      vertex 15.2397 -15.8108 0
      vertex 15.2397 -15.8108 -10
    endloop
  endfacet
  facet normal -0.986827 -0.161782 0
    outer loop
      vertex 15.2397 -15.8108 -10
      vertex 15.2397 -15.8108 0
      vertex 15.2091 -15.6238 -10
    endloop
  endfacet
  facet normal -0.986827 -0.161782 0
    outer loop
      vertex 15.2397 -15.8108 0
      vertex 15.2091 -15.6238 0
      vertex 15.2091 -15.6238 -10
    endloop
  endfacet
  facet normal -0.96355 -0.267528 0
    outer loop
      vertex 15.2091 -15.6238 -10
      vertex 15.2091 -15.6238 0
      vertex 15.1584 -15.4412 -10
    endloop
  endfacet
  facet normal -0.96355 -0.267528 0
    outer loop
      vertex 15.2091 -15.6238 0
      vertex 15.1584 -15.4412 0
      vertex 15.1584 -15.4412 -10
    endloop
  endfacet
  facet normal -0.928977 -0.370138 0
    outer loop
      vertex 15.1584 -15.4412 -10
      vertex 15.1584 -15.4412 0
      vertex 15.0883 -15.2652 -10
    endloop
  endfacet
  facet normal -0.928977 -0.370138 0
    outer loop
      vertex 15.1584 -15.4412 0
      vertex 15.0883 -15.2652 0
      vertex 15.0883 -15.2652 -10
    endloop
  endfacet
  facet normal -0.883511 -0.46841 0
    outer loop
      vertex 15.0883 -15.2652 -10
      vertex 15.0883 -15.2652 0
      vertex 14.9995 -15.0978 -10
    endloop
  endfacet
  facet normal -0.883511 -0.46841 0
    outer loop
      vertex 15.0883 -15.2652 0
      vertex 14.9995 -15.0978 0
      vertex 14.9995 -15.0978 -10
    endloop
  endfacet
  facet normal -0.827688 -0.561188 0
    outer loop
      vertex 14.9995 -15.0978 -10
      vertex 14.9995 -15.0978 0
      vertex 14.8932 -14.9409 -10
    endloop
  endfacet
  facet normal -0.827688 -0.561188 0
    outer loop
      vertex 14.9995 -15.0978 0
      vertex 14.8932 -14.9409 0
      vertex 14.8932 -14.9409 -10
    endloop
  endfacet
  facet normal -0.762162 -0.647387 0
    outer loop
      vertex 14.8932 -14.9409 -10
      vertex 14.8932 -14.9409 0
      vertex 14.7705 -14.7965 -10
    endloop
  endfacet
  facet normal -0.762162 -0.647387 0
    outer loop
      vertex 14.8932 -14.9409 0
      vertex 14.7705 -14.7965 0
      vertex 14.7705 -14.7965 -10
    endloop
  endfacet
  facet normal -0.687701 -0.725994 0
    outer loop
      vertex 14.7705 -14.7965 -10
      vertex 14.7705 -14.7965 0
      vertex 14.6329 -14.6662 -10
    endloop
  endfacet
  facet normal -0.687701 -0.725994 0
    outer loop
      vertex 14.7705 -14.7965 0
      vertex 14.6329 -14.6662 0
      vertex 14.6329 -14.6662 -10
    endloop
  endfacet
  facet normal -0.605172 -0.796095 0
    outer loop
      vertex 14.6329 -14.6662 -10
      vertex 14.6329 -14.6662 0
      vertex 14.4821 -14.5515 -10
    endloop
  endfacet
  facet normal -0.605172 -0.796095 0
    outer loop
      vertex 14.6329 -14.6662 0
      vertex 14.4821 -14.5515 0
      vertex 14.4821 -14.5515 -10
    endloop
  endfacet
  facet normal -0.515558 -0.856855 0
    outer loop
      vertex 14.4821 -14.5515 -10
      vertex 14.4821 -14.5515 0
      vertex 14.3197 -14.4539 -10
    endloop
  endfacet
  facet normal -0.515558 -0.856855 0
    outer loop
      vertex 14.4821 -14.5515 0
      vertex 14.3197 -14.4539 0
      vertex 14.3197 -14.4539 -10
    endloop
  endfacet
  facet normal -0.419887 -0.907576 0
    outer loop
      vertex 14.3197 -14.4539 -10
      vertex 14.3197 -14.4539 0
      vertex 14.1477 -14.3743 -10
    endloop
  endfacet
  facet normal -0.419887 -0.907576 0
    outer loop
      vertex 14.3197 -14.4539 0
      vertex 14.1477 -14.3743 0
      vertex 14.1477 -14.3743 -10
    endloop
  endfacet
  facet normal -0.319302 -0.947653 0
    outer loop
      vertex 14.1477 -14.3743 -10
      vertex 14.1477 -14.3743 0
      vertex 13.9682 -14.3138 -10
    endloop
  endfacet
  facet normal -0.319302 -0.947653 0
    outer loop
      vertex 14.1477 -14.3743 0
      vertex 13.9682 -14.3138 0
      vertex 13.9682 -14.3138 -10
    endloop
  endfacet
  facet normal -0.214968 -0.976621 0
    outer loop
      vertex 13.9682 -14.3138 -10
      vertex 13.9682 -14.3138 0
      vertex 13.7831 -14.2731 -10
    endloop
  endfacet
  facet normal -0.214968 -0.976621 0
    outer loop
      vertex 13.9682 -14.3138 0
      vertex 13.7831 -14.2731 0
      vertex 13.7831 -14.2731 -10
    endloop
  endfacet
  facet normal -0.10812 -0.994138 0
    outer loop
      vertex 13.7831 -14.2731 -10
      vertex 13.7831 -14.2731 0
      vertex 13.5947 -14.2526 -10
    endloop
  endfacet
  facet normal -0.10812 -0.994138 0
    outer loop
      vertex 13.7831 -14.2731 0
      vertex 13.5947 -14.2526 0
      vertex 13.5947 -14.2526 -10
    endloop
  endfacet
  facet normal 0 -1 0
    outer loop
      vertex 13.5947 -14.2526 -10
      vertex 13.5947 -14.2526 0
      vertex 13.4053 -14.2526 -10
    endloop
  endfacet
  facet normal 0 -1 0
    outer loop
      vertex 13.5947 -14.2526 0
      vertex 13.4053 -14.2526 0
      vertex 13.4053 -14.2526 -10
    endloop
  endfacet
  facet normal 0.10812 -0.994138 0
    outer loop
      vertex 13.4053 -14.2526 -10
      vertex 13.4053 -14.2526 0
      vertex 13.2169 -14.2731 -10
    endloop
  endfacet
  facet normal 0.10812 -0.994138 0
    outer loop
      vertex 13.4053 -14.2526 0
      vertex 13.2169 -14.2731 0
      vertex 13.2169 -14.2731 -10
    endloop
  endfacet
  facet normal 0.214968 -0.976621 0
    outer loop
      vertex 13.2169 -14.2731 -10
      vertex 13.2169 -14.2731 0
      vertex 13.0318 -14.3138 -10
    endloop
  endfacet
  facet normal 0.214968 -0.976621 0
    outer loop
      vertex 13.2169 -14.2731 0
      vertex 13.0318 -14.3138 0
      vertex 13.0318 -14.3138 -10
    endloop
  endfacet
  facet normal 0.319302 -0.947653 0
    outer loop
      vertex 13.0318 -14.3138 -10
      vertex 13.0318 -14.3138 0
      vertex 12.8523 -14.3743 -10
    endloop
  endfacet
  facet normal 0.319302 -0.947653 0
    outer loop
      vertex 13.0318 -14.3138 0
      vertex 12.8523 -14.3743 0
      vertex 12.8523 -14.3743 -10
    endloop
  endfacet
  facet normal 0.419889 -0.907575 0
    outer loop
      vertex 12.8523 -14.3743 -10
      vertex 12.8523 -14.3743 0
      vertex 12.6803 -14.4539 -10
    endloop
  endfacet
  facet normal 0.419889 -0.907575 0
    outer loop
      vertex 12.8523 -14.3743 0
      vertex 12.6803 -14.4539 0
      vertex 12.6803 -14.4539 -10
    endloop
  endfacet
  facet normal 0.515556 -0.856856 0
    outer loop
      vertex 12.6803 -14.4539 -10
      vertex 12.6803 -14.4539 0
      vertex 12.5179 -14.5515 -10
    endloop
  endfacet
  facet normal 0.515556 -0.856856 0
    outer loop
      vertex 12.6803 -14.4539 0
      vertex 12.5179 -14.5515 0
      vertex 12.5179 -14.5515 -10
    endloop
  endfacet
  facet normal 0.605174 -0.796093 0
    outer loop
      vertex 12.5179 -14.5515 -10
      vertex 12.5179 -14.5515 0
      vertex 12.3671 -14.6662 -10
    endloop
  endfacet
  facet normal 0.605174 -0.796093 0
    outer loop
      vertex 12.5179 -14.5515 0
      vertex 12.3671 -14.6662 0
      vertex 12.3671 -14.6662 -10
    endloop
  endfacet
  facet normal 0.687699 -0.725996 0
    outer loop
      vertex 12.3671 -14.6662 -10
      vertex 12.3671 -14.6662 0
      vertex 12.2295 -14.7965 -10
    endloop
  endfacet
  facet normal 0.687699 -0.725996 0
    outer loop
      vertex 12.3671 -14.6662 0
      vertex 12.2295 -14.7965 0
      vertex 12.2295 -14.7965 -10
    endloop
  endfacet
  facet normal 0.762162 -0.647387 0
    outer loop
      vertex 12.2295 -14.7965 -10
      vertex 12.2295 -14.7965 0
      vertex 12.1068 -14.9409 -10
    endloop
  endfacet
  facet normal 0.762162 -0.647387 0
    outer loop
      vertex 12.2295 -14.7965 0
      vertex 12.1068 -14.9409 0
      vertex 12.1068 -14.9409 -10
    endloop
  endfacet
  facet normal 0.827691 -0.561185 0
    outer loop
      vertex 12.1068 -14.9409 -10
      vertex 12.1068 -14.9409 0
      vertex 12.0005 -15.0978 -10
    endloop
  endfacet
  facet normal 0.827691 -0.561185 0
    outer loop
      vertex 12.1068 -14.9409 0
      vertex 12.0005 -15.0978 0
      vertex 12.0005 -15.0978 -10
    endloop
  endfacet
  facet normal 0.883511 -0.46841 0
    outer loop
      vertex 12.0005 -15.0978 -10
      vertex 12.0005 -15.0978 0
      vertex 11.9117 -15.2652 -10
    endloop
  endfacet
  facet normal 0.883511 -0.46841 0
    outer loop
      vertex 12.0005 -15.0978 0
      vertex 11.9117 -15.2652 0
      vertex 11.9117 -15.2652 -10
    endloop
  endfacet
  facet normal 0.928977 -0.370138 0
    outer loop
      vertex 11.9117 -15.2652 -10
      vertex 11.9117 -15.2652 0
      vertex 11.8416 -15.4412 -10
    endloop
  endfacet
  facet normal 0.928977 -0.370138 0
    outer loop
      vertex 11.9117 -15.2652 0
      vertex 11.8416 -15.4412 0
      vertex 11.8416 -15.4412 -10
    endloop
  endfacet
  facet normal 0.96355 -0.267528 0
    outer loop
      vertex 11.8416 -15.4412 -10
      vertex 11.8416 -15.4412 0
      vertex 11.7909 -15.6238 -10
    endloop
  endfacet
  facet normal 0.96355 -0.267528 0
    outer loop
      vertex 11.8416 -15.4412 0
      vertex 11.7909 -15.6238 0
      vertex 11.7909 -15.6238 -10
    endloop
  endfacet
  facet normal 0.986826 -0.161787 0
    outer loop
      vertex 11.7909 -15.6238 -10
      vertex 11.7909 -15.6238 0
      vertex 11.7603 -15.8108 -10
    endloop
  endfacet
  facet normal 0.986826 -0.161787 0
    outer loop
      vertex 11.7909 -15.6238 0
      vertex 11.7603 -15.8108 0
      vertex 11.7603 -15.8108 -10
    endloop
  endfacet
  facet normal 0.998533 -0.0541383 0
    outer loop
      vertex 11.7603 -15.8108 -10
      vertex 11.7603 -15.8108 0
      vertex 11.75 -16 -10
    endloop
  endfacet
  facet normal 0.998533 -0.0541383 0
    outer loop
      vertex 11.7603 -15.8108 0
      vertex 11.75 -16 0
      vertex 11.75 -16 -10
    endloop
  endfacet
  facet normal 0.998533 0.0541388 0
    outer loop
      vertex 11.75 -16 -10
      vertex 11.75 -16 0
      vertex 11.7603 -16.1892 -10
    endloop
  endfacet
  facet normal 0.998533 0.0541388 0
    outer loop
      vertex 11.75 -16 0
      vertex 11.7603 -16.1892 0
      vertex 11.7603 -16.1892 -10
    endloop
  endfacet
  facet normal 0.986826 0.161786 0
    outer loop
      vertex 11.7603 -16.1892 -10
      vertex 11.7603 -16.1892 0
      vertex 11.7909 -16.3762 -10
    endloop
  endfacet
  facet normal 0.986826 0.161786 0
    outer loop
      vertex 11.7603 -16.1892 0
      vertex 11.7909 -16.3762 0
      vertex 11.7909 -16.3762 -10
    endloop
  endfacet
  facet normal 0.96355 0.267529 0
    outer loop
      vertex 11.7909 -16.3762 -10
      vertex 11.7909 -16.3762 0
      vertex 11.8416 -16.5588 -10
    endloop
  endfacet
  facet normal 0.96355 0.267529 0
    outer loop
      vertex 11.7909 -16.3762 0
      vertex 11.8416 -16.5588 0
      vertex 11.8416 -16.5588 -10
    endloop
  endfacet
  facet normal 0.928978 0.370136 0
    outer loop
      vertex 11.8416 -16.5588 -10
      vertex 11.8416 -16.5588 0
      vertex 11.9117 -16.7348 -10
    endloop
  endfacet
  facet normal 0.928978 0.370136 0
    outer loop
      vertex 11.8416 -16.5588 0
      vertex 11.9117 -16.7348 0
      vertex 11.9117 -16.7348 -10
    endloop
  endfacet
  facet normal 0.883511 0.46841 0
    outer loop
      vertex 11.9117 -16.7348 -10
      vertex 11.9117 -16.7348 0
      vertex 12.0005 -16.9022 -10
    endloop
  endfacet
  facet normal 0.883511 0.46841 0
    outer loop
      vertex 11.9117 -16.7348 0
      vertex 12.0005 -16.9022 0
      vertex 12.0005 -16.9022 -10
    endloop
  endfacet
  facet normal 0.827689 0.561187 0
    outer loop
      vertex 12.0005 -16.9022 -10
      vertex 12.0005 -16.9022 0
      vertex 12.1068 -17.0591 -10
    endloop
  endfacet
  facet normal 0.827689 0.561187 0
    outer loop
      vertex 12.0005 -16.9022 0
      vertex 12.1068 -17.0591 0
      vertex 12.1068 -17.0591 -10
    endloop
  endfacet
  facet normal 0.762164 0.647384 0
    outer loop
      vertex 12.1068 -17.0591 -10
      vertex 12.1068 -17.0591 0
      vertex 12.2295 -17.2035 -10
    endloop
  endfacet
  facet normal 0.762164 0.647384 0
    outer loop
      vertex 12.1068 -17.0591 0
      vertex 12.2295 -17.2035 0
      vertex 12.2295 -17.2035 -10
    endloop
  endfacet
  facet normal 0.687696 0.725999 0
    outer loop
      vertex 12.2295 -17.2035 -10
      vertex 12.2295 -17.2035 0
      vertex 12.3671 -17.3338 -10
    endloop
  endfacet
  facet normal 0.687696 0.725999 0
    outer loop
      vertex 12.2295 -17.2035 0
      vertex 12.3671 -17.3338 0
      vertex 12.3671 -17.3338 -10
    endloop
  endfacet
  facet normal 0.605174 0.796093 0
    outer loop
      vertex 12.3671 -17.3338 -10
      vertex 12.3671 -17.3338 0
      vertex 12.5179 -17.4485 -10
    endloop
  endfacet
  facet normal 0.605174 0.796093 0
    outer loop
      vertex 12.3671 -17.3338 0
      vertex 12.5179 -17.4485 0
      vertex 12.5179 -17.4485 -10
    endloop
  endfacet
  facet normal 0.515552 0.856858 0
    outer loop
      vertex 12.5179 -17.4485 -10
      vertex 12.5179 -17.4485 0
      vertex 12.6803 -17.5461 -10
    endloop
  endfacet
  facet normal 0.515552 0.856858 0
    outer loop
      vertex 12.5179 -17.4485 0
      vertex 12.6803 -17.5461 0
      vertex 12.6803 -17.5461 -10
    endloop
  endfacet
  facet normal 0.419897 0.907572 0
    outer loop
      vertex 12.6803 -17.5461 -10
      vertex 12.6803 -17.5461 0
      vertex 12.8523 -17.6257 -10
    endloop
  endfacet
  facet normal 0.419897 0.907572 0
    outer loop
      vertex 12.6803 -17.5461 0
      vertex 12.8523 -17.6257 0
      vertex 12.8523 -17.6257 -10
    endloop
  endfacet
  facet normal 0.319297 0.947655 0
    outer loop
      vertex 12.8523 -17.6257 -10
      vertex 12.8523 -17.6257 0
      vertex 13.0318 -17.6862 -10
    endloop
  endfacet
  facet normal 0.319297 0.947655 0
    outer loop
      vertex 12.8523 -17.6257 0
      vertex 13.0318 -17.6862 0
      vertex 13.0318 -17.6862 -10
    endloop
  endfacet
  facet normal 0.214972 0.97662 0
    outer loop
      vertex 13.0318 -17.6862 -10
      vertex 13.0318 -17.6862 0
      vertex 13.2169 -17.7269 -10
    endloop
  endfacet
  facet normal 0.214972 0.97662 0
    outer loop
      vertex 13.0318 -17.6862 0
      vertex 13.2169 -17.7269 0
      vertex 13.2169 -17.7269 -10
    endloop
  endfacet
  facet normal 0.10812 0.994138 0
    outer loop
      vertex 13.2169 -17.7269 -10
      vertex 13.2169 -17.7269 0
      vertex 13.4053 -17.7474 -10
    endloop
  endfacet
  facet normal 0.10812 0.994138 0
    outer loop
      vertex 13.2169 -17.7269 0
      vertex 13.4053 -17.7474 0
      vertex 13.4053 -17.7474 -10
    endloop
  endfacet
  facet normal 0 1 0
    outer loop
      vertex 13.4053 -17.7474 -10
      vertex 13.4053 -17.7474 0
      vertex 13.5947 -17.7474 -10
    endloop
  endfacet
  facet normal 0 1 0
    outer loop
      vertex 13.4053 -17.7474 0
      vertex 13.5947 -17.7474 0
      vertex 13.5947 -17.7474 -10
    endloop
  endfacet
  facet normal -0.10812 0.994138 0
    outer loop
      vertex 13.5947 -17.7474 -10
      vertex 13.5947 -17.7474 0
      vertex 13.7831 -17.7269 -10
    endloop
  endfacet
  facet normal -0.10812 0.994138 0
    outer loop
      vertex 13.5947 -17.7474 0
      vertex 13.7831 -17.7269 0
      vertex 13.7831 -17.7269 -10
    endloop
  endfacet
  facet normal -0.214972 0.97662 0
    outer loop
      vertex 13.7831 -17.7269 -10
      vertex 13.7831 -17.7269 0
      vertex 13.9682 -17.6862 -10
    endloop
  endfacet
  facet normal -0.214972 0.97662 0
    outer loop
      vertex 13.7831 -17.7269 0
      vertex 13.9682 -17.6862 0
      vertex 13.9682 -17.6862 -10
    endloop
  endfacet
  facet normal -0.319297 0.947655 0
    outer loop
      vertex 13.9682 -17.6862 -10
      vertex 13.9682 -17.6862 0
      vertex 14.1477 -17.6257 -10
    endloop
  endfacet
  facet normal -0.319297 0.947655 0
    outer loop
      vertex 13.9682 -17.6862 0
      vertex 14.1477 -17.6257 0
      vertex 14.1477 -17.6257 -10
    endloop
  endfacet
  facet normal -0.419895 0.907573 0
    outer loop
      vertex 14.1477 -17.6257 -10
      vertex 14.1477 -17.6257 0
      vertex 14.3197 -17.5461 -10
    endloop
  endfacet
  facet normal -0.419895 0.907573 0
    outer loop
      vertex 14.1477 -17.6257 0
      vertex 14.3197 -17.5461 0
      vertex 14.3197 -17.5461 -10
    endloop
  endfacet
  facet normal -0.515554 0.856857 0
    outer loop
      vertex 14.3197 -17.5461 -10
      vertex 14.3197 -17.5461 0
      vertex 14.4821 -17.4485 -10
    endloop
  endfacet
  facet normal -0.515554 0.856857 0
    outer loop
      vertex 14.3197 -17.5461 0
      vertex 14.4821 -17.4485 0
      vertex 14.4821 -17.4485 -10
    endloop
  endfacet
  facet normal -0.605172 0.796095 0
    outer loop
      vertex 14.4821 -17.4485 -10
      vertex 14.4821 -17.4485 0
      vertex 14.6329 -17.3338 -10
    endloop
  endfacet
  facet normal -0.605172 0.796095 0
    outer loop
      vertex 14.4821 -17.4485 0
      vertex 14.6329 -17.3338 0
      vertex 14.6329 -17.3338 -10
    endloop
  endfacet
  facet normal -0.687699 0.725996 0
    outer loop
      vertex 14.6329 -17.3338 -10
      vertex 14.6329 -17.3338 0
      vertex 14.7705 -17.2035 -10
    endloop
  endfacet
  facet normal -0.687699 0.725996 0
    outer loop
      vertex 14.6329 -17.3338 0
      vertex 14.7705 -17.2035 0
      vertex 14.7705 -17.2035 -10
    endloop
  endfacet
  facet normal -0.762164 0.647384 0
    outer loop
      vertex 14.7705 -17.2035 -10
      vertex 14.7705 -17.2035 0
      vertex 14.8932 -17.0591 -10
    endloop
  endfacet
  facet normal -0.762164 0.647384 0
    outer loop
      vertex 14.7705 -17.2035 0
      vertex 14.8932 -17.0591 0
      vertex 14.8932 -17.0591 -10
    endloop
  endfacet
  facet normal -0.827687 0.56119 0
    outer loop
      vertex 14.8932 -17.0591 -10
      vertex 14.8932 -17.0591 0
      vertex 14.9995 -16.9022 -10
    endloop
  endfacet
  facet normal -0.827687 0.56119 0
    outer loop
      vertex 14.8932 -17.0591 0
      vertex 14.9995 -16.9022 0
      vertex 14.9995 -16.9022 -10
    endloop
  endfacet
  facet normal -0.883511 0.46841 0
    outer loop
      vertex 14.9995 -16.9022 -10
      vertex 14.9995 -16.9022 0
      vertex 15.0883 -16.7348 -10
    endloop
  endfacet
  facet normal -0.883511 0.46841 0
    outer loop
      vertex 14.9995 -16.9022 0
      vertex 15.0883 -16.7348 0
      vertex 15.0883 -16.7348 -10
    endloop
  endfacet
  facet normal -0.928978 0.370136 0
    outer loop
      vertex 15.0883 -16.7348 -10
      vertex 15.0883 -16.7348 0
      vertex 15.1584 -16.5588 -10
    endloop
  endfacet
  facet normal -0.928978 0.370136 0
    outer loop
      vertex 15.0883 -16.7348 0
      vertex 15.1584 -16.5588 0
      vertex 15.1584 -16.5588 -10
    endloop
  endfacet
  facet normal -0.96355 0.267529 0
    outer loop
      vertex 15.1584 -16.5588 -10
      vertex 15.1584 -16.5588 0
      vertex 15.2091 -16.3762 -10
    endloop
  endfacet
  facet normal -0.96355 0.267529 0
    outer loop
      vertex 15.1584 -16.5588 0
      vertex 15.2091 -16.3762 0
      vertex 15.2091 -16.3762 -10
    endloop
  endfacet
  facet normal -0.986827 0.161781 0
    outer loop
      vertex 15.2091 -16.3762 -10
      vertex 15.2091 -16.3762 0
      vertex 15.2397 -16.1892 -10
    endloop
  endfacet
  facet normal -0.986827 0.161781 0
    outer loop
      vertex 15.2091 -16.3762 0
      vertex 15.2397 -16.1892 0
      vertex 15.2397 -16.1892 -10
    endloop
  endfacet
  facet normal -0.998533 0.0541388 0
    outer loop
      vertex 15.2397 -16.1892 -10
      vertex 15.2397 -16.1892 0
      vertex 15.25 -16 -10
    endloop
  endfacet
  facet normal -0.998533 0.0541388 0
    outer loop
      vertex 15.2397 -16.1892 0
      vertex 15.25 -16 0
      vertex 15.25 -16 -10
    endloop
  endfacet
  facet normal 0 1 0
    outer loop
      vertex -8.5 -9 0
      vertex -6.3 -9 0
      vertex -8.5 -9 -7
    endloop
  endfacet
  facet normal 0 1 0
    outer loop
      vertex -6.3 -9 0
      vertex -6.3 -9 -7
      vertex -8.5 -9 -7
    endloop
  endfacet
  facet normal 0 0 -1
    outer loop
      vertex -17.5 -15 -10
      vertex -17.5 15 -10
      vertex -14.7705 -14.7965 -10
    endloop
  endfacet
  facet normal 0 0 -1
    outer loop
      vertex 11.75 -16 -10
      vertex -13.0318 -17.6862 -10
      vertex -12.8523 -17.6257 -10
    endloop
  endfacet
  facet normal 0 0 -1
    outer loop
      vertex -12.8523 -17.6257 -10
      vertex -12.6803 -17.5461 -10
      vertex 11.75 -16 -10
    endloop
  endfacet
  facet normal 0 0 -1
    outer loop
      vertex -12.6803 -17.5461 -10
      vertex -12.5179 -17.4485 -10
      vertex 11.75 -16 -10
    endloop
  endfacet
  facet normal 0 0 -1
    outer loop
      vertex 11.75 -16 -10
      vertex -12.5179 -17.4485 -10
      vertex -12.3671 -17.3338 -10
    endloop
  endfacet
  facet normal 0 0 -1
    outer loop
      vertex -14.7705 -14.7965 -10
      vertex -14.8932 -14.9409 -10
      vertex -17.5 -15 -10
    endloop
  endfacet
  facet normal 0 0 -1
    outer loop
      vertex -14.8932 -14.9409 -10
      vertex -14.9995 -15.0978 -10
      vertex -17.5 -15 -10
    endloop
  endfacet
  facet normal 0 0 -1
    outer loop
      vertex -17.5 -15 -10
      vertex -14.9995 -15.0978 -10
      vertex -15.0883 -15.2652 -10
    endloop
  endfacet
  facet normal 0 0 -1
    outer loop
      vertex 15 -19.3301 -10
      vertex 14.3197 -17.5461 -10
      vertex 15.4389 -19.0451 -10
    endloop
  endfacet
  facet normal 0 0 -1
    outer loop
      vertex 14.3197 -17.5461 -10
      vertex 14.4821 -17.4485 -10
      vertex 15.4389 -19.0451 -10
    endloop
  endfacet
  facet normal 0 0 -1
    outer loop
      vertex 15.4389 -19.0451 -10
      vertex 14.4821 -17.4485 -10
      vertex 15.8457 -18.7157 -10
    endloop
  endfacet
  facet normal 0 0 -1
    outer loop
      vertex 14.4821 -17.4485 -10
      vertex 14.6329 -17.3338 -10
      vertex 15.8457 -18.7157 -10
    endloop
  endfacet
  facet normal 0 0 -1
    outer loop
      vertex 15.8457 -18.7157 -10
      vertex 14.6329 -17.3338 -10
      vertex 16.2157 -18.3457 -10
    endloop
  endfacet
  facet normal 0 0 -1
    outer loop
      vertex -12.6803 -14.4539 -10
      vertex -12.8523 -14.3743 -10
      vertex -17.5 15 -10
    endloop
  endfacet
  facet normal 0 0 -1
    outer loop
      vertex -15.0883 -15.2652 -10
      vertex -15.1584 -15.4412 -10
      vertex -17.5 -15 -10
    endloop
  endfacet
  facet normal 0 0 -1
    outer loop
      vertex -15.1584 -15.4412 -10
      vertex -15.2091 -15.6238 -10
      vertex -17.5 -15 -10
    endloop
  endfacet
  facet normal 0 0 -1
    outer loop
      vertex -17.5 -15 -10
      vertex -15.2091 -15.6238 -10
      vertex -17.4726 -15.5226 -10
    endloop
  endfacet
  facet normal 0 0 -1
    outer loop
      vertex -15.2091 -15.6238 -10
      vertex -15.2397 -15.8108 -10
      vertex -17.4726 -15.5226 -10
    endloop
  endfacet
  facet normal 0 0 -1
    outer loop
      vertex -17.4726 -15.5226 -10
      vertex -15.2397 -15.8108 -10
      vertex -17.3907 -16.0396 -10
    endloop
  endfacet
  facet normal 0 0 -1
    outer loop
      vertex -15.2397 -15.8108 -10
      vertex -15.25 -16 -10
      vertex -17.3907 -16.0396 -10
    endloop
  endfacet
  facet normal 0 0 -1
    outer loop
      vertex -17.3907 -16.0396 -10
      vertex -15.25 -16 -10
      vertex -17.2553 -16.5451 -10
    endloop
  endfacet
  facet normal 0 0 -1
    outer loop
      vertex -15.25 -16 -10
      vertex -15.2397 -16.1892 -10
      vertex -17.2553 -16.5451 -10
    endloop
  endfacet
  facet normal 0 0 -1
    outer loop
      vertex -17.2553 -16.5451 -10
      vertex -15.2397 -16.1892 -10
      vertex -17.0677 -17.0337 -10
    endloop
  endfacet
  facet normal 0 0 -1
    outer loop
      vertex -15.1584 15.4412 -10
      vertex -15.0883 15.2652 -10
      vertex -17.5 15 -10
    endloop
  endfacet
  facet normal 0 0 -1
    outer loop
      vertex -15.0883 15.2652 -10
      vertex -14.9995 15.0978 -10
      vertex -17.5 15 -10
    endloop
  endfacet
  facet normal 0 0 -1
    outer loop
      vertex -12.3671 -17.3338 -10
      vertex -12.2295 -17.2035 -10
      vertex 11.75 -16 -10
    endloop
  endfacet
  facet normal 0 0 -1
    outer loop
      vertex -12.2295 -17.2035 -10
      vertex -12.1068 -17.0591 -10
      vertex 11.75 -16 -10
    endloop
  endfacet
  facet normal 0 0 -1
    outer loop
      vertex 11.75 -16 -10
      vertex -12.1068 -17.0591 -10
      vertex -12.0005 -16.9022 -10
    endloop
  endfacet
  facet normal 0 0 -1
    outer loop
      vertex -12.0005 -16.9022 -10
      vertex -11.9117 -16.7348 -10
      vertex 11.75 -16 -10
    endloop
  endfacet
  facet normal 0 0 -1
    outer loop
      vertex -11.9117 -16.7348 -10
      vertex -11.8416 -16.5588 -10
      vertex 11.75 -16 -10
    endloop
  endfacet
  facet normal 0 0 -1
    outer loop
      vertex 11.75 -16 -10
      vertex -11.8416 -16.5588 -10
      vertex -11.7909 -16.3762 -10
    endloop
  endfacet
  facet normal 0 0 -1
    outer loop
      vertex 11.8416 -16.5588 -10
      vertex 11.9117 -16.7348 -10
      vertex -12.5 -20 -10
    endloop
  endfacet
  facet normal 0 0 -1
    outer loop
      vertex 11.9117 -16.7348 -10
      vertex 12.0005 -16.9022 -10
      vertex -12.5 -20 -10
    endloop
  endfacet
  facet normal 0 0 -1
    outer loop
      vertex 11.7603 15.8108 -10
      vertex 11.7909 15.6238 -10
      vertex -13.4053 14.2526 -10
    endloop
  endfacet
  facet normal 0 0 -1
    outer loop
      vertex -12.1068 17.0591 -10
      vertex -12.2295 17.2035 -10
      vertex 11.9117 16.7348 -10
    endloop
  endfacet
  facet normal 0 0 -1
    outer loop
      vertex -12.2295 17.2035 -10
      vertex -12.5 20 -10
      vertex 11.9117 16.7348 -10
    endloop
  endfacet
  facet normal 0 0 -1
    outer loop
      vertex 11.9117 16.7348 -10
      vertex -12.5 20 -10
      vertex 12.0005 16.9022 -10
    endloop
  endfacet
  facet normal 0 0 -1
    outer loop
      vertex -12.5 20 -10
      vertex 12.1068 17.0591 -10
      vertex 12.0005 16.9022 -10
    endloop
  endfacet
  facet normal 0 0 -1
    outer loop
      vertex -12.0005 -15.0978 -10
      vertex 11.9117 -15.2652 -10
      vertex -11.9117 -15.2652 -10
    endloop
  endfacet
  facet normal 0 0 -1
    outer loop
      vertex 11.9117 -15.2652 -10
      vertex 11.8416 -15.4412 -10
      vertex -11.9117 -15.2652 -10
    endloop
  endfacet
  facet normal 0 0 -1
    outer loop
      vertex -12.6803 -14.4539 -10
      vertex -17.5 15 -10
      vertex -12.5179 -14.5515 -10
    endloop
  endfacet
  facet normal 0 0 -1
    outer loop
      vertex -13.9682 -14.3138 -10
      vertex -14.1477 -14.3743 -10
      vertex -17.5 15 -10
    endloop
  endfacet
  facet normal 0 0 -1
    outer loop
      vertex -14.1477 -14.3743 -10
      vertex -14.3197 -14.4539 -10
      vertex -17.5 15 -10
    endloop
  endfacet
  facet normal 0 0 -1
    outer loop
      vertex -15.2397 -16.1892 -10
      vertex -15.2091 -16.3762 -10
      vertex -17.0677 -17.0337 -10
    endloop
  endfacet
  facet normal 0 0 -1
    outer loop
      vertex -15.2091 -16.3762 -10
      vertex -15.1584 -16.5588 -10
      vertex -17.0677 -17.0337 -10
    endloop
  endfacet
  facet normal 0 0 -1
    outer loop
      vertex -17.0677 -17.0337 -10
      vertex -15.1584 -16.5588 -10
      vertex -16.8301 -17.5 -10
    endloop
  endfacet
  facet normal 0 0 -1
    outer loop
      vertex -15.1584 -16.5588 -10
      vertex -15.0883 -16.7348 -10
      vertex -16.8301 -17.5 -10
    endloop
  endfacet
  facet normal 0 0 -1
    outer loop
      vertex -16.8301 -17.5 -10
      vertex -15.0883 -16.7348 -10
      vertex -16.5451 -17.9389 -10
    endloop
  endfacet
  facet normal 0 0 -1
    outer loop
      vertex -15.0883 -16.7348 -10
      vertex -14.9995 -16.9022 -10
      vertex -16.5451 -17.9389 -10
    endloop
  endfacet
  facet normal 0 0 -1
    outer loop
      vertex -16.5451 -17.9389 -10
      vertex -14.9995 -16.9022 -10
      vertex -16.2157 -18.3457 -10
    endloop
  endfacet
  facet normal 0 0 -1
    outer loop
      vertex 12.0005 -16.9022 -10
      vertex 12.1068 -17.0591 -10
      vertex -12.5 -20 -10
    endloop
  endfacet
  facet normal 0 0 -1
    outer loop
      vertex 12.1068 -17.0591 -10
      vertex 12.2295 -17.2035 -10
      vertex -12.5 -20 -10
    endloop
  endfacet
  facet normal 0 0 -1
    outer loop
      vertex -12.5 -20 -10
      vertex 12.2295 -17.2035 -10
      vertex 12.5 -20 -10
    endloop
  endfacet
  facet normal 0 0 -1
    outer loop
      vertex 11.7909 15.6238 -10
      vertex 11.8416 15.4412 -10
      vertex -13.4053 14.2526 -10
    endloop
  endfacet
  facet normal 0 0 -1
    outer loop
      vertex 11.8416 15.4412 -10
      vertex 11.9117 15.2652 -10
      vertex -13.4053 14.2526 -10
    endloop
  endfacet
  facet normal 0 0 -1
    outer loop
      vertex -13.4053 14.2526 -10
      vertex 11.9117 15.2652 -10
      vertex 12.0005 15.0978 -10
    endloop
  endfacet
  facet normal 0 0 -1
    outer loop
      vertex 15.1584 -15.4412 -10
      vertex 15.0883 -15.2652 -10
      vertex 17.5 -15 -10
    endloop
  endfacet
  facet normal 0 0 -1
    outer loop
      vertex 16.2157 18.3457 -10
      vertex 14.7705 17.2035 -10
      vertex 15.8457 18.7157 -10
    endloop
  endfacet
  facet normal 0 0 -1
    outer loop
      vertex 14.7705 17.2035 -10
      vertex 14.6329 17.3338 -10
      vertex 15.8457 18.7157 -10
    endloop
  endfacet
  facet normal 0 0 -1
    outer loop
      vertex 15.8457 18.7157 -10
      vertex 14.6329 17.3338 -10
      vertex 15.4389 19.0451 -10
    endloop
  endfacet
  facet normal 0 0 -1
    outer loop
      vertex 14.6329 17.3338 -10
      vertex 14.4821 17.4485 -10
      vertex 15.4389 19.0451 -10
    endloop
  endfacet
  facet normal 0 0 -1
    outer loop
      vertex 15.4389 19.0451 -10
      vertex 14.4821 17.4485 -10
      vertex 15 19.3301 -10
    endloop
  endfacet
  facet normal 0 0 -1
    outer loop
      vertex 12.8523 17.6257 -10
      vertex 12.6803 17.5461 -10
      vertex 12.5 20 -10
    endloop
  endfacet
  facet normal 0 0 -1
    outer loop
      vertex -12.8523 14.3743 -10
      vertex -12.6803 14.4539 -10
      vertex 11.75 16 -10
    endloop
  endfacet
  facet normal 0 0 -1
    outer loop
      vertex -12.8523 14.3743 -10
      vertex 11.75 16 -10
      vertex -13.0318 14.3138 -10
    endloop
  endfacet
  facet normal 0 0 -1
    outer loop
      vertex -12.2295 17.2035 -10
      vertex -12.3671 17.3338 -10
      vertex -12.5 20 -10
    endloop
  endfacet
  facet normal 0 0 -1
    outer loop
      vertex -12.3671 17.3338 -10
      vertex -12.5179 17.4485 -10
      vertex -12.5 20 -10
    endloop
  endfacet
  facet normal 0 0 -1
    outer loop
      vertex -12.5 20 -10
      vertex -12.5179 17.4485 -10
      vertex -12.6803 17.5461 -10
    endloop
  endfacet
  facet normal 0 0 -1
    outer loop
      vertex -16.2157 18.3457 -10
      vertex -14.8932 17.0591 -10
      vertex -16.5451 17.9389 -10
    endloop
  endfacet
  facet normal 0 0 -1
    outer loop
      vertex -14.8932 17.0591 -10
      vertex -14.9995 16.9022 -10
      vertex -16.5451 17.9389 -10
    endloop
  endfacet
  facet normal 0 0 -1
    outer loop
      vertex -16.5451 17.9389 -10
      vertex -14.9995 16.9022 -10
      vertex -16.8301 17.5 -10
    endloop
  endfacet
  facet normal 0 0 -1
    outer loop
      vertex -14.9995 16.9022 -10
      vertex -15.0883 16.7348 -10
      vertex -16.8301 17.5 -10
    endloop
  endfacet
  facet normal 0 0 -1
    outer loop
      vertex -16.8301 17.5 -10
      vertex -15.0883 16.7348 -10
      vertex -17.0677 17.0337 -10
    endloop
  endfacet
  facet normal 0 0 -1
    outer loop
      vertex -15.0883 16.7348 -10
      vertex -15.1584 16.5588 -10
      vertex -17.0677 17.0337 -10
    endloop
  endfacet
  facet normal 0 0 -1
    outer loop
      vertex -15.1584 16.5588 -10
      vertex -15.2091 16.3762 -10
      vertex -17.0677 17.0337 -10
    endloop
  endfacet
  facet normal 0 0 -1
    outer loop
      vertex -17.0677 17.0337 -10
      vertex -15.2091 16.3762 -10
      vertex -17.2553 16.5451 -10
    endloop
  endfacet
  facet normal 0 0 -1
    outer loop
      vertex -15.2091 16.3762 -10
      vertex -15.2397 16.1892 -10
      vertex -17.2553 16.5451 -10
    endloop
  endfacet
  facet normal 0 0 -1
    outer loop
      vertex -17.2553 16.5451 -10
      vertex -15.2397 16.1892 -10
      vertex -17.3907 16.0396 -10
    endloop
  endfacet
  facet normal 0 0 -1
    outer loop
      vertex -15.2397 16.1892 -10
      vertex -15.25 16 -10
      vertex -17.3907 16.0396 -10
    endloop
  endfacet
  facet normal 0 0 -1
    outer loop
      vertex -17.3907 16.0396 -10
      vertex -15.25 16 -10
      vertex -17.4726 15.5226 -10
    endloop
  endfacet
  facet normal 0 0 -1
    outer loop
      vertex -15.25 16 -10
      vertex -15.2397 15.8108 -10
      vertex -17.4726 15.5226 -10
    endloop
  endfacet
  facet normal 0 0 -1
    outer loop
      vertex -17.4726 15.5226 -10
      vertex -15.2397 15.8108 -10
      vertex -17.5 15 -10
    endloop
  endfacet
  facet normal 0 0 -1
    outer loop
      vertex -15.2397 15.8108 -10
      vertex -15.2091 15.6238 -10
      vertex -17.5 15 -10
    endloop
  endfacet
  facet normal 0 0 -1
    outer loop
      vertex -17.5 15 -10
      vertex -15.2091 15.6238 -10
      vertex -15.1584 15.4412 -10
    endloop
  endfacet
  facet normal 0 0 -1
    outer loop
      vertex -14.9995 -16.9022 -10
      vertex -14.8932 -17.0591 -10
      vertex -16.2157 -18.3457 -10
    endloop
  endfacet
  facet normal 0 0 -1
    outer loop
      vertex -14.8932 -17.0591 -10
      vertex -14.7705 -17.2035 -10
      vertex -16.2157 -18.3457 -10
    endloop
  endfacet
  facet normal 0 0 -1
    outer loop
      vertex -16.2157 -18.3457 -10
      vertex -14.7705 -17.2035 -10
      vertex -15.8457 -18.7157 -10
    endloop
  endfacet
  facet normal 0 0 -1
    outer loop
      vertex -14.7705 -17.2035 -10
      vertex -14.6329 -17.3338 -10
      vertex -15.8457 -18.7157 -10
    endloop
  endfacet
  facet normal 0 0 -1
    outer loop
      vertex -15.8457 -18.7157 -10
      vertex -14.6329 -17.3338 -10
      vertex -15.4389 -19.0451 -10
    endloop
  endfacet
  facet normal 0 0 -1
    outer loop
      vertex -14.6329 -17.3338 -10
      vertex -14.4821 -17.4485 -10
      vertex -15.4389 -19.0451 -10
    endloop
  endfacet
  facet normal 0 0 -1
    outer loop
      vertex -15.4389 -19.0451 -10
      vertex -14.4821 -17.4485 -10
      vertex -15 -19.3301 -10
    endloop
  endfacet
  facet normal 0 0 -1
    outer loop
      vertex 12.2295 -17.2035 -10
      vertex 12.3671 -17.3338 -10
      vertex 12.5 -20 -10
    endloop
  endfacet
  facet normal 0 0 -1
    outer loop
      vertex 12.3671 -17.3338 -10
      vertex 12.5179 -17.4485 -10
      vertex 12.5 -20 -10
    endloop
  endfacet
  facet normal 0 0 -1
    outer loop
      vertex 12.5 -20 -10
      vertex 12.5179 -17.4485 -10
      vertex 12.6803 -17.5461 -10
    endloop
  endfacet
  facet normal 0 0 -1
    outer loop
      vertex 12.6803 -17.5461 -10
      vertex 12.8523 -17.6257 -10
      vertex 12.5 -20 -10
    endloop
  endfacet
  facet normal 0 0 -1
    outer loop
      vertex 12.8523 -17.6257 -10
      vertex 13.0318 -17.6862 -10
      vertex 12.5 -20 -10
    endloop
  endfacet
  facet normal 0 0 -1
    outer loop
      vertex 12.5 -20 -10
      vertex 13.0318 -17.6862 -10
      vertex 13.0226 -19.9726 -10
    endloop
  endfacet
  facet normal 0 0 -1
    outer loop
      vertex 12.2295 -14.7965 -10
      vertex 12.1068 -14.9409 -10
      vertex -17.5 15 -10
    endloop
  endfacet
  facet normal 0 0 -1
    outer loop
      vertex 12.1068 -14.9409 -10
      vertex 12.0005 -15.0978 -10
      vertex -17.5 15 -10
    endloop
  endfacet
  facet normal 0 0 -1
    outer loop
      vertex -17.5 15 -10
      vertex 12.0005 -15.0978 -10
      vertex 11.9117 -15.2652 -10
    endloop
  endfacet
  facet normal 0 0 -1
    outer loop
      vertex 17.5 -15 -10
      vertex 14.3197 14.4539 -10
      vertex 14.4821 14.5515 -10
    endloop
  endfacet
  facet normal 0 0 -1
    outer loop
      vertex 11.7603 15.8108 -10
      vertex -13.4053 14.2526 -10
      vertex 11.75 16 -10
    endloop
  endfacet
  facet normal 0 0 -1
    outer loop
      vertex -13.4053 14.2526 -10
      vertex -13.2169 14.2731 -10
      vertex 11.75 16 -10
    endloop
  endfacet
  facet normal 0 0 -1
    outer loop
      vertex 11.75 16 -10
      vertex -13.2169 14.2731 -10
      vertex -13.0318 14.3138 -10
    endloop
  endfacet
  facet normal 0 0 -1
    outer loop
      vertex -12.6803 14.4539 -10
      vertex -12.5179 14.5515 -10
      vertex 11.75 16 -10
    endloop
  endfacet
  facet normal 0 0 -1
    outer loop
      vertex -12.5179 14.5515 -10
      vertex -12.3671 14.6662 -10
      vertex 11.75 16 -10
    endloop
  endfacet
  facet normal 0 0 -1
    outer loop
      vertex 11.75 16 -10
      vertex -12.3671 14.6662 -10
      vertex -12.2295 14.7965 -10
    endloop
  endfacet
  facet normal 0 0 -1
    outer loop
      vertex -12.6803 17.5461 -10
      vertex -12.8523 17.6257 -10
      vertex -12.5 20 -10
    endloop
  endfacet
  facet normal 0 0 -1
    outer loop
      vertex -12.8523 17.6257 -10
      vertex -13.0318 17.6862 -10
      vertex -12.5 20 -10
    endloop
  endfacet
  facet normal 0 0 -1
    outer loop
      vertex -12.5 20 -10
      vertex -13.0318 17.6862 -10
      vertex -13.0226 19.9726 -10
    endloop
  endfacet
  facet normal 0 0 -1
    outer loop
      vertex -12.0005 -15.0978 -10
      vertex -12.1068 -14.9409 -10
      vertex 11.9117 -15.2652 -10
    endloop
  endfacet
  facet normal 0 0 -1
    outer loop
      vertex -12.1068 -14.9409 -10
      vertex -12.2295 -14.7965 -10
      vertex 11.9117 -15.2652 -10
    endloop
  endfacet
  facet normal 0 0 -1
    outer loop
      vertex 11.9117 -15.2652 -10
      vertex -12.2295 -14.7965 -10
      vertex -17.5 15 -10
    endloop
  endfacet
  facet normal 0 0 -1
    outer loop
      vertex -12.2295 -14.7965 -10
      vertex -12.3671 -14.6662 -10
      vertex -17.5 15 -10
    endloop
  endfacet
  facet normal 0 0 -1
    outer loop
      vertex -17.5 15 -10
      vertex -12.3671 -14.6662 -10
      vertex -12.5179 -14.5515 -10
    endloop
  endfacet
  facet normal 0 0 -1
    outer loop
      vertex -12.8523 -14.3743 -10
      vertex -13.0318 -14.3138 -10
      vertex -17.5 15 -10
    endloop
  endfacet
  facet normal 0 0 -1
    outer loop
      vertex -13.0318 -14.3138 -10
      vertex -13.2169 -14.2731 -10
      vertex -17.5 15 -10
    endloop
  endfacet
  facet normal 0 0 -1
    outer loop
      vertex -17.5 15 -10
      vertex -13.2169 -14.2731 -10
      vertex -13.4053 -14.2526 -10
    endloop
  endfacet
  facet normal 0 0 -1
    outer loop
      vertex -14.3197 -14.4539 -10
      vertex -14.4821 -14.5515 -10
      vertex -17.5 15 -10
    endloop
  endfacet
  facet normal 0 0 -1
    outer loop
      vertex -14.4821 -14.5515 -10
      vertex -14.6329 -14.6662 -10
      vertex -17.5 15 -10
    endloop
  endfacet
  facet normal 0 0 -1
    outer loop
      vertex -17.5 15 -10
      vertex -14.6329 -14.6662 -10
      vertex -14.7705 -14.7965 -10
    endloop
  endfacet
  facet normal 0 0 -1
    outer loop
      vertex -14.4821 -17.4485 -10
      vertex -14.3197 -17.5461 -10
      vertex -15 -19.3301 -10
    endloop
  endfacet
  facet normal 0 0 -1
    outer loop
      vertex -14.3197 -17.5461 -10
      vertex -14.1477 -17.6257 -10
      vertex -15 -19.3301 -10
    endloop
  endfacet
  facet normal 0 0 -1
    outer loop
      vertex -15 -19.3301 -10
      vertex -14.1477 -17.6257 -10
      vertex -14.5337 -19.5677 -10
    endloop
  endfacet
  facet normal 0 0 -1
    outer loop
      vertex -14.1477 -17.6257 -10
      vertex -13.9682 -17.6862 -10
      vertex -14.5337 -19.5677 -10
    endloop
  endfacet
  facet normal 0 0 -1
    outer loop
      vertex -14.5337 -19.5677 -10
      vertex -13.9682 -17.6862 -10
      vertex -14.0451 -19.7553 -10
    endloop
  endfacet
  facet normal 0 0 -1
    outer loop
      vertex -13.9682 -17.6862 -10
      vertex -13.7831 -17.7269 -10
      vertex -14.0451 -19.7553 -10
    endloop
  endfacet
  facet normal 0 0 -1
    outer loop
      vertex -14.0451 -19.7553 -10
      vertex -13.7831 -17.7269 -10
      vertex -13.5396 -19.8907 -10
    endloop
  endfacet
  facet normal 0 0 -1
    outer loop
      vertex -13.7831 -17.7269 -10
      vertex -13.5947 -17.7474 -10
      vertex -13.5396 -19.8907 -10
    endloop
  endfacet
  facet normal 0 0 -1
    outer loop
      vertex -13.5396 -19.8907 -10
      vertex -13.5947 -17.7474 -10
      vertex -13.4053 -17.7474 -10
    endloop
  endfacet
  facet normal 0 0 -1
    outer loop
      vertex -14.9995 15.0978 -10
      vertex -14.8932 14.9409 -10
      vertex -17.5 15 -10
    endloop
  endfacet
  facet normal 0 0 -1
    outer loop
      vertex -14.8932 14.9409 -10
      vertex -14.7705 14.7965 -10
      vertex -17.5 15 -10
    endloop
  endfacet
  facet normal 0 0 -1
    outer loop
      vertex -17.5 15 -10
      vertex -14.7705 14.7965 -10
      vertex -14.6329 14.6662 -10
    endloop
  endfacet
  facet normal 0 0 -1
    outer loop
      vertex 14.9995 15.0978 -10
      vertex 15.0883 15.2652 -10
      vertex 17.5 15 -10
    endloop
  endfacet
  facet normal 0 0 -1
    outer loop
      vertex 14.4821 17.4485 -10
      vertex 14.3197 17.5461 -10
      vertex 15 19.3301 -10
    endloop
  endfacet
  facet normal 0 0 -1
    outer loop
      vertex 14.3197 17.5461 -10
      vertex 14.1477 17.6257 -10
      vertex 15 19.3301 -10
    endloop
  endfacet
  facet normal 0 0 -1
    outer loop
      vertex 15 19.3301 -10
      vertex 14.1477 17.6257 -10
      vertex 14.5337 19.5677 -10
    endloop
  endfacet
  facet normal 0 0 -1
    outer loop
      vertex 14.1477 17.6257 -10
      vertex 13.9682 17.6862 -10
      vertex 14.5337 19.5677 -10
    endloop
  endfacet
  facet normal 0 0 -1
    outer loop
      vertex 14.5337 19.5677 -10
      vertex 13.9682 17.6862 -10
      vertex 14.0451 19.7553 -10
    endloop
  endfacet
  facet normal 0 0 -1
    outer loop
      vertex 13.9682 17.6862 -10
      vertex 13.7831 17.7269 -10
      vertex 14.0451 19.7553 -10
    endloop
  endfacet
  facet normal 0 0 -1
    outer loop
      vertex 14.0451 19.7553 -10
      vertex 13.7831 17.7269 -10
      vertex 13.5396 19.8907 -10
    endloop
  endfacet
  facet normal 0 0 -1
    outer loop
      vertex 13.7831 17.7269 -10
      vertex 13.5947 17.7474 -10
      vertex 13.5396 19.8907 -10
    endloop
  endfacet
  facet normal 0 0 -1
    outer loop
      vertex 13.5396 19.8907 -10
      vertex 13.5947 17.7474 -10
      vertex 13.0226 19.9726 -10
    endloop
  endfacet
  facet normal 0 0 -1
    outer loop
      vertex 11.8416 16.5588 -10
      vertex -11.9117 16.7348 -10
      vertex 11.9117 16.7348 -10
    endloop
  endfacet
  facet normal 0 0 -1
    outer loop
      vertex -11.9117 16.7348 -10
      vertex -12.0005 16.9022 -10
      vertex 11.9117 16.7348 -10
    endloop
  endfacet
  facet normal 0 0 -1
    outer loop
      vertex 11.9117 16.7348 -10
      vertex -12.0005 16.9022 -10
      vertex -12.1068 17.0591 -10
    endloop
  endfacet
  facet normal 0 0 -1
    outer loop
      vertex 11.8416 -15.4412 -10
      vertex 11.7909 -15.6238 -10
      vertex -11.9117 -15.2652 -10
    endloop
  endfacet
  facet normal 0 0 -1
    outer loop
      vertex 11.7909 -15.6238 -10
      vertex 11.7603 -15.8108 -10
      vertex -11.9117 -15.2652 -10
    endloop
  endfacet
  facet normal 0 0 -1
    outer loop
      vertex -11.9117 -15.2652 -10
      vertex 11.7603 -15.8108 -10
      vertex -11.8416 -15.4412 -10
    endloop
  endfacet
  facet normal 0 0 -1
    outer loop
      vertex 11.7603 -15.8108 -10
      vertex -11.7909 -15.6238 -10
      vertex -11.8416 -15.4412 -10
    endloop
  endfacet
  facet normal 0 0 -1
    outer loop
      vertex -13.4053 -14.2526 -10
      vertex -13.5947 -14.2526 -10
      vertex -17.5 15 -10
    endloop
  endfacet
  facet normal 0 0 -1
    outer loop
      vertex -13.5947 -14.2526 -10
      vertex -13.7831 -14.2731 -10
      vertex -17.5 15 -10
    endloop
  endfacet
  facet normal 0 0 -1
    outer loop
      vertex -17.5 15 -10
      vertex -13.7831 -14.2731 -10
      vertex -13.9682 -14.3138 -10
    endloop
  endfacet
  facet normal 0 0 -1
    outer loop
      vertex -13.0226 -19.9726 -10
      vertex -13.5396 -19.8907 -10
      vertex 11.7603 -16.1892 -10
    endloop
  endfacet
  facet normal 0 0 -1
    outer loop
      vertex -13.5396 -19.8907 -10
      vertex -13.4053 -17.7474 -10
      vertex 11.7603 -16.1892 -10
    endloop
  endfacet
  facet normal 0 0 -1
    outer loop
      vertex 11.7603 -16.1892 -10
      vertex -13.4053 -17.7474 -10
      vertex 11.75 -16 -10
    endloop
  endfacet
  facet normal 0 0 -1
    outer loop
      vertex -13.4053 -17.7474 -10
      vertex -13.2169 -17.7269 -10
      vertex 11.75 -16 -10
    endloop
  endfacet
  facet normal 0 0 -1
    outer loop
      vertex 11.75 -16 -10
      vertex -13.2169 -17.7269 -10
      vertex -13.0318 -17.6862 -10
    endloop
  endfacet
  facet normal 0 0 -1
    outer loop
      vertex -13.0226 -19.9726 -10
      vertex 11.7603 -16.1892 -10
      vertex -12.5 -20 -10
    endloop
  endfacet
  facet normal 0 0 -1
    outer loop
      vertex 11.7603 -16.1892 -10
      vertex 11.7909 -16.3762 -10
      vertex -12.5 -20 -10
    endloop
  endfacet
  facet normal 0 0 -1
    outer loop
      vertex -12.5 -20 -10
      vertex 11.7909 -16.3762 -10
      vertex 11.8416 -16.5588 -10
    endloop
  endfacet
  facet normal 0 0 -1
    outer loop
      vertex 13.0318 -17.6862 -10
      vertex 13.2169 -17.7269 -10
      vertex 13.0226 -19.9726 -10
    endloop
  endfacet
  facet normal 0 0 -1
    outer loop
      vertex 13.2169 -17.7269 -10
      vertex 13.4053 -17.7474 -10
      vertex 13.0226 -19.9726 -10
    endloop
  endfacet
  facet normal 0 0 -1
    outer loop
      vertex 13.0226 -19.9726 -10
      vertex 13.4053 -17.7474 -10
      vertex 13.5396 -19.8907 -10
    endloop
  endfacet
  facet normal 0 0 -1
    outer loop
      vertex 13.4053 -17.7474 -10
      vertex 13.5947 -17.7474 -10
      vertex 13.5396 -19.8907 -10
    endloop
  endfacet
  facet normal 0 0 -1
    outer loop
      vertex 13.5396 -19.8907 -10
      vertex 13.5947 -17.7474 -10
      vertex 14.0451 -19.7553 -10
    endloop
  endfacet
  facet normal 0 0 -1
    outer loop
      vertex 13.5947 -17.7474 -10
      vertex 13.7831 -17.7269 -10
      vertex 14.0451 -19.7553 -10
    endloop
  endfacet
  facet normal 0 0 -1
    outer loop
      vertex 14.0451 -19.7553 -10
      vertex 13.7831 -17.7269 -10
      vertex 14.5337 -19.5677 -10
    endloop
  endfacet
  facet normal 0 0 -1
    outer loop
      vertex 13.7831 -17.7269 -10
      vertex 13.9682 -17.6862 -10
      vertex 14.5337 -19.5677 -10
    endloop
  endfacet
  facet normal 0 0 -1
    outer loop
      vertex 14.5337 -19.5677 -10
      vertex 13.9682 -17.6862 -10
      vertex 15 -19.3301 -10
    endloop
  endfacet
  facet normal 0 0 -1
    outer loop
      vertex 13.9682 -17.6862 -10
      vertex 14.1477 -17.6257 -10
      vertex 15 -19.3301 -10
    endloop
  endfacet
  facet normal 0 0 -1
    outer loop
      vertex 15 -19.3301 -10
      vertex 14.1477 -17.6257 -10
      vertex 14.3197 -17.5461 -10
    endloop
  endfacet
  facet normal 0 0 -1
    outer loop
      vertex 17.0677 17.0337 -10
      vertex 15.1584 16.5588 -10
      vertex 16.8301 17.5 -10
    endloop
  endfacet
  facet normal 0 0 -1
    outer loop
      vertex 15.1584 16.5588 -10
      vertex 15.0883 16.7348 -10
      vertex 16.8301 17.5 -10
    endloop
  endfacet
  facet normal 0 0 -1
    outer loop
      vertex 16.8301 17.5 -10
      vertex 15.0883 16.7348 -10
      vertex 16.5451 17.9389 -10
    endloop
  endfacet
  facet normal 0 0 -1
    outer loop
      vertex 15.0883 16.7348 -10
      vertex 14.9995 16.9022 -10
      vertex 16.5451 17.9389 -10
    endloop
  endfacet
  facet normal 0 0 -1
    outer loop
      vertex 16.5451 17.9389 -10
      vertex 14.9995 16.9022 -10
      vertex 16.2157 18.3457 -10
    endloop
  endfacet
  facet normal 0 0 -1
    outer loop
      vertex 14.9995 16.9022 -10
      vertex 14.8932 17.0591 -10
      vertex 16.2157 18.3457 -10
    endloop
  endfacet
  facet normal 0 0 -1
    outer loop
      vertex 16.2157 18.3457 -10
      vertex 14.8932 17.0591 -10
      vertex 14.7705 17.2035 -10
    endloop
  endfacet
  facet normal 0 0 -1
    outer loop
      vertex 13.5947 17.7474 -10
      vertex 13.4053 17.7474 -10
      vertex 13.0226 19.9726 -10
    endloop
  endfacet
  facet normal 0 0 -1
    outer loop
      vertex 13.4053 17.7474 -10
      vertex 13.2169 17.7269 -10
      vertex 13.0226 19.9726 -10
    endloop
  endfacet
  facet normal 0 0 -1
    outer loop
      vertex 13.0226 19.9726 -10
      vertex 13.2169 17.7269 -10
      vertex 12.5 20 -10
    endloop
  endfacet
  facet normal 0 0 -1
    outer loop
      vertex 13.2169 17.7269 -10
      vertex 13.0318 17.6862 -10
      vertex 12.5 20 -10
    endloop
  endfacet
  facet normal 0 0 -1
    outer loop
      vertex 12.5 20 -10
      vertex 13.0318 17.6862 -10
      vertex 12.8523 17.6257 -10
    endloop
  endfacet
  facet normal 0 0 -1
    outer loop
      vertex 12.6803 17.5461 -10
      vertex 12.5179 17.4485 -10
      vertex 12.5 20 -10
    endloop
  endfacet
  facet normal 0 0 -1
    outer loop
      vertex 12.5179 17.4485 -10
      vertex 12.3671 17.3338 -10
      vertex 12.5 20 -10
    endloop
  endfacet
  facet normal 0 0 -1
    outer loop
      vertex 12.5 20 -10
      vertex 12.3671 17.3338 -10
      vertex -12.5 20 -10
    endloop
  endfacet
  facet normal 0 0 -1
    outer loop
      vertex 12.3671 17.3338 -10
      vertex 12.2295 17.2035 -10
      vertex -12.5 20 -10
    endloop
  endfacet
  facet normal 0 0 -1
    outer loop
      vertex -12.5 20 -10
      vertex 12.2295 17.2035 -10
      vertex 12.1068 17.0591 -10
    endloop
  endfacet
  facet normal 0 0 -1
    outer loop
      vertex -11.9117 15.2652 -10
      vertex -11.8416 15.4412 -10
      vertex 11.75 16 -10
    endloop
  endfacet
  facet normal 0 0 -1
    outer loop
      vertex -11.8416 15.4412 -10
      vertex -11.7909 15.6238 -10
      vertex 11.75 16 -10
    endloop
  endfacet
  facet normal 0 0 -1
    outer loop
      vertex 11.8416 16.5588 -10
      vertex 11.7909 16.3762 -10
      vertex -11.9117 16.7348 -10
    endloop
  endfacet
  facet normal 0 0 -1
    outer loop
      vertex 11.7909 16.3762 -10
      vertex 11.7603 16.1892 -10
      vertex -11.9117 16.7348 -10
    endloop
  endfacet
  facet normal 0 0 -1
    outer loop
      vertex -11.9117 16.7348 -10
      vertex 11.7603 16.1892 -10
      vertex -11.8416 16.5588 -10
    endloop
  endfacet
  facet normal 0 0 -1
    outer loop
      vertex 11.7603 16.1892 -10
      vertex -11.7909 16.3762 -10
      vertex -11.8416 16.5588 -10
    endloop
  endfacet
  facet normal 0 0 -1
    outer loop
      vertex -13.0318 17.6862 -10
      vertex -13.2169 17.7269 -10
      vertex -13.0226 19.9726 -10
    endloop
  endfacet
  facet normal 0 0 -1
    outer loop
      vertex -13.2169 17.7269 -10
      vertex -13.4053 17.7474 -10
      vertex -13.0226 19.9726 -10
    endloop
  endfacet
  facet normal 0 0 -1
    outer loop
      vertex -13.0226 19.9726 -10
      vertex -13.4053 17.7474 -10
      vertex -13.5396 19.8907 -10
    endloop
  endfacet
  facet normal 0 0 -1
    outer loop
      vertex -13.4053 17.7474 -10
      vertex -13.5947 17.7474 -10
      vertex -13.5396 19.8907 -10
    endloop
  endfacet
  facet normal 0 0 -1
    outer loop
      vertex -13.5396 19.8907 -10
      vertex -13.5947 17.7474 -10
      vertex -14.0451 19.7553 -10
    endloop
  endfacet
  facet normal 0 0 -1
    outer loop
      vertex -13.5947 17.7474 -10
      vertex -13.7831 17.7269 -10
      vertex -14.0451 19.7553 -10
    endloop
  endfacet
  facet normal 0 0 -1
    outer loop
      vertex -14.0451 19.7553 -10
      vertex -13.7831 17.7269 -10
      vertex -14.5337 19.5677 -10
    endloop
  endfacet
  facet normal 0 0 -1
    outer loop
      vertex -13.7831 17.7269 -10
      vertex -13.9682 17.6862 -10
      vertex -14.5337 19.5677 -10
    endloop
  endfacet
  facet normal 0 0 -1
    outer loop
      vertex -14.5337 19.5677 -10
      vertex -13.9682 17.6862 -10
      vertex -15 19.3301 -10
    endloop
  endfacet
  facet normal 0 0 -1
    outer loop
      vertex -13.9682 17.6862 -10
      vertex -14.1477 17.6257 -10
      vertex -15 19.3301 -10
    endloop
  endfacet
  facet normal 0 0 -1
    outer loop
      vertex -14.1477 17.6257 -10
      vertex -14.3197 17.5461 -10
      vertex -15 19.3301 -10
    endloop
  endfacet
  facet normal 0 0 -1
    outer loop
      vertex -15 19.3301 -10
      vertex -14.3197 17.5461 -10
      vertex -15.4389 19.0451 -10
    endloop
  endfacet
  facet normal 0 0 -1
    outer loop
      vertex -14.3197 17.5461 -10
      vertex -14.4821 17.4485 -10
      vertex -15.4389 19.0451 -10
    endloop
  endfacet
  facet normal 0 0 -1
    outer loop
      vertex -15.4389 19.0451 -10
      vertex -14.4821 17.4485 -10
      vertex -15.8457 18.7157 -10
    endloop
  endfacet
  facet normal 0 0 -1
    outer loop
      vertex -14.4821 17.4485 -10
      vertex -14.6329 17.3338 -10
      vertex -15.8457 18.7157 -10
    endloop
  endfacet
  facet normal 0 0 -1
    outer loop
      vertex -15.8457 18.7157 -10
      vertex -14.6329 17.3338 -10
      vertex -16.2157 18.3457 -10
    endloop
  endfacet
  facet normal 0 0 -1
    outer loop
      vertex -14.6329 17.3338 -10
      vertex -14.7705 17.2035 -10
      vertex -16.2157 18.3457 -10
    endloop
  endfacet
  facet normal 0 0 -1
    outer loop
      vertex -16.2157 18.3457 -10
      vertex -14.7705 17.2035 -10
      vertex -14.8932 17.0591 -10
    endloop
  endfacet
  facet normal 0 0 -1
    outer loop
      vertex -11.7909 -16.3762 -10
      vertex -11.7603 -16.1892 -10
      vertex 11.75 -16 -10
    endloop
  endfacet
  facet normal 0 0 -1
    outer loop
      vertex -11.7603 -16.1892 -10
      vertex -11.75 -16 -10
      vertex 11.75 -16 -10
    endloop
  endfacet
  facet normal 0 0 -1
    outer loop
      vertex 11.75 -16 -10
      vertex -11.75 -16 -10
      vertex 11.7603 -15.8108 -10
    endloop
  endfacet
  facet normal 0 0 -1
    outer loop
      vertex -11.75 -16 -10
      vertex -11.7603 -15.8108 -10
      vertex 11.7603 -15.8108 -10
    endloop
  endfacet
  facet normal 0 0 -1
    outer loop
      vertex 11.7603 -15.8108 -10
      vertex -11.7603 -15.8108 -10
      vertex -11.7909 -15.6238 -10
    endloop
  endfacet
  facet normal 0 0 -1
    outer loop
      vertex 14.6329 -17.3338 -10
      vertex 14.7705 -17.2035 -10
      vertex 16.2157 -18.3457 -10
    endloop
  endfacet
  facet normal 0 0 -1
    outer loop
      vertex 14.7705 -17.2035 -10
      vertex 14.8932 -17.0591 -10
      vertex 16.2157 -18.3457 -10
    endloop
  endfacet
  facet normal 0 0 -1
    outer loop
      vertex 16.2157 -18.3457 -10
      vertex 14.8932 -17.0591 -10
      vertex 16.5451 -17.9389 -10
    endloop
  endfacet
  facet normal 0 0 -1
    outer loop
      vertex 14.8932 -17.0591 -10
      vertex 14.9995 -16.9022 -10
      vertex 16.5451 -17.9389 -10
    endloop
  endfacet
  facet normal 0 0 -1
    outer loop
      vertex 16.5451 -17.9389 -10
      vertex 14.9995 -16.9022 -10
      vertex 16.8301 -17.5 -10
    endloop
  endfacet
  facet normal 0 0 -1
    outer loop
      vertex 14.9995 -16.9022 -10
      vertex 15.0883 -16.7348 -10
      vertex 16.8301 -17.5 -10
    endloop
  endfacet
  facet normal 0 0 -1
    outer loop
      vertex 16.8301 -17.5 -10
      vertex 15.0883 -16.7348 -10
      vertex 17.0677 -17.0337 -10
    endloop
  endfacet
  facet normal 0 0 -1
    outer loop
      vertex 15.0883 15.2652 -10
      vertex 15.1584 15.4412 -10
      vertex 17.5 15 -10
    endloop
  endfacet
  facet normal 0 0 -1
    outer loop
      vertex 15.1584 15.4412 -10
      vertex 15.2091 15.6238 -10
      vertex 17.5 15 -10
    endloop
  endfacet
  facet normal 0 0 -1
    outer loop
      vertex 17.5 15 -10
      vertex 15.2091 15.6238 -10
      vertex 17.4726 15.5226 -10
    endloop
  endfacet
  facet normal 0 0 -1
    outer loop
      vertex 15.2091 15.6238 -10
      vertex 15.2397 15.8108 -10
      vertex 17.4726 15.5226 -10
    endloop
  endfacet
  facet normal 0 0 -1
    outer loop
      vertex 17.4726 15.5226 -10
      vertex 15.2397 15.8108 -10
      vertex 17.3907 16.0396 -10
    endloop
  endfacet
  facet normal 0 0 -1
    outer loop
      vertex 15.2397 15.8108 -10
      vertex 15.25 16 -10
      vertex 17.3907 16.0396 -10
    endloop
  endfacet
  facet normal 0 0 -1
    outer loop
      vertex 17.3907 16.0396 -10
      vertex 15.25 16 -10
      vertex 17.2553 16.5451 -10
    endloop
  endfacet
  facet normal 0 0 -1
    outer loop
      vertex 15.25 16 -10
      vertex 15.2397 16.1892 -10
      vertex 17.2553 16.5451 -10
    endloop
  endfacet
  facet normal 0 0 -1
    outer loop
      vertex 17.2553 16.5451 -10
      vertex 15.2397 16.1892 -10
      vertex 17.0677 17.0337 -10
    endloop
  endfacet
  facet normal 0 0 -1
    outer loop
      vertex 15.2397 16.1892 -10
      vertex 15.2091 16.3762 -10
      vertex 17.0677 17.0337 -10
    endloop
  endfacet
  facet normal 0 0 -1
    outer loop
      vertex 17.0677 17.0337 -10
      vertex 15.2091 16.3762 -10
      vertex 15.1584 16.5588 -10
    endloop
  endfacet
  facet normal 0 0 -1
    outer loop
      vertex 14.4821 14.5515 -10
      vertex 14.6329 14.6662 -10
      vertex 17.5 -15 -10
    endloop
  endfacet
  facet normal 0 0 -1
    outer loop
      vertex 14.6329 14.6662 -10
      vertex 14.7705 14.7965 -10
      vertex 17.5 -15 -10
    endloop
  endfacet
  facet normal 0 0 -1
    outer loop
      vertex 17.5 -15 -10
      vertex 14.7705 14.7965 -10
      vertex 17.5 15 -10
    endloop
  endfacet
  facet normal 0 0 -1
    outer loop
      vertex 14.7705 14.7965 -10
      vertex 14.8932 14.9409 -10
      vertex 17.5 15 -10
    endloop
  endfacet
  facet normal 0 0 -1
    outer loop
      vertex 17.5 15 -10
      vertex 14.8932 14.9409 -10
      vertex 14.9995 15.0978 -10
    endloop
  endfacet
  facet normal 0 0 -1
    outer loop
      vertex -12.2295 14.7965 -10
      vertex -12.1068 14.9409 -10
      vertex 11.75 16 -10
    endloop
  endfacet
  facet normal 0 0 -1
    outer loop
      vertex -12.1068 14.9409 -10
      vertex -12.0005 15.0978 -10
      vertex 11.75 16 -10
    endloop
  endfacet
  facet normal 0 0 -1
    outer loop
      vertex 11.75 16 -10
      vertex -12.0005 15.0978 -10
      vertex -11.9117 15.2652 -10
    endloop
  endfacet
  facet normal 0 0 -1
    outer loop
      vertex -11.7909 15.6238 -10
      vertex -11.7603 15.8108 -10
      vertex 11.75 16 -10
    endloop
  endfacet
  facet normal 0 0 -1
    outer loop
      vertex -11.7603 15.8108 -10
      vertex -11.75 16 -10
      vertex 11.75 16 -10
    endloop
  endfacet
  facet normal 0 0 -1
    outer loop
      vertex 11.75 16 -10
      vertex -11.75 16 -10
      vertex 11.7603 16.1892 -10
    endloop
  endfacet
  facet normal 0 0 -1
    outer loop
      vertex -11.75 16 -10
      vertex -11.7603 16.1892 -10
      vertex 11.7603 16.1892 -10
    endloop
  endfacet
  facet normal 0 0 -1
    outer loop
      vertex 11.7603 16.1892 -10
      vertex -11.7603 16.1892 -10
      vertex -11.7909 16.3762 -10
    endloop
  endfacet
  facet normal 0 0 -1
    outer loop
      vertex 15.0883 -16.7348 -10
      vertex 15.1584 -16.5588 -10
      vertex 17.0677 -17.0337 -10
    endloop
  endfacet
  facet normal 0 0 -1
    outer loop
      vertex 15.1584 -16.5588 -10
      vertex 15.2091 -16.3762 -10
      vertex 17.0677 -17.0337 -10
    endloop
  endfacet
  facet normal 0 0 -1
    outer loop
      vertex 17.0677 -17.0337 -10
      vertex 15.2091 -16.3762 -10
      vertex 17.2553 -16.5451 -10
    endloop
  endfacet
  facet normal 0 0 -1
    outer loop
      vertex 15.2091 -16.3762 -10
      vertex 15.2397 -16.1892 -10
      vertex 17.2553 -16.5451 -10
    endloop
  endfacet
  facet normal 0 0 -1
    outer loop
      vertex 17.2553 -16.5451 -10
      vertex 15.2397 -16.1892 -10
      vertex 17.3907 -16.0396 -10
    endloop
  endfacet
  facet normal 0 0 -1
    outer loop
      vertex 15.2397 -16.1892 -10
      vertex 15.25 -16 -10
      vertex 17.3907 -16.0396 -10
    endloop
  endfacet
  facet normal 0 0 -1
    outer loop
      vertex 17.3907 -16.0396 -10
      vertex 15.25 -16 -10
      vertex 17.4726 -15.5226 -10
    endloop
  endfacet
  facet normal 0 0 -1
    outer loop
      vertex 15.25 -16 -10
      vertex 15.2397 -15.8108 -10
      vertex 17.4726 -15.5226 -10
    endloop
  endfacet
  facet normal 0 0 -1
    outer loop
      vertex 17.4726 -15.5226 -10
      vertex 15.2397 -15.8108 -10
      vertex 17.5 -15 -10
    endloop
  endfacet
  facet normal 0 0 -1
    outer loop
      vertex 15.2397 -15.8108 -10
      vertex 15.2091 -15.6238 -10
      vertex 17.5 -15 -10
    endloop
  endfacet
  facet normal 0 0 -1
    outer loop
      vertex 17.5 -15 -10
      vertex 15.2091 -15.6238 -10
      vertex 15.1584 -15.4412 -10
    endloop
  endfacet
  facet normal 0 0 -1
    outer loop
      vertex -14.6329 14.6662 -10
      vertex -14.4821 14.5515 -10
      vertex -17.5 15 -10
    endloop
  endfacet
  facet normal 0 0 -1
    outer loop
      vertex -14.4821 14.5515 -10
      vertex -14.3197 14.4539 -10
      vertex -17.5 15 -10
    endloop
  endfacet
  facet normal 0 0 -1
    outer loop
      vertex -17.5 15 -10
      vertex -14.3197 14.4539 -10
      vertex 12.2295 -14.7965 -10
    endloop
  endfacet
  facet normal 0 0 -1
    outer loop
      vertex -14.3197 14.4539 -10
      vertex -14.1477 14.3743 -10
      vertex 12.2295 -14.7965 -10
    endloop
  endfacet
  facet normal 0 0 -1
    outer loop
      vertex 12.2295 -14.7965 -10
      vertex -14.1477 14.3743 -10
      vertex -13.9682 14.3138 -10
    endloop
  endfacet
  facet normal 0 0 -1
    outer loop
      vertex -13.9682 14.3138 -10
      vertex -13.7831 14.2731 -10
      vertex 12.2295 -14.7965 -10
    endloop
  endfacet
  facet normal 0 0 -1
    outer loop
      vertex -13.7831 14.2731 -10
      vertex -13.5947 14.2526 -10
      vertex 12.2295 -14.7965 -10
    endloop
  endfacet
  facet normal 0 0 -1
    outer loop
      vertex 12.2295 -14.7965 -10
      vertex -13.5947 14.2526 -10
      vertex -13.4053 14.2526 -10
    endloop
  endfacet
  facet normal 0 0 -1
    outer loop
      vertex 12.6803 14.4539 -10
      vertex 12.8523 14.3743 -10
      vertex 12.8523 -14.3743 -10
    endloop
  endfacet
  facet normal 0 0 -1
    outer loop
      vertex 14.6329 -14.6662 -10
      vertex 14.4821 -14.5515 -10
      vertex 14.3197 14.4539 -10
    endloop
  endfacet
  facet normal 0 0 -1
    outer loop
      vertex 14.4821 -14.5515 -10
      vertex 14.3197 -14.4539 -10
      vertex 14.3197 14.4539 -10
    endloop
  endfacet
  facet normal 0 0 -1
    outer loop
      vertex 14.3197 14.4539 -10
      vertex 14.3197 -14.4539 -10
      vertex 14.1477 -14.3743 -10
    endloop
  endfacet
  facet normal 0 0 -1
    outer loop
      vertex 12.6803 14.4539 -10
      vertex 12.8523 -14.3743 -10
      vertex 12.5179 14.5515 -10
    endloop
  endfacet
  facet normal 0 0 -1
    outer loop
      vertex 12.0005 15.0978 -10
      vertex 12.1068 14.9409 -10
      vertex -13.4053 14.2526 -10
    endloop
  endfacet
  facet normal 0 0 -1
    outer loop
      vertex 12.1068 14.9409 -10
      vertex 12.2295 14.7965 -10
      vertex -13.4053 14.2526 -10
    endloop
  endfacet
  facet normal 0 0 -1
    outer loop
      vertex -13.4053 14.2526 -10
      vertex 12.2295 14.7965 -10
      vertex 12.2295 -14.7965 -10
    endloop
  endfacet
  facet normal 0 0 -1
    outer loop
      vertex 12.2295 14.7965 -10
      vertex 12.3671 14.6662 -10
      vertex 12.2295 -14.7965 -10
    endloop
  endfacet
  facet normal 0 0 -1
    outer loop
      vertex 12.2295 -14.7965 -10
      vertex 12.3671 14.6662 -10
      vertex 12.3671 -14.6662 -10
    endloop
  endfacet
  facet normal 0 0 -1
    outer loop
      vertex 12.3671 14.6662 -10
      vertex 12.5179 -14.5515 -10
      vertex 12.3671 -14.6662 -10
    endloop
  endfacet
  facet normal 0 0 -1
    outer loop
      vertex 15.0883 -15.2652 -10
      vertex 14.9995 -15.0978 -10
      vertex 17.5 -15 -10
    endloop
  endfacet
  facet normal 0 0 -1
    outer loop
      vertex 14.9995 -15.0978 -10
      vertex 14.8932 -14.9409 -10
      vertex 17.5 -15 -10
    endloop
  endfacet
  facet normal 0 0 -1
    outer loop
      vertex 17.5 -15 -10
      vertex 14.8932 -14.9409 -10
      vertex 14.3197 14.4539 -10
    endloop
  endfacet
  facet normal 0 0 -1
    outer loop
      vertex 14.8932 -14.9409 -10
      vertex 14.7705 -14.7965 -10
      vertex 14.3197 14.4539 -10
    endloop
  endfacet
  facet normal 0 0 -1
    outer loop
      vertex 14.3197 14.4539 -10
      vertex 14.7705 -14.7965 -10
      vertex 14.6329 -14.6662 -10
    endloop
  endfacet
  facet normal 0 0 -1
    outer loop
      vertex 12.5179 14.5515 -10
      vertex 12.8523 -14.3743 -10
      vertex 12.3671 14.6662 -10
    endloop
  endfacet
  facet normal 0 0 -1
    outer loop
      vertex 12.8523 -14.3743 -10
      vertex 12.6803 -14.4539 -10
      vertex 12.3671 14.6662 -10
    endloop
  endfacet
  facet normal 0 0 -1
    outer loop
      vertex 12.3671 14.6662 -10
      vertex 12.6803 -14.4539 -10
      vertex 12.5179 -14.5515 -10
    endloop
  endfacet
  facet normal 0 0 -1
    outer loop
      vertex 13.0318 14.3138 -10
      vertex 13.2169 -14.2731 -10
      vertex 12.8523 14.3743 -10
    endloop
  endfacet
  facet normal 0 0 -1
    outer loop
      vertex 13.2169 -14.2731 -10
      vertex 13.0318 -14.3138 -10
      vertex 12.8523 14.3743 -10
    endloop
  endfacet
  facet normal 0 0 -1
    outer loop
      vertex 12.8523 14.3743 -10
      vertex 13.0318 -14.3138 -10
      vertex 12.8523 -14.3743 -10
    endloop
  endfacet
  facet normal 0 0 -1
    outer loop
      vertex 13.0318 14.3138 -10
      vertex 13.2169 14.2731 -10
      vertex 13.2169 -14.2731 -10
    endloop
  endfacet
  facet normal 0 0 -1
    outer loop
      vertex 13.2169 14.2731 -10
      vertex 13.4053 14.2526 -10
      vertex 13.2169 -14.2731 -10
    endloop
  endfacet
  facet normal 0 0 -1
    outer loop
      vertex 13.2169 -14.2731 -10
      vertex 13.4053 14.2526 -10
      vertex 13.4053 -14.2526 -10
    endloop
  endfacet
  facet normal 0 0 -1
    outer loop
      vertex 14.1477 -14.3743 -10
      vertex 13.9682 -14.3138 -10
      vertex 14.3197 14.4539 -10
    endloop
  endfacet
  facet normal 0 0 -1
    outer loop
      vertex 13.9682 -14.3138 -10
      vertex 13.7831 -14.2731 -10
      vertex 14.3197 14.4539 -10
    endloop
  endfacet
  facet normal 0 0 -1
    outer loop
      vertex 14.3197 14.4539 -10
      vertex 13.7831 -14.2731 -10
      vertex 14.1477 14.3743 -10
    endloop
  endfacet
  facet normal 0 0 -1
    outer loop
      vertex 13.7831 -14.2731 -10
      vertex 13.9682 14.3138 -10
      vertex 14.1477 14.3743 -10
    endloop
  endfacet
  facet normal 0 0 -1
    outer loop
      vertex 13.4053 -14.2526 -10
      vertex 13.4053 14.2526 -10
      vertex 13.5947 -14.2526 -10
    endloop
  endfacet
  facet normal 0 0 -1
    outer loop
      vertex 13.4053 14.2526 -10
      vertex 13.5947 14.2526 -10
      vertex 13.5947 -14.2526 -10
    endloop
  endfacet
  facet normal 0 0 -1
    outer loop
      vertex 13.5947 -14.2526 -10
      vertex 13.5947 14.2526 -10
      vertex 13.7831 -14.2731 -10
    endloop
  endfacet
  facet normal 0 0 -1
    outer loop
      vertex 13.5947 14.2526 -10
      vertex 13.7831 14.2731 -10
      vertex 13.7831 -14.2731 -10
    endloop
  endfacet
  facet normal 0 0 -1
    outer loop
      vertex 13.7831 -14.2731 -10
      vertex 13.7831 14.2731 -10
      vertex 13.9682 14.3138 -10
    endloop
  endfacet
  facet normal -0.998533 -0.0541383 0
    outer loop
      vertex -11.75 -16 -10
      vertex -11.75 -16 0
      vertex -11.7603 -15.8108 -10
    endloop
  endfacet
  facet normal -0.998533 -0.0541383 0
    outer loop
      vertex -11.75 -16 0
      vertex -11.7603 -15.8108 0
      vertex -11.7603 -15.8108 -10
    endloop
  endfacet
  facet normal -0.986826 -0.161787 0
    outer loop
      vertex -11.7603 -15.8108 -10
      vertex -11.7603 -15.8108 0
      vertex -11.7909 -15.6238 -10
    endloop
  endfacet
  facet normal -0.986826 -0.161787 0
    outer loop
      vertex -11.7603 -15.8108 0
      vertex -11.7909 -15.6238 0
      vertex -11.7909 -15.6238 -10
    endloop
  endfacet
  facet normal -0.96355 -0.267528 0
    outer loop
      vertex -11.7909 -15.6238 -10
      vertex -11.7909 -15.6238 0
      vertex -11.8416 -15.4412 -10
    endloop
  endfacet
  facet normal -0.96355 -0.267528 0
    outer loop
      vertex -11.7909 -15.6238 0
      vertex -11.8416 -15.4412 0
      vertex -11.8416 -15.4412 -10
    endloop
  endfacet
  facet normal -0.928977 -0.370138 0
    outer loop
      vertex -11.8416 -15.4412 -10
      vertex -11.8416 -15.4412 0
      vertex -11.9117 -15.2652 -10
    endloop
  endfacet
  facet normal -0.928977 -0.370138 0
    outer loop
      vertex -11.8416 -15.4412 0
      vertex -11.9117 -15.2652 0
      vertex -11.9117 -15.2652 -10
    endloop
  endfacet
  facet normal -0.883511 -0.46841 0
    outer loop
      vertex -11.9117 -15.2652 -10
      vertex -11.9117 -15.2652 0
      vertex -12.0005 -15.0978 -10
    endloop
  endfacet
  facet normal -0.883511 -0.46841 0
    outer loop
      vertex -11.9117 -15.2652 0
      vertex -12.0005 -15.0978 0
      vertex -12.0005 -15.0978 -10
    endloop
  endfacet
  facet normal -0.827691 -0.561185 0
    outer loop
      vertex -12.0005 -15.0978 -10
      vertex -12.0005 -15.0978 0
      vertex -12.1068 -14.9409 -10
    endloop
  endfacet
  facet normal -0.827691 -0.561185 0
    outer loop
      vertex -12.0005 -15.0978 0
      vertex -12.1068 -14.9409 0
      vertex -12.1068 -14.9409 -10
    endloop
  endfacet
  facet normal -0.762162 -0.647387 0
    outer loop
      vertex -12.1068 -14.9409 -10
      vertex -12.1068 -14.9409 0
      vertex -12.2295 -14.7965 -10
    endloop
  endfacet
  facet normal -0.762162 -0.647387 0
    outer loop
      vertex -12.1068 -14.9409 0
      vertex -12.2295 -14.7965 0
      vertex -12.2295 -14.7965 -10
    endloop
  endfacet
  facet normal -0.687699 -0.725996 0
    outer loop
      vertex -12.2295 -14.7965 -10
      vertex -12.2295 -14.7965 0
      vertex -12.3671 -14.6662 -10
    endloop
  endfacet
  facet normal -0.687699 -0.725996 0
    outer loop
      vertex -12.2295 -14.7965 0
      vertex -12.3671 -14.6662 0
      vertex -12.3671 -14.6662 -10
    endloop
  endfacet
  facet normal -0.605174 -0.796093 0
    outer loop
      vertex -12.3671 -14.6662 -10
      vertex -12.3671 -14.6662 0
      vertex -12.5179 -14.5515 -10
    endloop
  endfacet
  facet normal -0.605174 -0.796093 0
    outer loop
      vertex -12.3671 -14.6662 0
      vertex -12.5179 -14.5515 0
      vertex -12.5179 -14.5515 -10
    endloop
  endfacet
  facet normal -0.515556 -0.856856 0
    outer loop
      vertex -12.5179 -14.5515 -10
      vertex -12.5179 -14.5515 0
      vertex -12.6803 -14.4539 -10
    endloop
  endfacet
  facet normal -0.515556 -0.856856 0
    outer loop
      vertex -12.5179 -14.5515 0
      vertex -12.6803 -14.4539 0
      vertex -12.6803 -14.4539 -10
    endloop
  endfacet
  facet normal -0.419889 -0.907575 0
    outer loop
      vertex -12.6803 -14.4539 -10
      vertex -12.6803 -14.4539 0
      vertex -12.8523 -14.3743 -10
    endloop
  endfacet
  facet normal -0.419889 -0.907575 0
    outer loop
      vertex -12.6803 -14.4539 0
      vertex -12.8523 -14.3743 0
      vertex -12.8523 -14.3743 -10
    endloop
  endfacet
  facet normal -0.319302 -0.947653 0
    outer loop
      vertex -12.8523 -14.3743 -10
      vertex -12.8523 -14.3743 0
      vertex -13.0318 -14.3138 -10
    endloop
  endfacet
  facet normal -0.319302 -0.947653 0
    outer loop
      vertex -12.8523 -14.3743 0
      vertex -13.0318 -14.3138 0
      vertex -13.0318 -14.3138 -10
    endloop
  endfacet
  facet normal -0.214968 -0.976621 0
    outer loop
      vertex -13.0318 -14.3138 -10
      vertex -13.0318 -14.3138 0
      vertex -13.2169 -14.2731 -10
    endloop
  endfacet
  facet normal -0.214968 -0.976621 0
    outer loop
      vertex -13.0318 -14.3138 0
      vertex -13.2169 -14.2731 0
      vertex -13.2169 -14.2731 -10
    endloop
  endfacet
  facet normal -0.10812 -0.994138 0
    outer loop
      vertex -13.2169 -14.2731 -10
      vertex -13.2169 -14.2731 0
      vertex -13.4053 -14.2526 -10
    endloop
  endfacet
  facet normal -0.10812 -0.994138 0
    outer loop
      vertex -13.2169 -14.2731 0
      vertex -13.4053 -14.2526 0
      vertex -13.4053 -14.2526 -10
    endloop
  endfacet
  facet normal 0 -1 0
    outer loop
      vertex -13.4053 -14.2526 -10
      vertex -13.4053 -14.2526 0
      vertex -13.5947 -14.2526 -10
    endloop
  endfacet
  facet normal 0 -1 0
    outer loop
      vertex -13.4053 -14.2526 0
      vertex -13.5947 -14.2526 0
      vertex -13.5947 -14.2526 -10
    endloop
  endfacet
  facet normal 0.10812 -0.994138 0
    outer loop
      vertex -13.5947 -14.2526 -10
      vertex -13.5947 -14.2526 0
      vertex -13.7831 -14.2731 -10
    endloop
  endfacet
  facet normal 0.10812 -0.994138 0
    outer loop
      vertex -13.5947 -14.2526 0
      vertex -13.7831 -14.2731 0
      vertex -13.7831 -14.2731 -10
    endloop
  endfacet
  facet normal 0.214968 -0.976621 0
    outer loop
      vertex -13.7831 -14.2731 -10
      vertex -13.7831 -14.2731 0
      vertex -13.9682 -14.3138 -10
    endloop
  endfacet
  facet normal 0.214968 -0.976621 0
    outer loop
      vertex -13.7831 -14.2731 0
      vertex -13.9682 -14.3138 0
      vertex -13.9682 -14.3138 -10
    endloop
  endfacet
  facet normal 0.319302 -0.947653 0
    outer loop
      vertex -13.9682 -14.3138 -10
      vertex -13.9682 -14.3138 0
      vertex -14.1477 -14.3743 -10
    endloop
  endfacet
  facet normal 0.319302 -0.947653 0
    outer loop
      vertex -13.9682 -14.3138 0
      vertex -14.1477 -14.3743 0
      vertex -14.1477 -14.3743 -10
    endloop
  endfacet
  facet normal 0.419887 -0.907576 0
    outer loop
      vertex -14.1477 -14.3743 -10
      vertex -14.1477 -14.3743 0
      vertex -14.3197 -14.4539 -10
    endloop
  endfacet
  facet normal 0.419887 -0.907576 0
    outer loop
      vertex -14.1477 -14.3743 0
      vertex -14.3197 -14.4539 0
      vertex -14.3197 -14.4539 -10
    endloop
  endfacet
  facet normal 0.515558 -0.856855 0
    outer loop
      vertex -14.3197 -14.4539 -10
      vertex -14.3197 -14.4539 0
      vertex -14.4821 -14.5515 -10
    endloop
  endfacet
  facet normal 0.515558 -0.856855 0
    outer loop
      vertex -14.3197 -14.4539 0
      vertex -14.4821 -14.5515 0
      vertex -14.4821 -14.5515 -10
    endloop
  endfacet
  facet normal 0.605172 -0.796095 0
    outer loop
      vertex -14.4821 -14.5515 -10
      vertex -14.4821 -14.5515 0
      vertex -14.6329 -14.6662 -10
    endloop
  endfacet
  facet normal 0.605172 -0.796095 0
    outer loop
      vertex -14.4821 -14.5515 0
      vertex -14.6329 -14.6662 0
      vertex -14.6329 -14.6662 -10
    endloop
  endfacet
  facet normal 0.687701 -0.725994 0
    outer loop
      vertex -14.6329 -14.6662 -10
      vertex -14.6329 -14.6662 0
      vertex -14.7705 -14.7965 -10
    endloop
  endfacet
  facet normal 0.687701 -0.725994 0
    outer loop
      vertex -14.6329 -14.6662 0
      vertex -14.7705 -14.7965 0
      vertex -14.7705 -14.7965 -10
    endloop
  endfacet
  facet normal 0.762162 -0.647387 0
    outer loop
      vertex -14.7705 -14.7965 -10
      vertex -14.7705 -14.7965 0
      vertex -14.8932 -14.9409 -10
    endloop
  endfacet
  facet normal 0.762162 -0.647387 0
    outer loop
      vertex -14.7705 -14.7965 0
      vertex -14.8932 -14.9409 0
      vertex -14.8932 -14.9409 -10
    endloop
  endfacet
  facet normal 0.827688 -0.561188 0
    outer loop
      vertex -14.8932 -14.9409 -10
      vertex -14.8932 -14.9409 0
      vertex -14.9995 -15.0978 -10
    endloop
  endfacet
  facet normal 0.827688 -0.561188 0
    outer loop
      vertex -14.8932 -14.9409 0
      vertex -14.9995 -15.0978 0
      vertex -14.9995 -15.0978 -10
    endloop
  endfacet
  facet normal 0.883511 -0.46841 0
    outer loop
      vertex -14.9995 -15.0978 -10
      vertex -14.9995 -15.0978 0
      vertex -15.0883 -15.2652 -10
    endloop
  endfacet
  facet normal 0.883511 -0.46841 0
    outer loop
      vertex -14.9995 -15.0978 0
      vertex -15.0883 -15.2652 0
      vertex -15.0883 -15.2652 -10
    endloop
  endfacet
  facet normal 0.928977 -0.370138 0
    outer loop
      vertex -15.0883 -15.2652 -10
      vertex -15.0883 -15.2652 0
      vertex -15.1584 -15.4412 -10
    endloop
  endfacet
  facet normal 0.928977 -0.370138 0
    outer loop
      vertex -15.0883 -15.2652 0
      vertex -15.1584 -15.4412 0
      vertex -15.1584 -15.4412 -10
    endloop
  endfacet
  facet normal 0.96355 -0.267528 0
    outer loop
      vertex -15.1584 -15.4412 -10
      vertex -15.1584 -15.4412 0
      vertex -15.2091 -15.6238 -10
    endloop
  endfacet
  facet normal 0.96355 -0.267528 0
    outer loop
      vertex -15.1584 -15.4412 0
      vertex -15.2091 -15.6238 0
      vertex -15.2091 -15.6238 -10
    endloop
  endfacet
  facet normal 0.986827 -0.161782 0
    outer loop
      vertex -15.2091 -15.6238 -10
      vertex -15.2091 -15.6238 0
      vertex -15.2397 -15.8108 -10
    endloop
  endfacet
  facet normal 0.986827 -0.161782 0
    outer loop
      vertex -15.2091 -15.6238 0
      vertex -15.2397 -15.8108 0
      vertex -15.2397 -15.8108 -10
    endloop
  endfacet
  facet normal 0.998533 -0.0541383 0
    outer loop
      vertex -15.2397 -15.8108 -10
      vertex -15.2397 -15.8108 0
      vertex -15.25 -16 -10
    endloop
  endfacet
  facet normal 0.998533 -0.0541383 0
    outer loop
      vertex -15.2397 -15.8108 0
      vertex -15.25 -16 0
      vertex -15.25 -16 -10
    endloop
  endfacet
  facet normal 0.998533 0.0541388 0
    outer loop
      vertex -15.25 -16 -10
      vertex -15.25 -16 0
      vertex -15.2397 -16.1892 -10
    endloop
  endfacet
  facet normal 0.998533 0.0541388 0
    outer loop
      vertex -15.25 -16 0
      vertex -15.2397 -16.1892 0
      vertex -15.2397 -16.1892 -10
    endloop
  endfacet
  facet normal 0.986827 0.161781 0
    outer loop
      vertex -15.2397 -16.1892 -10
      vertex -15.2397 -16.1892 0
      vertex -15.2091 -16.3762 -10
    endloop
  endfacet
  facet normal 0.986827 0.161781 0
    outer loop
      vertex -15.2397 -16.1892 0
      vertex -15.2091 -16.3762 0
      vertex -15.2091 -16.3762 -10
    endloop
  endfacet
  facet normal 0.96355 0.267529 0
    outer loop
      vertex -15.2091 -16.3762 -10
      vertex -15.2091 -16.3762 0
      vertex -15.1584 -16.5588 -10
    endloop
  endfacet
  facet normal 0.96355 0.267529 0
    outer loop
      vertex -15.2091 -16.3762 0
      vertex -15.1584 -16.5588 0
      vertex -15.1584 -16.5588 -10
    endloop
  endfacet
  facet normal 0.928978 0.370136 0
    outer loop
      vertex -15.1584 -16.5588 -10
      vertex -15.1584 -16.5588 0
      vertex -15.0883 -16.7348 -10
    endloop
  endfacet
  facet normal 0.928978 0.370136 0
    outer loop
      vertex -15.1584 -16.5588 0
      vertex -15.0883 -16.7348 0
      vertex -15.0883 -16.7348 -10
    endloop
  endfacet
  facet normal 0.883511 0.46841 0
    outer loop
      vertex -15.0883 -16.7348 -10
      vertex -15.0883 -16.7348 0
      vertex -14.9995 -16.9022 -10
    endloop
  endfacet
  facet normal 0.883511 0.46841 0
    outer loop
      vertex -15.0883 -16.7348 0
      vertex -14.9995 -16.9022 0
      vertex -14.9995 -16.9022 -10
    endloop
  endfacet
  facet normal 0.827687 0.56119 0
    outer loop
      vertex -14.9995 -16.9022 -10
      vertex -14.9995 -16.9022 0
      vertex -14.8932 -17.0591 -10
    endloop
  endfacet
  facet normal 0.827687 0.56119 0
    outer loop
      vertex -14.9995 -16.9022 0
      vertex -14.8932 -17.0591 0
      vertex -14.8932 -17.0591 -10
    endloop
  endfacet
  facet normal 0.762164 0.647384 0
    outer loop
      vertex -14.8932 -17.0591 -10
      vertex -14.8932 -17.0591 0
      vertex -14.7705 -17.2035 -10
    endloop
  endfacet
  facet normal 0.762164 0.647384 0
    outer loop
      vertex -14.8932 -17.0591 0
      vertex -14.7705 -17.2035 0
      vertex -14.7705 -17.2035 -10
    endloop
  endfacet
  facet normal 0.687699 0.725996 0
    outer loop
      vertex -14.7705 -17.2035 -10
      vertex -14.7705 -17.2035 0
      vertex -14.6329 -17.3338 -10
    endloop
  endfacet
  facet normal 0.687699 0.725996 0
    outer loop
      vertex -14.7705 -17.2035 0
      vertex -14.6329 -17.3338 0
      vertex -14.6329 -17.3338 -10
    endloop
  endfacet
  facet normal 0.605172 0.796095 0
    outer loop
      vertex -14.6329 -17.3338 -10
      vertex -14.6329 -17.3338 0
      vertex -14.4821 -17.4485 -10
    endloop
  endfacet
  facet normal 0.605172 0.796095 0
    outer loop
      vertex -14.6329 -17.3338 0
      vertex -14.4821 -17.4485 0
      vertex -14.4821 -17.4485 -10
    endloop
  endfacet
  facet normal 0.515554 0.856857 0
    outer loop
      vertex -14.4821 -17.4485 -10
      vertex -14.4821 -17.4485 0
      vertex -14.3197 -17.5461 -10
    endloop
  endfacet
  facet normal 0.515554 0.856857 0
    outer loop
      vertex -14.4821 -17.4485 0
      vertex -14.3197 -17.5461 0
      vertex -14.3197 -17.5461 -10
    endloop
  endfacet
  facet normal 0.419895 0.907573 0
    outer loop
      vertex -14.3197 -17.5461 -10
      vertex -14.3197 -17.5461 0
      vertex -14.1477 -17.6257 -10
    endloop
  endfacet
  facet normal 0.419895 0.907573 0
    outer loop
      vertex -14.3197 -17.5461 0
      vertex -14.1477 -17.6257 0
      vertex -14.1477 -17.6257 -10
    endloop
  endfacet
  facet normal 0.319297 0.947655 0
    outer loop
      vertex -14.1477 -17.6257 -10
      vertex -14.1477 -17.6257 0
      vertex -13.9682 -17.6862 -10
    endloop
  endfacet
  facet normal 0.319297 0.947655 0
    outer loop
      vertex -14.1477 -17.6257 0
      vertex -13.9682 -17.6862 0
      vertex -13.9682 -17.6862 -10
    endloop
  endfacet
  facet normal 0.214972 0.97662 0
    outer loop
      vertex -13.9682 -17.6862 -10
      vertex -13.9682 -17.6862 0
      vertex -13.7831 -17.7269 -10
    endloop
  endfacet
  facet normal 0.214972 0.97662 0
    outer loop
      vertex -13.9682 -17.6862 0
      vertex -13.7831 -17.7269 0
      vertex -13.7831 -17.7269 -10
    endloop
  endfacet
  facet normal 0.10812 0.994138 0
    outer loop
      vertex -13.7831 -17.7269 -10
      vertex -13.7831 -17.7269 0
      vertex -13.5947 -17.7474 -10
    endloop
  endfacet
  facet normal 0.10812 0.994138 0
    outer loop
      vertex -13.7831 -17.7269 0
      vertex -13.5947 -17.7474 0
      vertex -13.5947 -17.7474 -10
    endloop
  endfacet
  facet normal 0 1 0
    outer loop
      vertex -13.5947 -17.7474 -10
      vertex -13.5947 -17.7474 0
      vertex -13.4053 -17.7474 -10
    endloop
  endfacet
  facet normal 0 1 0
    outer loop
      vertex -13.5947 -17.7474 0
      vertex -13.4053 -17.7474 0
      vertex -13.4053 -17.7474 -10
    endloop
  endfacet
  facet normal -0.10812 0.994138 0
    outer loop
      vertex -13.4053 -17.7474 -10
      vertex -13.4053 -17.7474 0
      vertex -13.2169 -17.7269 -10
    endloop
  endfacet
  facet normal -0.10812 0.994138 0
    outer loop
      vertex -13.4053 -17.7474 0
      vertex -13.2169 -17.7269 0
      vertex -13.2169 -17.7269 -10
    endloop
  endfacet
  facet normal -0.214972 0.97662 0
    outer loop
      vertex -13.2169 -17.7269 -10
      vertex -13.2169 -17.7269 0
      vertex -13.0318 -17.6862 -10
    endloop
  endfacet
  facet normal -0.214972 0.97662 0
    outer loop
      vertex -13.2169 -17.7269 0
      vertex -13.0318 -17.6862 0
      vertex -13.0318 -17.6862 -10
    endloop
  endfacet
  facet normal -0.319297 0.947655 0
    outer loop
      vertex -13.0318 -17.6862 -10
      vertex -13.0318 -17.6862 0
      vertex -12.8523 -17.6257 -10
    endloop
  endfacet
  facet normal -0.319297 0.947655 0
    outer loop
      vertex -13.0318 -17.6862 0
      vertex -12.8523 -17.6257 0
      vertex -12.8523 -17.6257 -10
    endloop
  endfacet
  facet normal -0.419897 0.907572 0
    outer loop
      vertex -12.8523 -17.6257 -10
      vertex -12.8523 -17.6257 0
      vertex -12.6803 -17.5461 -10
    endloop
  endfacet
  facet normal -0.419897 0.907572 0
    outer loop
      vertex -12.8523 -17.6257 0
      vertex -12.6803 -17.5461 0
      vertex -12.6803 -17.5461 -10
    endloop
  endfacet
  facet normal -0.515552 0.856858 0
    outer loop
      vertex -12.6803 -17.5461 -10
      vertex -12.6803 -17.5461 0
      vertex -12.5179 -17.4485 -10
    endloop
  endfacet
  facet normal -0.515552 0.856858 0
    outer loop
      vertex -12.6803 -17.5461 0
      vertex -12.5179 -17.4485 0
      vertex -12.5179 -17.4485 -10
    endloop
  endfacet
  facet normal -0.605174 0.796093 0
    outer loop
      vertex -12.5179 -17.4485 -10
      vertex -12.5179 -17.4485 0
      vertex -12.3671 -17.3338 -10
    endloop
  endfacet
  facet normal -0.605174 0.796093 0
    outer loop
      vertex -12.5179 -17.4485 0
      vertex -12.3671 -17.3338 0
      vertex -12.3671 -17.3338 -10
    endloop
  endfacet
  facet normal -0.687696 0.725999 0
    outer loop
      vertex -12.3671 -17.3338 -10
      vertex -12.3671 -17.3338 0
      vertex -12.2295 -17.2035 -10
    endloop
  endfacet
  facet normal -0.687696 0.725999 0
    outer loop
      vertex -12.3671 -17.3338 0
      vertex -12.2295 -17.2035 0
      vertex -12.2295 -17.2035 -10
    endloop
  endfacet
  facet normal -0.762164 0.647384 0
    outer loop
      vertex -12.2295 -17.2035 -10
      vertex -12.2295 -17.2035 0
      vertex -12.1068 -17.0591 -10
    endloop
  endfacet
  facet normal -0.762164 0.647384 0
    outer loop
      vertex -12.2295 -17.2035 0
      vertex -12.1068 -17.0591 0
      vertex -12.1068 -17.0591 -10
    endloop
  endfacet
  facet normal -0.827689 0.561187 0
    outer loop
      vertex -12.1068 -17.0591 -10
      vertex -12.1068 -17.0591 0
      vertex -12.0005 -16.9022 -10
    endloop
  endfacet
  facet normal -0.827689 0.561187 0
    outer loop
      vertex -12.1068 -17.0591 0
      vertex -12.0005 -16.9022 0
      vertex -12.0005 -16.9022 -10
    endloop
  endfacet
  facet normal -0.883511 0.46841 0
    outer loop
      vertex -12.0005 -16.9022 -10
      vertex -12.0005 -16.9022 0
      vertex -11.9117 -16.7348 -10
    endloop
  endfacet
  facet normal -0.883511 0.46841 0
    outer loop
      vertex -12.0005 -16.9022 0
      vertex -11.9117 -16.7348 0
      vertex -11.9117 -16.7348 -10
    endloop
  endfacet
  facet normal -0.928978 0.370136 0
    outer loop
      vertex -11.9117 -16.7348 -10
      vertex -11.9117 -16.7348 0
      vertex -11.8416 -16.5588 -10
    endloop
  endfacet
  facet normal -0.928978 0.370136 0
    outer loop
      vertex -11.9117 -16.7348 0
      vertex -11.8416 -16.5588 0
      vertex -11.8416 -16.5588 -10
    endloop
  endfacet
  facet normal -0.96355 0.267529 0
    outer loop
      vertex -11.8416 -16.5588 -10
      vertex -11.8416 -16.5588 0
      vertex -11.7909 -16.3762 -10
    endloop
  endfacet
  facet normal -0.96355 0.267529 0
    outer loop
      vertex -11.8416 -16.5588 0
      vertex -11.7909 -16.3762 0
      vertex -11.7909 -16.3762 -10
    endloop
  endfacet
  facet normal -0.986826 0.161786 0
    outer loop
      vertex -11.7909 -16.3762 -10
      vertex -11.7909 -16.3762 0
      vertex -11.7603 -16.1892 -10
    endloop
  endfacet
  facet normal -0.986826 0.161786 0
    outer loop
      vertex -11.7909 -16.3762 0
      vertex -11.7603 -16.1892 0
      vertex -11.7603 -16.1892 -10
    endloop
  endfacet
  facet normal -0.998533 0.0541388 0
    outer loop
      vertex -11.7603 -16.1892 -10
      vertex -11.7603 -16.1892 0
      vertex -11.75 -16 -10
    endloop
  endfacet
  facet normal -0.998533 0.0541388 0
    outer loop
      vertex -11.7603 -16.1892 0
      vertex -11.75 -16 0
      vertex -11.75 -16 -10
    endloop
  endfacet
  facet normal 0 -1 0
    outer loop
      vertex 8.5 9 0
      vertex 6.3 9 0
      vertex 8.5 9 -7
    endloop
  endfacet
  facet normal 0 -1 0
    outer loop
      vertex 6.3 9 0
      vertex 6.3 9 -7
      vertex 8.5 9 -7
    endloop
  endfacet
  facet normal 0 1 0
    outer loop
      vertex 8.5 -9 -7
      vertex 6.3 -9 -7
      vertex 8.5 -9 0
    endloop
  endfacet
  facet normal 0 1 0
    outer loop
      vertex 6.3 -9 -7
      vertex 6.3 -9 0
      vertex 8.5 -9 0
    endloop
  endfacet
  facet normal -1 0 0
    outer loop
      vertex 13.5 -4 0
      vertex 13.5 4 0
      vertex 13.5 -4 -7
    endloop
  endfacet
  facet normal -1 0 0
    outer loop
      vertex 13.5 4 0
      vertex 13.5 4 -7
      vertex 13.5 -4 -7
    endloop
  endfacet
  facet normal -0.998533 -0.0541388 0
    outer loop
      vertex -11.75 16 -10
      vertex -11.75 16 0
      vertex -11.7603 16.1892 -10
    endloop
  endfacet
  facet normal -0.998533 -0.0541388 0
    outer loop
      vertex -11.75 16 0
      vertex -11.7603 16.1892 0
      vertex -11.7603 16.1892 -10
    endloop
  endfacet
  facet normal -0.986826 -0.161786 0
    outer loop
      vertex -11.7603 16.1892 -10
      vertex -11.7603 16.1892 0
      vertex -11.7909 16.3762 -10
    endloop
  endfacet
  facet normal -0.986826 -0.161786 0
    outer loop
      vertex -11.7603 16.1892 0
      vertex -11.7909 16.3762 0
      vertex -11.7909 16.3762 -10
    endloop
  endfacet
  facet normal -0.96355 -0.267529 0
    outer loop
      vertex -11.7909 16.3762 -10
      vertex -11.7909 16.3762 0
      vertex -11.8416 16.5588 -10
    endloop
  endfacet
  facet normal -0.96355 -0.267529 0
    outer loop
      vertex -11.7909 16.3762 0
      vertex -11.8416 16.5588 0
      vertex -11.8416 16.5588 -10
    endloop
  endfacet
  facet normal -0.928978 -0.370136 0
    outer loop
      vertex -11.8416 16.5588 -10
      vertex -11.8416 16.5588 0
      vertex -11.9117 16.7348 -10
    endloop
  endfacet
  facet normal -0.928978 -0.370136 0
    outer loop
      vertex -11.8416 16.5588 0
      vertex -11.9117 16.7348 0
      vertex -11.9117 16.7348 -10
    endloop
  endfacet
  facet normal -0.883511 -0.46841 0
    outer loop
      vertex -11.9117 16.7348 -10
      vertex -11.9117 16.7348 0
      vertex -12.0005 16.9022 -10
    endloop
  endfacet
  facet normal -0.883511 -0.46841 0
    outer loop
      vertex -11.9117 16.7348 0
      vertex -12.0005 16.9022 0
      vertex -12.0005 16.9022 -10
    endloop
  endfacet
  facet normal -0.827689 -0.561187 0
    outer loop
      vertex -12.0005 16.9022 -10
      vertex -12.0005 16.9022 0
      vertex -12.1068 17.0591 -10
    endloop
  endfacet
  facet normal -0.827689 -0.561187 0
    outer loop
      vertex -12.0005 16.9022 0
      vertex -12.1068 17.0591 0
      vertex -12.1068 17.0591 -10
    endloop
  endfacet
  facet normal -0.762164 -0.647384 0
    outer loop
      vertex -12.1068 17.0591 -10
      vertex -12.1068 17.0591 0
      vertex -12.2295 17.2035 -10
    endloop
  endfacet
  facet normal -0.762164 -0.647384 0
    outer loop
      vertex -12.1068 17.0591 0
      vertex -12.2295 17.2035 0
      vertex -12.2295 17.2035 -10
    endloop
  endfacet
  facet normal -0.687696 -0.725999 0
    outer loop
      vertex -12.2295 17.2035 -10
      vertex -12.2295 17.2035 0
      vertex -12.3671 17.3338 -10
    endloop
  endfacet
  facet normal -0.687696 -0.725999 0
    outer loop
      vertex -12.2295 17.2035 0
      vertex -12.3671 17.3338 0
      vertex -12.3671 17.3338 -10
    endloop
  endfacet
  facet normal -0.605174 -0.796093 0
    outer loop
      vertex -12.3671 17.3338 -10
      vertex -12.3671 17.3338 0
      vertex -12.5179 17.4485 -10
    endloop
  endfacet
  facet normal -0.605174 -0.796093 0
    outer loop
      vertex -12.3671 17.3338 0
      vertex -12.5179 17.4485 0
      vertex -12.5179 17.4485 -10
    endloop
  endfacet
  facet normal -0.515552 -0.856858 0
    outer loop
      vertex -12.5179 17.4485 -10
      vertex -12.5179 17.4485 0
      vertex -12.6803 17.5461 -10
    endloop
  endfacet
  facet normal -0.515552 -0.856858 0
    outer loop
      vertex -12.5179 17.4485 0
      vertex -12.6803 17.5461 0
      vertex -12.6803 17.5461 -10
    endloop
  endfacet
  facet normal -0.419897 -0.907572 0
    outer loop
      vertex -12.6803 17.5461 -10
      vertex -12.6803 17.5461 0
      vertex -12.8523 17.6257 -10
    endloop
  endfacet
  facet normal -0.419897 -0.907572 0
    outer loop
      vertex -12.6803 17.5461 0
      vertex -12.8523 17.6257 0
      vertex -12.8523 17.6257 -10
    endloop
  endfacet
  facet normal -0.319297 -0.947655 0
    outer loop
      vertex -12.8523 17.6257 -10
      vertex -12.8523 17.6257 0
      vertex -13.0318 17.6862 -10
    endloop
  endfacet
  facet normal -0.319297 -0.947655 0
    outer loop
      vertex -12.8523 17.6257 0
      vertex -13.0318 17.6862 0
      vertex -13.0318 17.6862 -10
    endloop
  endfacet
  facet normal -0.214972 -0.97662 0
    outer loop
      vertex -13.0318 17.6862 -10
      vertex -13.0318 17.6862 0
      vertex -13.2169 17.7269 -10
    endloop
  endfacet
  facet normal -0.214972 -0.97662 0
    outer loop
      vertex -13.0318 17.6862 0
      vertex -13.2169 17.7269 0
      vertex -13.2169 17.7269 -10
    endloop
  endfacet
  facet normal -0.10812 -0.994138 0
    outer loop
      vertex -13.2169 17.7269 -10
      vertex -13.2169 17.7269 0
      vertex -13.4053 17.7474 -10
    endloop
  endfacet
  facet normal -0.10812 -0.994138 0
    outer loop
      vertex -13.2169 17.7269 0
      vertex -13.4053 17.7474 0
      vertex -13.4053 17.7474 -10
    endloop
  endfacet
  facet normal 0 -1 0
    outer loop
      vertex -13.4053 17.7474 -10
      vertex -13.4053 17.7474 0
      vertex -13.5947 17.7474 -10
    endloop
  endfacet
  facet normal 0 -1 0
    outer loop
      vertex -13.4053 17.7474 0
      vertex -13.5947 17.7474 0
      vertex -13.5947 17.7474 -10
    endloop
  endfacet
  facet normal 0.10812 -0.994138 0
    outer loop
      vertex -13.5947 17.7474 -10
      vertex -13.5947 17.7474 0
      vertex -13.7831 17.7269 -10
    endloop
  endfacet
  facet normal 0.10812 -0.994138 0
    outer loop
      vertex -13.5947 17.7474 0
      vertex -13.7831 17.7269 0
      vertex -13.7831 17.7269 -10
    endloop
  endfacet
  facet normal 0.214972 -0.97662 0
    outer loop
      vertex -13.7831 17.7269 -10
      vertex -13.7831 17.7269 0
      vertex -13.9682 17.6862 -10
    endloop
  endfacet
  facet normal 0.214972 -0.97662 0
    outer loop
      vertex -13.7831 17.7269 0
      vertex -13.9682 17.6862 0
      vertex -13.9682 17.6862 -10
    endloop
  endfacet
  facet normal 0.319297 -0.947655 0
    outer loop
      vertex -13.9682 17.6862 -10
      vertex -13.9682 17.6862 0
      vertex -14.1477 17.6257 -10
    endloop
  endfacet
  facet normal 0.319297 -0.947655 0
    outer loop
      vertex -13.9682 17.6862 0
      vertex -14.1477 17.6257 0
      vertex -14.1477 17.6257 -10
    endloop
  endfacet
  facet normal 0.419895 -0.907573 0
    outer loop
      vertex -14.1477 17.6257 -10
      vertex -14.1477 17.6257 0
      vertex -14.3197 17.5461 -10
    endloop
  endfacet
  facet normal 0.419895 -0.907573 0
    outer loop
      vertex -14.1477 17.6257 0
      vertex -14.3197 17.5461 0
      vertex -14.3197 17.5461 -10
    endloop
  endfacet
  facet normal 0.515554 -0.856857 0
    outer loop
      vertex -14.3197 17.5461 -10
      vertex -14.3197 17.5461 0
      vertex -14.4821 17.4485 -10
    endloop
  endfacet
  facet normal 0.515554 -0.856857 0
    outer loop
      vertex -14.3197 17.5461 0
      vertex -14.4821 17.4485 0
      vertex -14.4821 17.4485 -10
    endloop
  endfacet
  facet normal 0.605172 -0.796095 0
    outer loop
      vertex -14.4821 17.4485 -10
      vertex -14.4821 17.4485 0
      vertex -14.6329 17.3338 -10
    endloop
  endfacet
  facet normal 0.605172 -0.796095 0
    outer loop
      vertex -14.4821 17.4485 0
      vertex -14.6329 17.3338 0
      vertex -14.6329 17.3338 -10
    endloop
  endfacet
  facet normal 0.687699 -0.725996 0
    outer loop
      vertex -14.6329 17.3338 -10
      vertex -14.6329 17.3338 0
      vertex -14.7705 17.2035 -10
    endloop
  endfacet
  facet normal 0.687699 -0.725996 0
    outer loop
      vertex -14.6329 17.3338 0
      vertex -14.7705 17.2035 0
      vertex -14.7705 17.2035 -10
    endloop
  endfacet
  facet normal 0.762164 -0.647384 0
    outer loop
      vertex -14.7705 17.2035 -10
      vertex -14.7705 17.2035 0
      vertex -14.8932 17.0591 -10
    endloop
  endfacet
  facet normal 0.762164 -0.647384 0
    outer loop
      vertex -14.7705 17.2035 0
      vertex -14.8932 17.0591 0
      vertex -14.8932 17.0591 -10
    endloop
  endfacet
  facet normal 0.827687 -0.56119 0
    outer loop
      vertex -14.8932 17.0591 -10
      vertex -14.8932 17.0591 0
      vertex -14.9995 16.9022 -10
    endloop
  endfacet
  facet normal 0.827687 -0.56119 0
    outer loop
      vertex -14.8932 17.0591 0
      vertex -14.9995 16.9022 0
      vertex -14.9995 16.9022 -10
    endloop
  endfacet
  facet normal 0.883511 -0.46841 0
    outer loop
      vertex -14.9995 16.9022 -10
      vertex -14.9995 16.9022 0
      vertex -15.0883 16.7348 -10
    endloop
  endfacet
  facet normal 0.883511 -0.46841 0
    outer loop
      vertex -14.9995 16.9022 0
      vertex -15.0883 16.7348 0
      vertex -15.0883 16.7348 -10
    endloop
  endfacet
  facet normal 0.928978 -0.370136 0
    outer loop
      vertex -15.0883 16.7348 -10
      vertex -15.0883 16.7348 0
      vertex -15.1584 16.5588 -10
    endloop
  endfacet
  facet normal 0.928978 -0.370136 0
    outer loop
      vertex -15.0883 16.7348 0
      vertex -15.1584 16.5588 0
      vertex -15.1584 16.5588 -10
    endloop
  endfacet
  facet normal 0.96355 -0.267529 0
    outer loop
      vertex -15.1584 16.5588 -10
      vertex -15.1584 16.5588 0
      vertex -15.2091 16.3762 -10
    endloop
  endfacet
  facet normal 0.96355 -0.267529 0
    outer loop
      vertex -15.1584 16.5588 0
      vertex -15.2091 16.3762 0
      vertex -15.2091 16.3762 -10
    endloop
  endfacet
  facet normal 0.986827 -0.161781 0
    outer loop
      vertex -15.2091 16.3762 -10
      vertex -15.2091 16.3762 0
      vertex -15.2397 16.1892 -10
    endloop
  endfacet
  facet normal 0.986827 -0.161781 0
    outer loop
      vertex -15.2091 16.3762 0
      vertex -15.2397 16.1892 0
      vertex -15.2397 16.1892 -10
    endloop
  endfacet
  facet normal 0.998533 -0.0541388 0
    outer loop
      vertex -15.2397 16.1892 -10
      vertex -15.2397 16.1892 0
      vertex -15.25 16 -10
    endloop
  endfacet
  facet normal 0.998533 -0.0541388 0
    outer loop
      vertex -15.2397 16.1892 0
      vertex -15.25 16 0
      vertex -15.25 16 -10
    endloop
  endfacet
  facet normal 0.998533 0.0541383 0
    outer loop
      vertex -15.25 16 -10
      vertex -15.25 16 0
      vertex -15.2397 15.8108 -10
    endloop
  endfacet
  facet normal 0.998533 0.0541383 0
    outer loop
      vertex -15.25 16 0
      vertex -15.2397 15.8108 0
      vertex -15.2397 15.8108 -10
    endloop
  endfacet
  facet normal 0.986827 0.161782 0
    outer loop
      vertex -15.2397 15.8108 -10
      vertex -15.2397 15.8108 0
      vertex -15.2091 15.6238 -10
    endloop
  endfacet
  facet normal 0.986827 0.161782 0
    outer loop
      vertex -15.2397 15.8108 0
      vertex -15.2091 15.6238 0
      vertex -15.2091 15.6238 -10
    endloop
  endfacet
  facet normal 0.96355 0.267528 0
    outer loop
      vertex -15.2091 15.6238 -10
      vertex -15.2091 15.6238 0
      vertex -15.1584 15.4412 -10
    endloop
  endfacet
  facet normal 0.96355 0.267528 0
    outer loop
      vertex -15.2091 15.6238 0
      vertex -15.1584 15.4412 0
      vertex -15.1584 15.4412 -10
    endloop
  endfacet
  facet normal 0.928977 0.370138 0
    outer loop
      vertex -15.1584 15.4412 -10
      vertex -15.1584 15.4412 0
      vertex -15.0883 15.2652 -10
    endloop
  endfacet
  facet normal 0.928977 0.370138 0
    outer loop
      vertex -15.1584 15.4412 0
      vertex -15.0883 15.2652 0
      vertex -15.0883 15.2652 -10
    endloop
  endfacet
  facet normal 0.883511 0.46841 0
    outer loop
      vertex -15.0883 15.2652 -10
      vertex -15.0883 15.2652 0
      vertex -14.9995 15.0978 -10
    endloop
  endfacet
  facet normal 0.883511 0.46841 0
    outer loop
      vertex -15.0883 15.2652 0
      vertex -14.9995 15.0978 0
      vertex -14.9995 15.0978 -10
    endloop
  endfacet
  facet normal 0.827688 0.561188 0
    outer loop
      vertex -14.9995 15.0978 -10
      vertex -14.9995 15.0978 0
      vertex -14.8932 14.9409 -10
    endloop
  endfacet
  facet normal 0.827688 0.561188 0
    outer loop
      vertex -14.9995 15.0978 0
      vertex -14.8932 14.9409 0
      vertex -14.8932 14.9409 -10
    endloop
  endfacet
  facet normal 0.762162 0.647387 0
    outer loop
      vertex -14.8932 14.9409 -10
      vertex -14.8932 14.9409 0
      vertex -14.7705 14.7965 -10
    endloop
  endfacet
  facet normal 0.762162 0.647387 0
    outer loop
      vertex -14.8932 14.9409 0
      vertex -14.7705 14.7965 0
      vertex -14.7705 14.7965 -10
    endloop
  endfacet
  facet normal 0.687701 0.725994 0
    outer loop
      vertex -14.7705 14.7965 -10
      vertex -14.7705 14.7965 0
      vertex -14.6329 14.6662 -10
    endloop
  endfacet
  facet normal 0.687701 0.725994 0
    outer loop
      vertex -14.7705 14.7965 0
      vertex -14.6329 14.6662 0
      vertex -14.6329 14.6662 -10
    endloop
  endfacet
  facet normal 0.605172 0.796095 0
    outer loop
      vertex -14.6329 14.6662 -10
      vertex -14.6329 14.6662 0
      vertex -14.4821 14.5515 -10
    endloop
  endfacet
  facet normal 0.605172 0.796095 0
    outer loop
      vertex -14.6329 14.6662 0
      vertex -14.4821 14.5515 0
      vertex -14.4821 14.5515 -10
    endloop
  endfacet
  facet normal 0.515558 0.856855 0
    outer loop
      vertex -14.4821 14.5515 -10
      vertex -14.4821 14.5515 0
      vertex -14.3197 14.4539 -10
    endloop
  endfacet
  facet normal 0.515558 0.856855 0
    outer loop
      vertex -14.4821 14.5515 0
      vertex -14.3197 14.4539 0
      vertex -14.3197 14.4539 -10
    endloop
  endfacet
  facet normal 0.419887 0.907576 0
    outer loop
      vertex -14.3197 14.4539 -10
      vertex -14.3197 14.4539 0
      vertex -14.1477 14.3743 -10
    endloop
  endfacet
  facet normal 0.419887 0.907576 0
    outer loop
      vertex -14.3197 14.4539 0
      vertex -14.1477 14.3743 0
      vertex -14.1477 14.3743 -10
    endloop
  endfacet
  facet normal 0.319302 0.947653 0
    outer loop
      vertex -14.1477 14.3743 -10
      vertex -14.1477 14.3743 0
      vertex -13.9682 14.3138 -10
    endloop
  endfacet
  facet normal 0.319302 0.947653 0
    outer loop
      vertex -14.1477 14.3743 0
      vertex -13.9682 14.3138 0
      vertex -13.9682 14.3138 -10
    endloop
  endfacet
  facet normal 0.214968 0.976621 0
    outer loop
      vertex -13.9682 14.3138 -10
      vertex -13.9682 14.3138 0
      vertex -13.7831 14.2731 -10
    endloop
  endfacet
  facet normal 0.214968 0.976621 0
    outer loop
      vertex -13.9682 14.3138 0
      vertex -13.7831 14.2731 0
      vertex -13.7831 14.2731 -10
    endloop
  endfacet
  facet normal 0.10812 0.994138 0
    outer loop
      vertex -13.7831 14.2731 -10
      vertex -13.7831 14.2731 0
      vertex -13.5947 14.2526 -10
    endloop
  endfacet
  facet normal 0.10812 0.994138 0
    outer loop
      vertex -13.7831 14.2731 0
      vertex -13.5947 14.2526 0
      vertex -13.5947 14.2526 -10
    endloop
  endfacet
  facet normal 0 1 0
    outer loop
      vertex -13.5947 14.2526 -10
      vertex -13.5947 14.2526 0
      vertex -13.4053 14.2526 -10
    endloop
  endfacet
  facet normal 0 1 0
    outer loop
      vertex -13.5947 14.2526 0
      vertex -13.4053 14.2526 0
      vertex -13.4053 14.2526 -10
    endloop
  endfacet
  facet normal -0.10812 0.994138 0
    outer loop
      vertex -13.4053 14.2526 -10
      vertex -13.4053 14.2526 0
      vertex -13.2169 14.2731 -10
    endloop
  endfacet
  facet normal -0.10812 0.994138 0
    outer loop
      vertex -13.4053 14.2526 0
      vertex -13.2169 14.2731 0
      vertex -13.2169 14.2731 -10
    endloop
  endfacet
  facet normal -0.214968 0.976621 0
    outer loop
      vertex -13.2169 14.2731 -10
      vertex -13.2169 14.2731 0
      vertex -13.0318 14.3138 -10
    endloop
  endfacet
  facet normal -0.214968 0.976621 0
    outer loop
      vertex -13.2169 14.2731 0
      vertex -13.0318 14.3138 0
      vertex -13.0318 14.3138 -10
    endloop
  endfacet
  facet normal -0.319302 0.947653 0
    outer loop
      vertex -13.0318 14.3138 -10
      vertex -13.0318 14.3138 0
      vertex -12.8523 14.3743 -10
    endloop
  endfacet
  facet normal -0.319302 0.947653 0
    outer loop
      vertex -13.0318 14.3138 0
      vertex -12.8523 14.3743 0
      vertex -12.8523 14.3743 -10
    endloop
  endfacet
  facet normal -0.419889 0.907575 0
    outer loop
      vertex -12.8523 14.3743 -10
      vertex -12.8523 14.3743 0
      vertex -12.6803 14.4539 -10
    endloop
  endfacet
  facet normal -0.419889 0.907575 0
    outer loop
      vertex -12.8523 14.3743 0
      vertex -12.6803 14.4539 0
      vertex -12.6803 14.4539 -10
    endloop
  endfacet
  facet normal -0.515556 0.856856 0
    outer loop
      vertex -12.6803 14.4539 -10
      vertex -12.6803 14.4539 0
      vertex -12.5179 14.5515 -10
    endloop
  endfacet
  facet normal -0.515556 0.856856 0
    outer loop
      vertex -12.6803 14.4539 0
      vertex -12.5179 14.5515 0
      vertex -12.5179 14.5515 -10
    endloop
  endfacet
  facet normal -0.605174 0.796093 0
    outer loop
      vertex -12.5179 14.5515 -10
      vertex -12.5179 14.5515 0
      vertex -12.3671 14.6662 -10
    endloop
  endfacet
  facet normal -0.605174 0.796093 0
    outer loop
      vertex -12.5179 14.5515 0
      vertex -12.3671 14.6662 0
      vertex -12.3671 14.6662 -10
    endloop
  endfacet
  facet normal -0.687699 0.725996 0
    outer loop
      vertex -12.3671 14.6662 -10
      vertex -12.3671 14.6662 0
      vertex -12.2295 14.7965 -10
    endloop
  endfacet
  facet normal -0.687699 0.725996 0
    outer loop
      vertex -12.3671 14.6662 0
      vertex -12.2295 14.7965 0
      vertex -12.2295 14.7965 -10
    endloop
  endfacet
  facet normal -0.762162 0.647387 0
    outer loop
      vertex -12.2295 14.7965 -10
      vertex -12.2295 14.7965 0
      vertex -12.1068 14.9409 -10
    endloop
  endfacet
  facet normal -0.762162 0.647387 0
    outer loop
      vertex -12.2295 14.7965 0
      vertex -12.1068 14.9409 0
      vertex -12.1068 14.9409 -10
    endloop
  endfacet
  facet normal -0.827691 0.561185 0
    outer loop
      vertex -12.1068 14.9409 -10
      vertex -12.1068 14.9409 0
      vertex -12.0005 15.0978 -10
    endloop
  endfacet
  facet normal -0.827691 0.561185 0
    outer loop
      vertex -12.1068 14.9409 0
      vertex -12.0005 15.0978 0
      vertex -12.0005 15.0978 -10
    endloop
  endfacet
  facet normal -0.883511 0.46841 0
    outer loop
      vertex -12.0005 15.0978 -10
      vertex -12.0005 15.0978 0
      vertex -11.9117 15.2652 -10
    endloop
  endfacet
  facet normal -0.883511 0.46841 0
    outer loop
      vertex -12.0005 15.0978 0
      vertex -11.9117 15.2652 0
      vertex -11.9117 15.2652 -10
    endloop
  endfacet
  facet normal -0.928977 0.370138 0
    outer loop
      vertex -11.9117 15.2652 -10
      vertex -11.9117 15.2652 0
      vertex -11.8416 15.4412 -10
    endloop
  endfacet
  facet normal -0.928977 0.370138 0
    outer loop
      vertex -11.9117 15.2652 0
      vertex -11.8416 15.4412 0
      vertex -11.8416 15.4412 -10
    endloop
  endfacet
  facet normal -0.96355 0.267528 0
    outer loop
      vertex -11.8416 15.4412 -10
      vertex -11.8416 15.4412 0
      vertex -11.7909 15.6238 -10
    endloop
  endfacet
  facet normal -0.96355 0.267528 0
    outer loop
      vertex -11.8416 15.4412 0
      vertex -11.7909 15.6238 0
      vertex -11.7909 15.6238 -10
    endloop
  endfacet
  facet normal -0.986826 0.161787 0
    outer loop
      vertex -11.7909 15.6238 -10
      vertex -11.7909 15.6238 0
      vertex -11.7603 15.8108 -10
    endloop
  endfacet
  facet normal -0.986826 0.161787 0
    outer loop
      vertex -11.7909 15.6238 0
      vertex -11.7603 15.8108 0
      vertex -11.7603 15.8108 -10
    endloop
  endfacet
  facet normal -0.998533 0.0541383 0
    outer loop
      vertex -11.7603 15.8108 -10
      vertex -11.7603 15.8108 0
      vertex -11.75 16 -10
    endloop
  endfacet
  facet normal -0.998533 0.0541383 0
    outer loop
      vertex -11.7603 15.8108 0
      vertex -11.75 16 0
      vertex -11.75 16 -10
    endloop
  endfacet
  facet normal 0 0 1
    outer loop
      vertex 6.3 20 -7
      vertex -6.3 20 -7
      vertex 6.3 9 -7
    endloop
  endfacet
  facet normal 0 0 1
    outer loop
      vertex -6.3 20 -7
      vertex -6.3 9 -7
      vertex 6.3 9 -7
    endloop
  endfacet
  facet normal 0 0 1
    outer loop
      vertex -10.0451 -8.75528 -7
      vertex -9.53956 -8.89074 -7
      vertex 6.3 9 -7
    endloop
  endfacet
  facet normal 0 0 1
    outer loop
      vertex -11.8457 -7.71572 -7
      vertex -11.4389 -8.04508 -7
      vertex -6.3 9 -7
    endloop
  endfacet
  facet normal 0 0 1
    outer loop
      vertex -11.4389 -8.04508 -7
      vertex -11 -8.33013 -7
      vertex -6.3 9 -7
    endloop
  endfacet
  facet normal 0 0 1
    outer loop
      vertex -6.3 9 -7
      vertex -11 -8.33013 -7
      vertex 6.3 9 -7
    endloop
  endfacet
  facet normal 0 0 1
    outer loop
      vertex -11 -8.33013 -7
      vertex -10.5337 -8.56773 -7
      vertex 6.3 9 -7
    endloop
  endfacet
  facet normal 0 0 1
    outer loop
      vertex 6.3 9 -7
      vertex -10.5337 -8.56773 -7
      vertex -10.0451 -8.75528 -7
    endloop
  endfacet
  facet normal 0 0 1
    outer loop
      vertex -9.53956 -8.89074 -7
      vertex -9.02264 -8.97261 -7
      vertex 6.3 9 -7
    endloop
  endfacet
  facet normal 0 0 1
    outer loop
      vertex -9.02264 -8.97261 -7
      vertex -8.5 -9 -7
      vertex 6.3 9 -7
    endloop
  endfacet
  facet normal 0 0 1
    outer loop
      vertex 6.3 9 -7
      vertex -8.5 -9 -7
      vertex 8.5 9 -7
    endloop
  endfacet
  facet normal 0 0 1
    outer loop
      vertex -8.5 -9 -7
      vertex -6.3 -9 -7
      vertex 8.5 9 -7
    endloop
  endfacet
  facet normal 0 0 1
    outer loop
      vertex 8.5 9 -7
      vertex -6.3 -9 -7
      vertex 9.02264 8.97261 -7
    endloop
  endfacet
  facet normal 0 0 1
    outer loop
      vertex -6.3 -9 -7
      vertex 9.53956 8.89074 -7
      vertex 9.02264 8.97261 -7
    endloop
  endfacet
  facet normal 0 0 1
    outer loop
      vertex 11 8.33013 -7
      vertex 10.5337 8.56773 -7
      vertex -6.3 -9 -7
    endloop
  endfacet
  facet normal 0 0 1
    outer loop
      vertex 10.5337 8.56773 -7
      vertex 10.0451 8.75528 -7
      vertex -6.3 -9 -7
    endloop
  endfacet
  facet normal 0 0 1
    outer loop
      vertex -6.3 -9 -7
      vertex 10.0451 8.75528 -7
      vertex 9.53956 8.89074 -7
    endloop
  endfacet
  facet normal 0 0 1
    outer loop
      vertex 13.5 -4 -7
      vertex 13.5 4 -7
      vertex 11 8.33013 -7
    endloop
  endfacet
  facet normal 0 0 1
    outer loop
      vertex 12.5451 6.93893 -7
      vertex 12.2157 7.34565 -7
      vertex 13.5 4 -7
    endloop
  endfacet
  facet normal 0 0 1
    outer loop
      vertex -13.4726 -4.52264 -7
      vertex -13.3907 -5.03956 -7
      vertex -6.3 9 -7
    endloop
  endfacet
  facet normal 0 0 1
    outer loop
      vertex -13.3907 -5.03956 -7
      vertex -13.2553 -5.54508 -7
      vertex -6.3 9 -7
    endloop
  endfacet
  facet normal 0 0 1
    outer loop
      vertex -13.2553 -5.54508 -7
      vertex -13.0677 -6.03368 -7
      vertex -6.3 9 -7
    endloop
  endfacet
  facet normal 0 0 1
    outer loop
      vertex -6.3 9 -7
      vertex -13.0677 -6.03368 -7
      vertex -12.8301 -6.5 -7
    endloop
  endfacet
  facet normal 0 0 1
    outer loop
      vertex -6.3 -20 -7
      vertex 6.3 -20 -7
      vertex -6.3 -9 -7
    endloop
  endfacet
  facet normal 0 0 1
    outer loop
      vertex 6.3 -20 -7
      vertex 6.3 -9 -7
      vertex -6.3 -9 -7
    endloop
  endfacet
  facet normal 0 0 1
    outer loop
      vertex -6.3 -9 -7
      vertex 6.3 -9 -7
      vertex 11 8.33013 -7
    endloop
  endfacet
  facet normal 0 0 1
    outer loop
      vertex 6.3 -9 -7
      vertex 8.5 -9 -7
      vertex 11 8.33013 -7
    endloop
  endfacet
  facet normal 0 0 1
    outer loop
      vertex 11 8.33013 -7
      vertex 8.5 -9 -7
      vertex 13.5 -4 -7
    endloop
  endfacet
  facet normal 0 0 1
    outer loop
      vertex 8.5 -9 -7
      vertex 9.02264 -8.97261 -7
      vertex 13.5 -4 -7
    endloop
  endfacet
  facet normal 0 0 1
    outer loop
      vertex -8.5 9 -7
      vertex -9.02264 8.97261 -7
      vertex -13.5 4 -7
    endloop
  endfacet
  facet normal 0 0 1
    outer loop
      vertex -9.02264 8.97261 -7
      vertex -9.53956 8.89074 -7
      vertex -13.5 4 -7
    endloop
  endfacet
  facet normal 0 0 1
    outer loop
      vertex -13.5 4 -7
      vertex -9.53956 8.89074 -7
      vertex -10.0451 8.75528 -7
    endloop
  endfacet
  facet normal 0 0 1
    outer loop
      vertex -8.5 9 -7
      vertex -13.5 4 -7
      vertex -6.3 9 -7
    endloop
  endfacet
  facet normal 0 0 1
    outer loop
      vertex -13.5 4 -7
      vertex -13.5 -4 -7
      vertex -6.3 9 -7
    endloop
  endfacet
  facet normal 0 0 1
    outer loop
      vertex -6.3 9 -7
      vertex -13.5 -4 -7
      vertex -13.4726 -4.52264 -7
    endloop
  endfacet
  facet normal 0 0 1
    outer loop
      vertex -12.8301 -6.5 -7
      vertex -12.5451 -6.93893 -7
      vertex -6.3 9 -7
    endloop
  endfacet
  facet normal 0 0 1
    outer loop
      vertex -12.5451 -6.93893 -7
      vertex -12.2157 -7.34565 -7
      vertex -6.3 9 -7
    endloop
  endfacet
  facet normal 0 0 1
    outer loop
      vertex -6.3 9 -7
      vertex -12.2157 -7.34565 -7
      vertex -11.8457 -7.71572 -7
    endloop
  endfacet
  facet normal 0 0 1
    outer loop
      vertex 9.02264 -8.97261 -7
      vertex 9.53956 -8.89074 -7
      vertex 13.5 -4 -7
    endloop
  endfacet
  facet normal 0 0 1
    outer loop
      vertex 9.53956 -8.89074 -7
      vertex 10.0451 -8.75528 -7
      vertex 13.5 -4 -7
    endloop
  endfacet
  facet normal 0 0 1
    outer loop
      vertex 13.5 -4 -7
      vertex 10.0451 -8.75528 -7
      vertex 10.5337 -8.56773 -7
    endloop
  endfacet
  facet normal 0 0 1
    outer loop
      vertex 12.5451 -6.93893 -7
      vertex 12.8301 -6.5 -7
      vertex 12.2157 -7.34565 -7
    endloop
  endfacet
  facet normal 0 0 1
    outer loop
      vertex 12.8301 -6.5 -7
      vertex 13.0677 -6.03368 -7
      vertex 12.2157 -7.34565 -7
    endloop
  endfacet
  facet normal 0 0 1
    outer loop
      vertex 12.2157 -7.34565 -7
      vertex 13.0677 -6.03368 -7
      vertex 11.8457 -7.71572 -7
    endloop
  endfacet
  facet normal 0 0 1
    outer loop
      vertex 11.8457 -7.71572 -7
      vertex 13.0677 -6.03368 -7
      vertex 11.4389 -8.04508 -7
    endloop
  endfacet
  facet normal 0 0 1
    outer loop
      vertex 13.0677 -6.03368 -7
      vertex 13.2553 -5.54508 -7
      vertex 11.4389 -8.04508 -7
    endloop
  endfacet
  facet normal 0 0 1
    outer loop
      vertex 11.4389 -8.04508 -7
      vertex 13.2553 -5.54508 -7
      vertex 13.3907 -5.03956 -7
    endloop
  endfacet
  facet normal 0 0 1
    outer loop
      vertex 12.2157 7.34565 -7
      vertex 11.8457 7.71572 -7
      vertex 13.5 4 -7
    endloop
  endfacet
  facet normal 0 0 1
    outer loop
      vertex 11.8457 7.71572 -7
      vertex 11.4389 8.04508 -7
      vertex 13.5 4 -7
    endloop
  endfacet
  facet normal 0 0 1
    outer loop
      vertex 13.5 4 -7
      vertex 11.4389 8.04508 -7
      vertex 11 8.33013 -7
    endloop
  endfacet
  facet normal 0 0 1
    outer loop
      vertex -10.0451 8.75528 -7
      vertex -10.5337 8.56773 -7
      vertex -13.5 4 -7
    endloop
  endfacet
  facet normal 0 0 1
    outer loop
      vertex -10.5337 8.56773 -7
      vertex -11 8.33013 -7
      vertex -13.5 4 -7
    endloop
  endfacet
  facet normal 0 0 1
    outer loop
      vertex -13.5 4 -7
      vertex -11 8.33013 -7
      vertex -11.4389 8.04508 -7
    endloop
  endfacet
  facet normal 0 0 1
    outer loop
      vertex -13.0677 6.03368 -7
      vertex -13.2553 5.54508 -7
      vertex -13.3907 5.03956 -7
    endloop
  endfacet
  facet normal 0 0 1
    outer loop
      vertex 10.5337 -8.56773 -7
      vertex 11 -8.33013 -7
      vertex 13.5 -4 -7
    endloop
  endfacet
  facet normal 0 0 1
    outer loop
      vertex 11 -8.33013 -7
      vertex 11.4389 -8.04508 -7
      vertex 13.5 -4 -7
    endloop
  endfacet
  facet normal 0 0 1
    outer loop
      vertex 13.5 -4 -7
      vertex 11.4389 -8.04508 -7
      vertex 13.4726 -4.52264 -7
    endloop
  endfacet
  facet normal 0 0 1
    outer loop
      vertex 11.4389 -8.04508 -7
      vertex 13.3907 -5.03956 -7
      vertex 13.4726 -4.52264 -7
    endloop
  endfacet
  facet normal 0 0 1
    outer loop
      vertex 13.2553 5.54508 -7
      vertex 13.0677 6.03368 -7
      vertex 13.3907 5.03956 -7
    endloop
  endfacet
  facet normal 0 0 1
    outer loop
      vertex 13.0677 6.03368 -7
      vertex 13.4726 4.52264 -7
      vertex 13.3907 5.03956 -7
    endloop
  endfacet
  facet normal 0 0 1
    outer loop
      vertex 13.4726 4.52264 -7
      vertex 13.0677 6.03368 -7
      vertex 13.5 4 -7
    endloop
  endfacet
  facet normal 0 0 1
    outer loop
      vertex 13.0677 6.03368 -7
      vertex 12.8301 6.5 -7
      vertex 13.5 4 -7
    endloop
  endfacet
  facet normal 0 0 1
    outer loop
      vertex 13.5 4 -7
      vertex 12.8301 6.5 -7
      vertex 12.5451 6.93893 -7
    endloop
  endfacet
  facet normal 0 0 1
    outer loop
      vertex -11.4389 8.04508 -7
      vertex -11.8457 7.71572 -7
      vertex -13.5 4 -7
    endloop
  endfacet
  facet normal 0 0 1
    outer loop
      vertex -11.8457 7.71572 -7
      vertex -12.2157 7.34565 -7
      vertex -13.5 4 -7
    endloop
  endfacet
  facet normal 0 0 1
    outer loop
      vertex -13.5 4 -7
      vertex -12.2157 7.34565 -7
      vertex -12.5451 6.93893 -7
    endloop
  endfacet
  facet normal 0 0 1
    outer loop
      vertex -12.5451 6.93893 -7
      vertex -12.8301 6.5 -7
      vertex -13.5 4 -7
    endloop
  endfacet
  facet normal 0 0 1
    outer loop
      vertex -12.8301 6.5 -7
      vertex -13.0677 6.03368 -7
      vertex -13.5 4 -7
    endloop
  endfacet
  facet normal 0 0 1
    outer loop
      vertex -13.5 4 -7
      vertex -13.0677 6.03368 -7
      vertex -13.4726 4.52264 -7
    endloop
  endfacet
  facet normal 0 0 1
    outer loop
      vertex -13.0677 6.03368 -7
      vertex -13.3907 5.03956 -7
      vertex -13.4726 4.52264 -7
    endloop
  endfacet
  facet normal -1 0 0
    outer loop
      vertex 6.3 -9 -7
      vertex 6.3 -20 -7
      vertex 6.3 -9 0
    endloop
  endfacet
  facet normal -1 0 0
    outer loop
      vertex 6.3 -20 -7
      vertex 6.3 -20 0
      vertex 6.3 -9 0
    endloop
  endfacet
  facet normal 1 0 0
    outer loop
      vertex -6.3 -9 -7
      vertex -6.3 -9 0
      vertex -6.3 -20 -7
    endloop
  endfacet
  facet normal 1 0 0
    outer loop
      vertex -6.3 -9 0
      vertex -6.3 -20 0
      vertex -6.3 -20 -7
    endloop
  endfacet
  facet normal -1 0 0
    outer loop
      vertex 6.3 20 0
      vertex 6.3 20 -7
      vertex 6.3 9 0
    endloop
  endfacet
  facet normal -1 0 0
    outer loop
      vertex 6.3 20 -7
      vertex 6.3 9 -7
      vertex 6.3 9 0
    endloop
  endfacet
  facet normal 1 0 0
    outer loop
      vertex -6.3 20 0
      vertex -6.3 9 0
      vertex -6.3 20 -7
    endloop
  endfacet
  facet normal 1 0 0
    outer loop
      vertex -6.3 9 0
      vertex -6.3 9 -7
      vertex -6.3 20 -7
    endloop
  endfacet
endsolid Onshape
