ISO-10303-21;
HEADER;
/* Generated by software containing ST-Developer
 * from STEP Tools, Inc. (www.steptools.com) 
 */

FILE_DESCRIPTION(
/* description */ (''),
/* implementation_level */ '2;1');

FILE_NAME(
/* name */ 'E:/3d/Fusion/Tbuck4_017_opto_v5 v1.step',
/* time_stamp */ '2018-10-10T17:47:54+02:00',
/* author */ ('christian.patissier'),
/* organization */ (''),
/* preprocessor_version */ 'ST-DEVELOPER v17.2',
/* originating_system */ 'Autodesk Translation Framework v7.6.0.251',
/* authorisation */ '');

FILE_SCHEMA (('AUTOMOTIVE_DESIGN { 1 0 10303 214 3 1 1 }'));
ENDSEC;

DATA;
#10=MECHANICAL_DESIGN_GEOMETRIC_PRESENTATION_REPRESENTATION('',(#13),#5471);
#11=SHAPE_REPRESENTATION_RELATIONSHIP('SRR','None',#5478,#12);
#12=ADVANCED_BREP_SHAPE_REPRESENTATION('',(#14),#5470);
#13=STYLED_ITEM('',(#5487),#14);
#14=MANIFOLD_SOLID_BREP('TBucck4_17',#3187);
#15=TOROIDAL_SURFACE('',#3433,4.,2.);
#16=TOROIDAL_SURFACE('',#3443,4.,2.);
#17=TOROIDAL_SURFACE('',#3452,4.,2.);
#18=TOROIDAL_SURFACE('',#3467,4.,2.);
#19=SPHERICAL_SURFACE('',#3421,2.);
#20=SPHERICAL_SURFACE('',#3425,2.);
#21=SPHERICAL_SURFACE('',#3435,2.);
#22=SPHERICAL_SURFACE('',#3438,2.);
#23=SPHERICAL_SURFACE('',#3455,2.);
#24=SPHERICAL_SURFACE('',#3460,2.);
#25=SPHERICAL_SURFACE('',#3479,2.);
#26=SPHERICAL_SURFACE('',#3484,2.);
#27=FACE_BOUND('',#429,.T.);
#28=FACE_BOUND('',#430,.T.);
#29=FACE_BOUND('',#436,.T.);
#30=FACE_BOUND('',#437,.T.);
#31=FACE_BOUND('',#448,.T.);
#32=FACE_BOUND('',#452,.T.);
#33=FACE_BOUND('',#456,.T.);
#34=FACE_BOUND('',#461,.T.);
#35=FACE_BOUND('',#482,.T.);
#36=FACE_BOUND('',#483,.T.);
#37=FACE_BOUND('',#484,.T.);
#38=FACE_BOUND('',#485,.T.);
#39=FACE_BOUND('',#486,.T.);
#40=FACE_BOUND('',#487,.T.);
#41=FACE_BOUND('',#488,.T.);
#42=FACE_BOUND('',#489,.T.);
#43=FACE_BOUND('',#527,.T.);
#44=FACE_BOUND('',#528,.T.);
#45=FACE_BOUND('',#529,.T.);
#46=FACE_BOUND('',#530,.T.);
#47=CONICAL_SURFACE('',#3207,2.25,0.785398163397448);
#48=CONICAL_SURFACE('',#3237,2.25,0.785398163397447);
#49=CONICAL_SURFACE('',#3255,1.9,0.785398163397448);
#50=CONICAL_SURFACE('',#3262,1.9,0.785398163397448);
#51=CONICAL_SURFACE('',#3269,1.9,0.785398163397448);
#52=CONICAL_SURFACE('',#3276,1.9,0.785398163397448);
#53=CONICAL_SURFACE('',#3308,3.2,0.785398163397448);
#54=CONICAL_SURFACE('',#3320,3.2,0.785398163397448);
#55=CONICAL_SURFACE('',#3323,3.2,0.785398163397448);
#56=CONICAL_SURFACE('',#3326,3.2,0.785398163397448);
#57=CONICAL_SURFACE('',#3377,1.75,0.785398163397448);
#58=CONICAL_SURFACE('',#3380,2.25,0.785398163397448);
#59=CONICAL_SURFACE('',#3383,2.25,0.785398163397447);
#60=CONICAL_SURFACE('',#3386,1.75,0.785398163397448);
#61=CONICAL_SURFACE('',#3389,2.25,0.785398163397448);
#62=CONICAL_SURFACE('',#3391,1.75,0.785398163397448);
#63=CONICAL_SURFACE('',#3394,2.25,0.785398163397448);
#64=CONICAL_SURFACE('',#3397,2.25,0.78539816339745);
#65=CONICAL_SURFACE('',#3400,1.75,0.785398163397448);
#66=CONICAL_SURFACE('',#3403,2.25,0.785398163397447);
#67=B_SPLINE_CURVE_WITH_KNOTS('',3,(#4479,#4480,#4481,#4482,#4483,#4484,
#4485,#4486,#4487,#4488),.UNSPECIFIED.,.F.,.F.,(4,2,2,2,4),(0.18817275533053,
0.211144322230914,0.234115889131299,0.259453223571153,0.284790558011006),
 .UNSPECIFIED.);
#68=B_SPLINE_CURVE_WITH_KNOTS('',3,(#4543,#4544,#4545,#4546,#4547,#4548,
#4549,#4550,#4551,#4552),.UNSPECIFIED.,.F.,.F.,(4,2,2,2,4),(0.0915549526500536,
0.116892287089907,0.142229621529761,0.165201188430146,0.18817275533053),
 .UNSPECIFIED.);
#69=B_SPLINE_CURVE_WITH_KNOTS('',3,(#4635,#4636,#4637,#4638,#4639,#4640,
#4641,#4642,#4643,#4644),.UNSPECIFIED.,.F.,.F.,(4,2,2,2,4),(0.0915549526500535,
0.116892287089907,0.142229621529761,0.165201188430145,0.18817275533053),
 .UNSPECIFIED.);
#70=B_SPLINE_CURVE_WITH_KNOTS('',3,(#4664,#4665,#4666,#4667,#4668,#4669,
#4670,#4671,#4672,#4673),.UNSPECIFIED.,.F.,.F.,(4,2,2,2,4),(0.18817275533053,
0.211144322230915,0.234115889131299,0.259453223571153,0.284790558011007),
 .UNSPECIFIED.);
#71=B_SPLINE_CURVE_WITH_KNOTS('',3,(#5259,#5260,#5261,#5262,#5263,#5264),
 .UNSPECIFIED.,.F.,.F.,(4,2,4),(0.526927319197915,0.537057245369024,0.544792580494193),
 .UNSPECIFIED.);
#72=B_SPLINE_CURVE_WITH_KNOTS('',3,(#5276,#5277,#5278,#5279,#5280,#5281),
 .UNSPECIFIED.,.F.,.F.,(4,2,4),(0.437704921186493,0.445440256311665,0.455570182482767),
 .UNSPECIFIED.);
#73=B_SPLINE_CURVE_WITH_KNOTS('',3,(#5287,#5288,#5289,#5290,#5291,#5292,
#5293,#5294,#5295,#5296,#5297),.UNSPECIFIED.,.F.,.F.,(4,2,3,2,4),(-0.121855677161759,
-0.0849772707233803,0.,0.0849772707233803,0.102662178524566),
 .UNSPECIFIED.);
#74=B_SPLINE_CURVE_WITH_KNOTS('',3,(#5319,#5320,#5321,#5322,#5323,#5324,
#5325,#5326,#5327,#5328,#5329),.UNSPECIFIED.,.F.,.F.,(4,2,3,2,4),(-0.102662399560374,
-0.0849772707233811,0.,0.0849772707233811,0.121855653484005),
 .UNSPECIFIED.);
#75=B_SPLINE_CURVE_WITH_KNOTS('',3,(#5337,#5338,#5339,#5340,#5341,#5342,
#5343,#5344,#5345,#5346,#5347),.UNSPECIFIED.,.F.,.F.,(4,2,3,2,4),(-0.102662202015102,
-0.0849772707233811,0.,0.0849772707233812,0.121855653484005),
 .UNSPECIFIED.);
#76=B_SPLINE_CURVE_WITH_KNOTS('',3,(#5398,#5399,#5400,#5401,#5402,#5403),
 .UNSPECIFIED.,.F.,.F.,(4,2,4),(0.526927319202073,0.537057245369025,0.544792580494195),
 .UNSPECIFIED.);
#77=B_SPLINE_CURVE_WITH_KNOTS('',3,(#5411,#5412,#5413,#5414,#5415,#5416),
 .UNSPECIFIED.,.F.,.F.,(4,2,4),(0.437704921186493,0.445440256311664,0.455570182478629),
 .UNSPECIFIED.);
#78=B_SPLINE_CURVE_WITH_KNOTS('',3,(#5419,#5420,#5421,#5422,#5423,#5424,
#5425,#5426,#5427,#5428,#5429),.UNSPECIFIED.,.F.,.F.,(4,2,3,2,4),(-0.121855677161759,
-0.0849772707233803,0.,0.0849772707233804,0.102662304983567),
 .UNSPECIFIED.);
#79=CIRCLE('',#3204,2.);
#80=CIRCLE('',#3205,2.);
#81=CIRCLE('',#3206,2.);
#82=CIRCLE('',#3208,2.5);
#83=CIRCLE('',#3210,2.5);
#84=CIRCLE('',#3211,1.5);
#85=CIRCLE('',#3212,2.5);
#86=CIRCLE('',#3213,2.5);
#87=CIRCLE('',#3214,1.5);
#88=CIRCLE('',#3215,1.7);
#89=CIRCLE('',#3216,1.7);
#90=CIRCLE('',#3220,2.);
#91=CIRCLE('',#3221,2.);
#92=CIRCLE('',#3222,2.);
#93=CIRCLE('',#3227,2.5);
#94=CIRCLE('',#3228,1.5);
#95=CIRCLE('',#3229,2.5);
#96=CIRCLE('',#3230,2.5);
#97=CIRCLE('',#3231,1.5);
#98=CIRCLE('',#3232,2.5);
#99=CIRCLE('',#3233,1.7);
#100=CIRCLE('',#3234,1.7);
#101=CIRCLE('',#3238,2.);
#102=CIRCLE('',#3243,2.);
#103=CIRCLE('',#3244,2.);
#104=CIRCLE('',#3256,2.1);
#105=CIRCLE('',#3257,1.7);
#106=CIRCLE('',#3259,3.);
#107=CIRCLE('',#3260,3.);
#108=CIRCLE('',#3263,2.1);
#109=CIRCLE('',#3264,1.7);
#110=CIRCLE('',#3266,3.);
#111=CIRCLE('',#3267,3.);
#112=CIRCLE('',#3270,2.1);
#113=CIRCLE('',#3271,1.7);
#114=CIRCLE('',#3273,3.);
#115=CIRCLE('',#3274,3.);
#116=CIRCLE('',#3277,2.1);
#117=CIRCLE('',#3278,1.7);
#118=CIRCLE('',#3281,3.);
#119=CIRCLE('',#3282,3.);
#120=CIRCLE('',#3288,2.);
#121=CIRCLE('',#3289,2.);
#122=CIRCLE('',#3296,2.);
#123=CIRCLE('',#3300,2.);
#124=CIRCLE('',#3301,2.);
#125=CIRCLE('',#3304,2.);
#126=CIRCLE('',#3305,2.);
#127=CIRCLE('',#3309,3.4);
#128=CIRCLE('',#3310,3.);
#129=CIRCLE('',#3312,2.);
#130=CIRCLE('',#3313,2.);
#131=CIRCLE('',#3314,2.);
#132=CIRCLE('',#3315,2.);
#133=CIRCLE('',#3316,3.4);
#134=CIRCLE('',#3317,3.4);
#135=CIRCLE('',#3318,3.4);
#136=CIRCLE('',#3321,3.);
#137=CIRCLE('',#3324,3.);
#138=CIRCLE('',#3327,3.);
#139=CIRCLE('',#3359,4.);
#140=CIRCLE('',#3360,4.);
#141=CIRCLE('',#3361,4.);
#142=CIRCLE('',#3362,4.);
#143=CIRCLE('',#3378,2.);
#144=CIRCLE('',#3381,2.);
#145=CIRCLE('',#3384,2.);
#146=CIRCLE('',#3387,2.);
#147=CIRCLE('',#3392,2.);
#148=CIRCLE('',#3395,2.);
#149=CIRCLE('',#3398,2.);
#150=CIRCLE('',#3401,2.);
#151=CIRCLE('',#3406,2.);
#152=CIRCLE('',#3409,2.);
#153=CIRCLE('',#3412,2.);
#154=CIRCLE('',#3415,2.);
#155=CIRCLE('',#3419,2.);
#156=CIRCLE('',#3420,2.);
#157=CIRCLE('',#3422,2.);
#158=CIRCLE('',#3423,2.);
#159=CIRCLE('',#3424,1.73205080756888);
#160=CIRCLE('',#3426,1.73205080756888);
#161=CIRCLE('',#3427,2.);
#162=CIRCLE('',#3428,2.);
#163=CIRCLE('',#3430,3.);
#164=CIRCLE('',#3432,2.);
#165=CIRCLE('',#3434,2.);
#166=CIRCLE('',#3436,2.);
#167=CIRCLE('',#3437,2.);
#168=CIRCLE('',#3439,2.);
#169=CIRCLE('',#3440,2.);
#170=CIRCLE('',#3442,2.);
#171=CIRCLE('',#3444,2.);
#172=CIRCLE('',#3448,2.);
#173=CIRCLE('',#3449,2.);
#174=CIRCLE('',#3451,2.);
#175=CIRCLE('',#3453,2.);
#176=CIRCLE('',#3454,2.);
#177=CIRCLE('',#3456,2.);
#178=CIRCLE('',#3457,2.);
#179=CIRCLE('',#3458,2.);
#180=CIRCLE('',#3461,2.);
#181=CIRCLE('',#3462,2.);
#182=CIRCLE('',#3463,2.);
#183=CIRCLE('',#3466,2.);
#184=CIRCLE('',#3468,2.);
#185=CIRCLE('',#3469,2.);
#186=CIRCLE('',#3474,3.);
#187=CIRCLE('',#3480,1.73205080756888);
#188=CIRCLE('',#3481,2.);
#189=CIRCLE('',#3482,2.);
#190=CIRCLE('',#3483,2.);
#191=CIRCLE('',#3485,1.73205080756888);
#192=CIRCLE('',#3486,2.);
#193=CIRCLE('',#3490,3.);
#194=CIRCLE('',#3492,3.);
#195=CYLINDRICAL_SURFACE('',#3203,2.);
#196=CYLINDRICAL_SURFACE('',#3219,2.);
#197=CYLINDRICAL_SURFACE('',#3239,0.6);
#198=CYLINDRICAL_SURFACE('',#3245,0.6);
#199=CYLINDRICAL_SURFACE('',#3248,0.6);
#200=CYLINDRICAL_SURFACE('',#3252,0.6);
#201=CYLINDRICAL_SURFACE('',#3261,1.7);
#202=CYLINDRICAL_SURFACE('',#3268,1.7);
#203=CYLINDRICAL_SURFACE('',#3275,1.7);
#204=CYLINDRICAL_SURFACE('',#3279,1.7);
#205=CYLINDRICAL_SURFACE('',#3295,2.);
#206=CYLINDRICAL_SURFACE('',#3299,2.);
#207=CYLINDRICAL_SURFACE('',#3319,3.);
#208=CYLINDRICAL_SURFACE('',#3322,3.);
#209=CYLINDRICAL_SURFACE('',#3325,3.);
#210=CYLINDRICAL_SURFACE('',#3328,3.);
#211=CYLINDRICAL_SURFACE('',#3405,2.);
#212=CYLINDRICAL_SURFACE('',#3408,2.);
#213=CYLINDRICAL_SURFACE('',#3411,2.);
#214=CYLINDRICAL_SURFACE('',#3414,2.);
#215=CYLINDRICAL_SURFACE('',#3418,2.);
#216=CYLINDRICAL_SURFACE('',#3431,2.);
#217=CYLINDRICAL_SURFACE('',#3441,2.);
#218=CYLINDRICAL_SURFACE('',#3445,2.);
#219=CYLINDRICAL_SURFACE('',#3446,2.);
#220=CYLINDRICAL_SURFACE('',#3447,2.);
#221=CYLINDRICAL_SURFACE('',#3450,2.);
#222=CYLINDRICAL_SURFACE('',#3459,2.);
#223=CYLINDRICAL_SURFACE('',#3464,2.);
#224=CYLINDRICAL_SURFACE('',#3465,2.);
#225=CYLINDRICAL_SURFACE('',#3470,2.);
#226=CYLINDRICAL_SURFACE('',#3471,2.);
#227=CYLINDRICAL_SURFACE('',#3472,2.);
#228=CYLINDRICAL_SURFACE('',#3477,2.);
#229=CYLINDRICAL_SURFACE('',#3487,2.);
#230=CYLINDRICAL_SURFACE('',#3488,2.);
#231=CYLINDRICAL_SURFACE('',#3491,3.);
#232=CYLINDRICAL_SURFACE('',#3494,3.);
#233=CYLINDRICAL_SURFACE('',#3496,3.);
#234=CYLINDRICAL_SURFACE('',#3497,3.);
#235=CYLINDRICAL_SURFACE('',#3500,2.);
#236=CYLINDRICAL_SURFACE('',#3502,2.);
#237=CYLINDRICAL_SURFACE('',#3503,2.);
#238=CYLINDRICAL_SURFACE('',#3505,2.);
#239=FACE_OUTER_BOUND('',#425,.T.);
#240=FACE_OUTER_BOUND('',#426,.T.);
#241=FACE_OUTER_BOUND('',#427,.T.);
#242=FACE_OUTER_BOUND('',#428,.T.);
#243=FACE_OUTER_BOUND('',#431,.T.);
#244=FACE_OUTER_BOUND('',#432,.T.);
#245=FACE_OUTER_BOUND('',#433,.T.);
#246=FACE_OUTER_BOUND('',#434,.T.);
#247=FACE_OUTER_BOUND('',#435,.T.);
#248=FACE_OUTER_BOUND('',#438,.T.);
#249=FACE_OUTER_BOUND('',#439,.T.);
#250=FACE_OUTER_BOUND('',#440,.T.);
#251=FACE_OUTER_BOUND('',#441,.T.);
#252=FACE_OUTER_BOUND('',#442,.T.);
#253=FACE_OUTER_BOUND('',#443,.T.);
#254=FACE_OUTER_BOUND('',#444,.T.);
#255=FACE_OUTER_BOUND('',#445,.T.);
#256=FACE_OUTER_BOUND('',#446,.T.);
#257=FACE_OUTER_BOUND('',#447,.T.);
#258=FACE_OUTER_BOUND('',#449,.T.);
#259=FACE_OUTER_BOUND('',#450,.T.);
#260=FACE_OUTER_BOUND('',#451,.T.);
#261=FACE_OUTER_BOUND('',#453,.T.);
#262=FACE_OUTER_BOUND('',#454,.T.);
#263=FACE_OUTER_BOUND('',#455,.T.);
#264=FACE_OUTER_BOUND('',#457,.T.);
#265=FACE_OUTER_BOUND('',#458,.T.);
#266=FACE_OUTER_BOUND('',#459,.T.);
#267=FACE_OUTER_BOUND('',#460,.T.);
#268=FACE_OUTER_BOUND('',#462,.T.);
#269=FACE_OUTER_BOUND('',#463,.T.);
#270=FACE_OUTER_BOUND('',#464,.T.);
#271=FACE_OUTER_BOUND('',#465,.T.);
#272=FACE_OUTER_BOUND('',#466,.T.);
#273=FACE_OUTER_BOUND('',#467,.T.);
#274=FACE_OUTER_BOUND('',#468,.T.);
#275=FACE_OUTER_BOUND('',#469,.T.);
#276=FACE_OUTER_BOUND('',#470,.T.);
#277=FACE_OUTER_BOUND('',#471,.T.);
#278=FACE_OUTER_BOUND('',#472,.T.);
#279=FACE_OUTER_BOUND('',#473,.T.);
#280=FACE_OUTER_BOUND('',#474,.T.);
#281=FACE_OUTER_BOUND('',#475,.T.);
#282=FACE_OUTER_BOUND('',#476,.T.);
#283=FACE_OUTER_BOUND('',#477,.T.);
#284=FACE_OUTER_BOUND('',#478,.T.);
#285=FACE_OUTER_BOUND('',#479,.T.);
#286=FACE_OUTER_BOUND('',#480,.T.);
#287=FACE_OUTER_BOUND('',#481,.T.);
#288=FACE_OUTER_BOUND('',#490,.T.);
#289=FACE_OUTER_BOUND('',#491,.T.);
#290=FACE_OUTER_BOUND('',#492,.T.);
#291=FACE_OUTER_BOUND('',#493,.T.);
#292=FACE_OUTER_BOUND('',#494,.T.);
#293=FACE_OUTER_BOUND('',#495,.T.);
#294=FACE_OUTER_BOUND('',#496,.T.);
#295=FACE_OUTER_BOUND('',#497,.T.);
#296=FACE_OUTER_BOUND('',#498,.T.);
#297=FACE_OUTER_BOUND('',#499,.T.);
#298=FACE_OUTER_BOUND('',#500,.T.);
#299=FACE_OUTER_BOUND('',#501,.T.);
#300=FACE_OUTER_BOUND('',#502,.T.);
#301=FACE_OUTER_BOUND('',#503,.T.);
#302=FACE_OUTER_BOUND('',#504,.T.);
#303=FACE_OUTER_BOUND('',#505,.T.);
#304=FACE_OUTER_BOUND('',#506,.T.);
#305=FACE_OUTER_BOUND('',#507,.T.);
#306=FACE_OUTER_BOUND('',#508,.T.);
#307=FACE_OUTER_BOUND('',#509,.T.);
#308=FACE_OUTER_BOUND('',#510,.T.);
#309=FACE_OUTER_BOUND('',#511,.T.);
#310=FACE_OUTER_BOUND('',#512,.T.);
#311=FACE_OUTER_BOUND('',#513,.T.);
#312=FACE_OUTER_BOUND('',#514,.T.);
#313=FACE_OUTER_BOUND('',#515,.T.);
#314=FACE_OUTER_BOUND('',#516,.T.);
#315=FACE_OUTER_BOUND('',#517,.T.);
#316=FACE_OUTER_BOUND('',#518,.T.);
#317=FACE_OUTER_BOUND('',#519,.T.);
#318=FACE_OUTER_BOUND('',#520,.T.);
#319=FACE_OUTER_BOUND('',#521,.T.);
#320=FACE_OUTER_BOUND('',#522,.T.);
#321=FACE_OUTER_BOUND('',#523,.T.);
#322=FACE_OUTER_BOUND('',#524,.T.);
#323=FACE_OUTER_BOUND('',#525,.T.);
#324=FACE_OUTER_BOUND('',#526,.T.);
#325=FACE_OUTER_BOUND('',#531,.T.);
#326=FACE_OUTER_BOUND('',#532,.T.);
#327=FACE_OUTER_BOUND('',#533,.T.);
#328=FACE_OUTER_BOUND('',#534,.T.);
#329=FACE_OUTER_BOUND('',#535,.T.);
#330=FACE_OUTER_BOUND('',#536,.T.);
#331=FACE_OUTER_BOUND('',#537,.T.);
#332=FACE_OUTER_BOUND('',#538,.T.);
#333=FACE_OUTER_BOUND('',#539,.T.);
#334=FACE_OUTER_BOUND('',#540,.T.);
#335=FACE_OUTER_BOUND('',#541,.T.);
#336=FACE_OUTER_BOUND('',#542,.T.);
#337=FACE_OUTER_BOUND('',#543,.T.);
#338=FACE_OUTER_BOUND('',#544,.T.);
#339=FACE_OUTER_BOUND('',#545,.T.);
#340=FACE_OUTER_BOUND('',#546,.T.);
#341=FACE_OUTER_BOUND('',#547,.T.);
#342=FACE_OUTER_BOUND('',#548,.T.);
#343=FACE_OUTER_BOUND('',#549,.T.);
#344=FACE_OUTER_BOUND('',#550,.T.);
#345=FACE_OUTER_BOUND('',#551,.T.);
#346=FACE_OUTER_BOUND('',#552,.T.);
#347=FACE_OUTER_BOUND('',#553,.T.);
#348=FACE_OUTER_BOUND('',#554,.T.);
#349=FACE_OUTER_BOUND('',#555,.T.);
#350=FACE_OUTER_BOUND('',#556,.T.);
#351=FACE_OUTER_BOUND('',#557,.T.);
#352=FACE_OUTER_BOUND('',#558,.T.);
#353=FACE_OUTER_BOUND('',#559,.T.);
#354=FACE_OUTER_BOUND('',#560,.T.);
#355=FACE_OUTER_BOUND('',#561,.T.);
#356=FACE_OUTER_BOUND('',#562,.T.);
#357=FACE_OUTER_BOUND('',#563,.T.);
#358=FACE_OUTER_BOUND('',#564,.T.);
#359=FACE_OUTER_BOUND('',#565,.T.);
#360=FACE_OUTER_BOUND('',#566,.T.);
#361=FACE_OUTER_BOUND('',#567,.T.);
#362=FACE_OUTER_BOUND('',#568,.T.);
#363=FACE_OUTER_BOUND('',#569,.T.);
#364=FACE_OUTER_BOUND('',#570,.T.);
#365=FACE_OUTER_BOUND('',#571,.T.);
#366=FACE_OUTER_BOUND('',#572,.T.);
#367=FACE_OUTER_BOUND('',#573,.T.);
#368=FACE_OUTER_BOUND('',#574,.T.);
#369=FACE_OUTER_BOUND('',#575,.T.);
#370=FACE_OUTER_BOUND('',#576,.T.);
#371=FACE_OUTER_BOUND('',#577,.T.);
#372=FACE_OUTER_BOUND('',#578,.T.);
#373=FACE_OUTER_BOUND('',#579,.T.);
#374=FACE_OUTER_BOUND('',#580,.T.);
#375=FACE_OUTER_BOUND('',#581,.T.);
#376=FACE_OUTER_BOUND('',#582,.T.);
#377=FACE_OUTER_BOUND('',#583,.T.);
#378=FACE_OUTER_BOUND('',#584,.T.);
#379=FACE_OUTER_BOUND('',#585,.T.);
#380=FACE_OUTER_BOUND('',#586,.T.);
#381=FACE_OUTER_BOUND('',#587,.T.);
#382=FACE_OUTER_BOUND('',#588,.T.);
#383=FACE_OUTER_BOUND('',#589,.T.);
#384=FACE_OUTER_BOUND('',#590,.T.);
#385=FACE_OUTER_BOUND('',#591,.T.);
#386=FACE_OUTER_BOUND('',#592,.T.);
#387=FACE_OUTER_BOUND('',#593,.T.);
#388=FACE_OUTER_BOUND('',#594,.T.);
#389=FACE_OUTER_BOUND('',#595,.T.);
#390=FACE_OUTER_BOUND('',#596,.T.);
#391=FACE_OUTER_BOUND('',#597,.T.);
#392=FACE_OUTER_BOUND('',#598,.T.);
#393=FACE_OUTER_BOUND('',#599,.T.);
#394=FACE_OUTER_BOUND('',#600,.T.);
#395=FACE_OUTER_BOUND('',#601,.T.);
#396=FACE_OUTER_BOUND('',#602,.T.);
#397=FACE_OUTER_BOUND('',#603,.T.);
#398=FACE_OUTER_BOUND('',#604,.T.);
#399=FACE_OUTER_BOUND('',#605,.T.);
#400=FACE_OUTER_BOUND('',#606,.T.);
#401=FACE_OUTER_BOUND('',#607,.T.);
#402=FACE_OUTER_BOUND('',#608,.T.);
#403=FACE_OUTER_BOUND('',#609,.T.);
#404=FACE_OUTER_BOUND('',#610,.T.);
#405=FACE_OUTER_BOUND('',#611,.T.);
#406=FACE_OUTER_BOUND('',#612,.T.);
#407=FACE_OUTER_BOUND('',#613,.T.);
#408=FACE_OUTER_BOUND('',#614,.T.);
#409=FACE_OUTER_BOUND('',#615,.T.);
#410=FACE_OUTER_BOUND('',#616,.T.);
#411=FACE_OUTER_BOUND('',#617,.T.);
#412=FACE_OUTER_BOUND('',#618,.T.);
#413=FACE_OUTER_BOUND('',#619,.T.);
#414=FACE_OUTER_BOUND('',#620,.T.);
#415=FACE_OUTER_BOUND('',#621,.T.);
#416=FACE_OUTER_BOUND('',#622,.T.);
#417=FACE_OUTER_BOUND('',#623,.T.);
#418=FACE_OUTER_BOUND('',#624,.T.);
#419=FACE_OUTER_BOUND('',#625,.T.);
#420=FACE_OUTER_BOUND('',#626,.T.);
#421=FACE_OUTER_BOUND('',#627,.T.);
#422=FACE_OUTER_BOUND('',#628,.T.);
#423=FACE_OUTER_BOUND('',#629,.T.);
#424=FACE_OUTER_BOUND('',#630,.T.);
#425=EDGE_LOOP('',(#1987,#1988,#1989,#1990,#1991));
#426=EDGE_LOOP('',(#1992,#1993,#1994,#1995,#1996,#1997,#1998,#1999));
#427=EDGE_LOOP('',(#2000,#2001,#2002,#2003));
#428=EDGE_LOOP('',(#2004,#2005,#2006,#2007,#2008,#2009,#2010,#2011,#2012,
#2013,#2014,#2015,#2016,#2017,#2018,#2019));
#429=EDGE_LOOP('',(#2020));
#430=EDGE_LOOP('',(#2021));
#431=EDGE_LOOP('',(#2022,#2023,#2024,#2025,#2026));
#432=EDGE_LOOP('',(#2027,#2028,#2029,#2030,#2031,#2032,#2033,#2034));
#433=EDGE_LOOP('',(#2035,#2036,#2037,#2038,#2039,#2040));
#434=EDGE_LOOP('',(#2041,#2042,#2043,#2044,#2045));
#435=EDGE_LOOP('',(#2046,#2047,#2048,#2049,#2050,#2051,#2052,#2053,#2054,
#2055,#2056,#2057,#2058,#2059,#2060,#2061));
#436=EDGE_LOOP('',(#2062));
#437=EDGE_LOOP('',(#2063));
#438=EDGE_LOOP('',(#2064,#2065,#2066,#2067,#2068));
#439=EDGE_LOOP('',(#2069,#2070,#2071,#2072));
#440=EDGE_LOOP('',(#2073,#2074,#2075,#2076,#2077));
#441=EDGE_LOOP('',(#2078,#2079,#2080,#2081,#2082,#2083));
#442=EDGE_LOOP('',(#2084,#2085,#2086,#2087,#2088));
#443=EDGE_LOOP('',(#2089,#2090,#2091,#2092,#2093));
#444=EDGE_LOOP('',(#2094,#2095,#2096,#2097,#2098,#2099));
#445=EDGE_LOOP('',(#2100,#2101,#2102,#2103,#2104));
#446=EDGE_LOOP('',(#2105,#2106,#2107,#2108));
#447=EDGE_LOOP('',(#2109,#2110));
#448=EDGE_LOOP('',(#2111));
#449=EDGE_LOOP('',(#2112,#2113,#2114,#2115));
#450=EDGE_LOOP('',(#2116,#2117,#2118,#2119));
#451=EDGE_LOOP('',(#2120,#2121));
#452=EDGE_LOOP('',(#2122));
#453=EDGE_LOOP('',(#2123,#2124,#2125,#2126));
#454=EDGE_LOOP('',(#2127,#2128,#2129,#2130));
#455=EDGE_LOOP('',(#2131,#2132));
#456=EDGE_LOOP('',(#2133));
#457=EDGE_LOOP('',(#2134,#2135,#2136,#2137));
#458=EDGE_LOOP('',(#2138,#2139,#2140,#2141));
#459=EDGE_LOOP('',(#2142,#2143,#2144,#2145));
#460=EDGE_LOOP('',(#2146,#2147));
#461=EDGE_LOOP('',(#2148));
#462=EDGE_LOOP('',(#2149,#2150,#2151,#2152,#2153));
#463=EDGE_LOOP('',(#2154,#2155,#2156,#2157,#2158));
#464=EDGE_LOOP('',(#2159,#2160,#2161,#2162,#2163,#2164));
#465=EDGE_LOOP('',(#2165,#2166,#2167,#2168,#2169,#2170));
#466=EDGE_LOOP('',(#2171,#2172,#2173,#2174,#2175,#2176,#2177,#2178,#2179,
#2180,#2181,#2182));
#467=EDGE_LOOP('',(#2183,#2184,#2185,#2186,#2187));
#468=EDGE_LOOP('',(#2188,#2189,#2190,#2191,#2192));
#469=EDGE_LOOP('',(#2193,#2194,#2195,#2196,#2197,#2198));
#470=EDGE_LOOP('',(#2199,#2200,#2201,#2202,#2203,#2204));
#471=EDGE_LOOP('',(#2205,#2206,#2207,#2208,#2209,#2210));
#472=EDGE_LOOP('',(#2211,#2212,#2213,#2214,#2215,#2216,#2217,#2218));
#473=EDGE_LOOP('',(#2219,#2220,#2221,#2222));
#474=EDGE_LOOP('',(#2223,#2224,#2225,#2226,#2227));
#475=EDGE_LOOP('',(#2228,#2229,#2230,#2231,#2232,#2233,#2234,#2235));
#476=EDGE_LOOP('',(#2236,#2237,#2238,#2239,#2240,#2241,#2242,#2243));
#477=EDGE_LOOP('',(#2244,#2245,#2246,#2247,#2248,#2249,#2250,#2251,#2252,
#2253,#2254,#2255));
#478=EDGE_LOOP('',(#2256,#2257,#2258,#2259,#2260));
#479=EDGE_LOOP('',(#2261,#2262,#2263,#2264,#2265));
#480=EDGE_LOOP('',(#2266,#2267,#2268,#2269));
#481=EDGE_LOOP('',(#2270,#2271,#2272,#2273,#2274,#2275,#2276,#2277));
#482=EDGE_LOOP('',(#2278));
#483=EDGE_LOOP('',(#2279));
#484=EDGE_LOOP('',(#2280,#2281,#2282,#2283));
#485=EDGE_LOOP('',(#2284,#2285,#2286,#2287));
#486=EDGE_LOOP('',(#2288,#2289,#2290,#2291));
#487=EDGE_LOOP('',(#2292,#2293,#2294,#2295));
#488=EDGE_LOOP('',(#2296));
#489=EDGE_LOOP('',(#2297));
#490=EDGE_LOOP('',(#2298,#2299,#2300,#2301,#2302));
#491=EDGE_LOOP('',(#2303,#2304,#2305,#2306));
#492=EDGE_LOOP('',(#2307,#2308,#2309,#2310,#2311));
#493=EDGE_LOOP('',(#2312,#2313,#2314,#2315));
#494=EDGE_LOOP('',(#2316,#2317,#2318,#2319,#2320));
#495=EDGE_LOOP('',(#2321,#2322,#2323,#2324));
#496=EDGE_LOOP('',(#2325,#2326,#2327,#2328,#2329));
#497=EDGE_LOOP('',(#2330,#2331,#2332,#2333));
#498=EDGE_LOOP('',(#2334,#2335,#2336,#2337));
#499=EDGE_LOOP('',(#2338,#2339,#2340,#2341));
#500=EDGE_LOOP('',(#2342,#2343,#2344,#2345));
#501=EDGE_LOOP('',(#2346,#2347,#2348,#2349));
#502=EDGE_LOOP('',(#2350,#2351,#2352,#2353));
#503=EDGE_LOOP('',(#2354,#2355,#2356,#2357));
#504=EDGE_LOOP('',(#2358,#2359,#2360,#2361));
#505=EDGE_LOOP('',(#2362,#2363,#2364,#2365));
#506=EDGE_LOOP('',(#2366,#2367,#2368,#2369));
#507=EDGE_LOOP('',(#2370,#2371,#2372,#2373));
#508=EDGE_LOOP('',(#2374,#2375,#2376,#2377));
#509=EDGE_LOOP('',(#2378,#2379,#2380,#2381));
#510=EDGE_LOOP('',(#2382,#2383,#2384,#2385));
#511=EDGE_LOOP('',(#2386,#2387,#2388,#2389));
#512=EDGE_LOOP('',(#2390,#2391,#2392,#2393));
#513=EDGE_LOOP('',(#2394,#2395,#2396,#2397));
#514=EDGE_LOOP('',(#2398,#2399,#2400,#2401));
#515=EDGE_LOOP('',(#2402,#2403,#2404,#2405));
#516=EDGE_LOOP('',(#2406,#2407,#2408,#2409));
#517=EDGE_LOOP('',(#2410,#2411,#2412,#2413));
#518=EDGE_LOOP('',(#2414,#2415,#2416,#2417));
#519=EDGE_LOOP('',(#2418,#2419,#2420,#2421));
#520=EDGE_LOOP('',(#2422,#2423,#2424,#2425));
#521=EDGE_LOOP('',(#2426,#2427,#2428,#2429));
#522=EDGE_LOOP('',(#2430,#2431,#2432,#2433));
#523=EDGE_LOOP('',(#2434,#2435,#2436,#2437));
#524=EDGE_LOOP('',(#2438,#2439,#2440,#2441));
#525=EDGE_LOOP('',(#2442,#2443,#2444,#2445));
#526=EDGE_LOOP('',(#2446,#2447,#2448,#2449,#2450,#2451,#2452,#2453,#2454,
#2455,#2456,#2457,#2458,#2459,#2460,#2461));
#527=EDGE_LOOP('',(#2462,#2463,#2464,#2465));
#528=EDGE_LOOP('',(#2466,#2467,#2468,#2469));
#529=EDGE_LOOP('',(#2470,#2471,#2472,#2473));
#530=EDGE_LOOP('',(#2474,#2475,#2476,#2477));
#531=EDGE_LOOP('',(#2478,#2479,#2480,#2481));
#532=EDGE_LOOP('',(#2482,#2483,#2484,#2485));
#533=EDGE_LOOP('',(#2486,#2487,#2488,#2489));
#534=EDGE_LOOP('',(#2490,#2491,#2492,#2493));
#535=EDGE_LOOP('',(#2494,#2495,#2496,#2497));
#536=EDGE_LOOP('',(#2498,#2499,#2500,#2501));
#537=EDGE_LOOP('',(#2502,#2503,#2504,#2505));
#538=EDGE_LOOP('',(#2506,#2507,#2508,#2509));
#539=EDGE_LOOP('',(#2510,#2511,#2512,#2513));
#540=EDGE_LOOP('',(#2514,#2515,#2516,#2517));
#541=EDGE_LOOP('',(#2518,#2519,#2520,#2521));
#542=EDGE_LOOP('',(#2522,#2523,#2524,#2525));
#543=EDGE_LOOP('',(#2526,#2527,#2528,#2529));
#544=EDGE_LOOP('',(#2530,#2531,#2532,#2533));
#545=EDGE_LOOP('',(#2534,#2535,#2536,#2537));
#546=EDGE_LOOP('',(#2538,#2539,#2540,#2541));
#547=EDGE_LOOP('',(#2542,#2543,#2544,#2545));
#548=EDGE_LOOP('',(#2546,#2547,#2548,#2549));
#549=EDGE_LOOP('',(#2550,#2551,#2552,#2553));
#550=EDGE_LOOP('',(#2554,#2555,#2556,#2557));
#551=EDGE_LOOP('',(#2558,#2559,#2560,#2561));
#552=EDGE_LOOP('',(#2562,#2563,#2564,#2565));
#553=EDGE_LOOP('',(#2566,#2567,#2568,#2569));
#554=EDGE_LOOP('',(#2570,#2571,#2572,#2573));
#555=EDGE_LOOP('',(#2574,#2575,#2576,#2577));
#556=EDGE_LOOP('',(#2578,#2579,#2580,#2581));
#557=EDGE_LOOP('',(#2582,#2583,#2584,#2585));
#558=EDGE_LOOP('',(#2586,#2587,#2588,#2589));
#559=EDGE_LOOP('',(#2590,#2591,#2592,#2593));
#560=EDGE_LOOP('',(#2594,#2595,#2596,#2597));
#561=EDGE_LOOP('',(#2598,#2599,#2600,#2601));
#562=EDGE_LOOP('',(#2602,#2603,#2604,#2605));
#563=EDGE_LOOP('',(#2606,#2607,#2608,#2609));
#564=EDGE_LOOP('',(#2610,#2611,#2612,#2613));
#565=EDGE_LOOP('',(#2614,#2615,#2616,#2617));
#566=EDGE_LOOP('',(#2618,#2619,#2620,#2621));
#567=EDGE_LOOP('',(#2622,#2623,#2624,#2625));
#568=EDGE_LOOP('',(#2626,#2627,#2628,#2629));
#569=EDGE_LOOP('',(#2630,#2631,#2632,#2633));
#570=EDGE_LOOP('',(#2634,#2635,#2636,#2637));
#571=EDGE_LOOP('',(#2638,#2639,#2640,#2641));
#572=EDGE_LOOP('',(#2642,#2643,#2644,#2645));
#573=EDGE_LOOP('',(#2646,#2647,#2648,#2649));
#574=EDGE_LOOP('',(#2650,#2651,#2652,#2653));
#575=EDGE_LOOP('',(#2654,#2655,#2656,#2657,#2658,#2659));
#576=EDGE_LOOP('',(#2660,#2661,#2662,#2663,#2664,#2665));
#577=EDGE_LOOP('',(#2666,#2667,#2668));
#578=EDGE_LOOP('',(#2669,#2670,#2671,#2672,#2673,#2674,#2675));
#579=EDGE_LOOP('',(#2676,#2677,#2678,#2679));
#580=EDGE_LOOP('',(#2680,#2681,#2682));
#581=EDGE_LOOP('',(#2683,#2684,#2685));
#582=EDGE_LOOP('',(#2686,#2687,#2688,#2689));
#583=EDGE_LOOP('',(#2690,#2691,#2692,#2693));
#584=EDGE_LOOP('',(#2694,#2695,#2696,#2697));
#585=EDGE_LOOP('',(#2698,#2699,#2700,#2701));
#586=EDGE_LOOP('',(#2702,#2703,#2704,#2705,#2706,#2707,#2708));
#587=EDGE_LOOP('',(#2709,#2710,#2711,#2712,#2713,#2714,#2715));
#588=EDGE_LOOP('',(#2716,#2717,#2718,#2719));
#589=EDGE_LOOP('',(#2720,#2721,#2722));
#590=EDGE_LOOP('',(#2723,#2724,#2725,#2726));
#591=EDGE_LOOP('',(#2727,#2728,#2729));
#592=EDGE_LOOP('',(#2730,#2731,#2732,#2733));
#593=EDGE_LOOP('',(#2734,#2735,#2736,#2737));
#594=EDGE_LOOP('',(#2738,#2739,#2740,#2741));
#595=EDGE_LOOP('',(#2742,#2743,#2744,#2745));
#596=EDGE_LOOP('',(#2746,#2747,#2748,#2749));
#597=EDGE_LOOP('',(#2750,#2751,#2752,#2753));
#598=EDGE_LOOP('',(#2754,#2755,#2756));
#599=EDGE_LOOP('',(#2757,#2758,#2759,#2760));
#600=EDGE_LOOP('',(#2761,#2762,#2763,#2764));
#601=EDGE_LOOP('',(#2765,#2766,#2767,#2768));
#602=EDGE_LOOP('',(#2769,#2770,#2771,#2772));
#603=EDGE_LOOP('',(#2773,#2774,#2775,#2776,#2777,#2778));
#604=EDGE_LOOP('',(#2779,#2780,#2781,#2782,#2783,#2784));
#605=EDGE_LOOP('',(#2785,#2786,#2787,#2788,#2789,#2790,#2791));
#606=EDGE_LOOP('',(#2792,#2793,#2794,#2795));
#607=EDGE_LOOP('',(#2796,#2797,#2798));
#608=EDGE_LOOP('',(#2799,#2800,#2801));
#609=EDGE_LOOP('',(#2802,#2803,#2804,#2805));
#610=EDGE_LOOP('',(#2806,#2807,#2808));
#611=EDGE_LOOP('',(#2809,#2810,#2811,#2812));
#612=EDGE_LOOP('',(#2813,#2814,#2815));
#613=EDGE_LOOP('',(#2816,#2817,#2818));
#614=EDGE_LOOP('',(#2819,#2820,#2821));
#615=EDGE_LOOP('',(#2822,#2823,#2824,#2825));
#616=EDGE_LOOP('',(#2826,#2827,#2828,#2829));
#617=EDGE_LOOP('',(#2830,#2831,#2832,#2833));
#618=EDGE_LOOP('',(#2834,#2835,#2836,#2837));
#619=EDGE_LOOP('',(#2838,#2839,#2840,#2841));
#620=EDGE_LOOP('',(#2842,#2843,#2844,#2845,#2846,#2847,#2848,#2849));
#621=EDGE_LOOP('',(#2850,#2851,#2852,#2853));
#622=EDGE_LOOP('',(#2854,#2855,#2856,#2857));
#623=EDGE_LOOP('',(#2858,#2859,#2860,#2861));
#624=EDGE_LOOP('',(#2862,#2863,#2864,#2865));
#625=EDGE_LOOP('',(#2866,#2867,#2868,#2869));
#626=EDGE_LOOP('',(#2870,#2871,#2872,#2873));
#627=EDGE_LOOP('',(#2874,#2875,#2876,#2877));
#628=EDGE_LOOP('',(#2878,#2879,#2880,#2881,#2882));
#629=EDGE_LOOP('',(#2883,#2884,#2885,#2886));
#630=EDGE_LOOP('',(#2887,#2888,#2889,#2890));
#631=(
BOUNDED_CURVE()
B_SPLINE_CURVE(2,(#4464,#4465,#4466),.UNSPECIFIED.,.F.,.F.)
B_SPLINE_CURVE_WITH_KNOTS((3,3),(0.,0.0736497698418946),.UNSPECIFIED.)
CURVE()
GEOMETRIC_REPRESENTATION_ITEM()
RATIONAL_B_SPLINE_CURVE((1.,1.,1.))
REPRESENTATION_ITEM('')
);
#632=(
BOUNDED_CURVE()
B_SPLINE_CURVE(2,(#4529,#4530,#4531),.UNSPECIFIED.,.F.,.F.)
B_SPLINE_CURVE_WITH_KNOTS((3,3),(0.,0.0736497698418946),.UNSPECIFIED.)
CURVE()
GEOMETRIC_REPRESENTATION_ITEM()
RATIONAL_B_SPLINE_CURVE((1.,1.,1.))
REPRESENTATION_ITEM('')
);
#633=(
BOUNDED_CURVE()
B_SPLINE_CURVE(2,(#4580,#4581,#4582),.UNSPECIFIED.,.F.,.F.)
B_SPLINE_CURVE_WITH_KNOTS((3,3),(0.,0.0736497698418946),.UNSPECIFIED.)
CURVE()
GEOMETRIC_REPRESENTATION_ITEM()
RATIONAL_B_SPLINE_CURVE((1.,1.,1.))
REPRESENTATION_ITEM('')
);
#634=(
BOUNDED_CURVE()
B_SPLINE_CURVE(2,(#4616,#4617,#4618),.UNSPECIFIED.,.F.,.F.)
B_SPLINE_CURVE_WITH_KNOTS((3,3),(0.,0.0736497698418946),.UNSPECIFIED.)
CURVE()
GEOMETRIC_REPRESENTATION_ITEM()
RATIONAL_B_SPLINE_CURVE((1.,1.,1.))
REPRESENTATION_ITEM('')
);
#635=LINE('',#4459,#943);
#636=LINE('',#4461,#944);
#637=LINE('',#4463,#945);
#638=LINE('',#4471,#946);
#639=LINE('',#4475,#947);
#640=LINE('',#4489,#948);
#641=LINE('',#4493,#949);
#642=LINE('',#4496,#950);
#643=LINE('',#4498,#951);
#644=LINE('',#4500,#952);
#645=LINE('',#4502,#953);
#646=LINE('',#4506,#954);
#647=LINE('',#4510,#955);
#648=LINE('',#4514,#956);
#649=LINE('',#4518,#957);
#650=LINE('',#4521,#958);
#651=LINE('',#4533,#959);
#652=LINE('',#4535,#960);
#653=LINE('',#4537,#961);
#654=LINE('',#4541,#962);
#655=LINE('',#4556,#963);
#656=LINE('',#4560,#964);
#657=LINE('',#4564,#965);
#658=LINE('',#4566,#966);
#659=LINE('',#4568,#967);
#660=LINE('',#4569,#968);
#661=LINE('',#4575,#969);
#662=LINE('',#4577,#970);
#663=LINE('',#4579,#971);
#664=LINE('',#4587,#972);
#665=LINE('',#4591,#973);
#666=LINE('',#4595,#974);
#667=LINE('',#4599,#975);
#668=LINE('',#4603,#976);
#669=LINE('',#4606,#977);
#670=LINE('',#4608,#978);
#671=LINE('',#4609,#979);
#672=LINE('',#4620,#980);
#673=LINE('',#4622,#981);
#674=LINE('',#4627,#982);
#675=LINE('',#4633,#983);
#676=LINE('',#4646,#984);
#677=LINE('',#4650,#985);
#678=LINE('',#4652,#986);
#679=LINE('',#4656,#987);
#680=LINE('',#4663,#988);
#681=LINE('',#4679,#989);
#682=LINE('',#4683,#990);
#683=LINE('',#4684,#991);
#684=LINE('',#4685,#992);
#685=LINE('',#4690,#993);
#686=LINE('',#4696,#994);
#687=LINE('',#4704,#995);
#688=LINE('',#4709,#996);
#689=LINE('',#4717,#997);
#690=LINE('',#4722,#998);
#691=LINE('',#4730,#999);
#692=LINE('',#4735,#1000);
#693=LINE('',#4738,#1001);
#694=LINE('',#4746,#1002);
#695=LINE('',#4748,#1003);
#696=LINE('',#4749,#1004);
#697=LINE('',#4753,#1005);
#698=LINE('',#4755,#1006);
#699=LINE('',#4756,#1007);
#700=LINE('',#4757,#1008);
#701=LINE('',#4759,#1009);
#702=LINE('',#4762,#1010);
#703=LINE('',#4763,#1011);
#704=LINE('',#4766,#1012);
#705=LINE('',#4770,#1013);
#706=LINE('',#4774,#1014);
#707=LINE('',#4776,#1015);
#708=LINE('',#4778,#1016);
#709=LINE('',#4780,#1017);
#710=LINE('',#4782,#1018);
#711=LINE('',#4783,#1019);
#712=LINE('',#4785,#1020);
#713=LINE('',#4787,#1021);
#714=LINE('',#4788,#1022);
#715=LINE('',#4792,#1023);
#716=LINE('',#4794,#1024);
#717=LINE('',#4795,#1025);
#718=LINE('',#4796,#1026);
#719=LINE('',#4798,#1027);
#720=LINE('',#4800,#1028);
#721=LINE('',#4801,#1029);
#722=LINE('',#4803,#1030);
#723=LINE('',#4805,#1031);
#724=LINE('',#4806,#1032);
#725=LINE('',#4809,#1033);
#726=LINE('',#4812,#1034);
#727=LINE('',#4815,#1035);
#728=LINE('',#4816,#1036);
#729=LINE('',#4819,#1037);
#730=LINE('',#4820,#1038);
#731=LINE('',#4825,#1039);
#732=LINE('',#4829,#1040);
#733=LINE('',#4831,#1041);
#734=LINE('',#4833,#1042);
#735=LINE('',#4834,#1043);
#736=LINE('',#4837,#1044);
#737=LINE('',#4838,#1045);
#738=LINE('',#4840,#1046);
#739=LINE('',#4844,#1047);
#740=LINE('',#4847,#1048);
#741=LINE('',#4849,#1049);
#742=LINE('',#4854,#1050);
#743=LINE('',#4861,#1051);
#744=LINE('',#4866,#1052);
#745=LINE('',#4869,#1053);
#746=LINE('',#4876,#1054);
#747=LINE('',#4878,#1055);
#748=LINE('',#4880,#1056);
#749=LINE('',#4881,#1057);
#750=LINE('',#4884,#1058);
#751=LINE('',#4886,#1059);
#752=LINE('',#4888,#1060);
#753=LINE('',#4889,#1061);
#754=LINE('',#4892,#1062);
#755=LINE('',#4894,#1063);
#756=LINE('',#4896,#1064);
#757=LINE('',#4897,#1065);
#758=LINE('',#4900,#1066);
#759=LINE('',#4902,#1067);
#760=LINE('',#4904,#1068);
#761=LINE('',#4905,#1069);
#762=LINE('',#4909,#1070);
#763=LINE('',#4912,#1071);
#764=LINE('',#4915,#1072);
#765=LINE('',#4918,#1073);
#766=LINE('',#4921,#1074);
#767=LINE('',#4924,#1075);
#768=LINE('',#4927,#1076);
#769=LINE('',#4930,#1077);
#770=LINE('',#4932,#1078);
#771=LINE('',#4933,#1079);
#772=LINE('',#4936,#1080);
#773=LINE('',#4937,#1081);
#774=LINE('',#4940,#1082);
#775=LINE('',#4941,#1083);
#776=LINE('',#4943,#1084);
#777=LINE('',#4946,#1085);
#778=LINE('',#4948,#1086);
#779=LINE('',#4949,#1087);
#780=LINE('',#4952,#1088);
#781=LINE('',#4953,#1089);
#782=LINE('',#4956,#1090);
#783=LINE('',#4958,#1091);
#784=LINE('',#4959,#1092);
#785=LINE('',#4962,#1093);
#786=LINE('',#4963,#1094);
#787=LINE('',#4966,#1095);
#788=LINE('',#4967,#1096);
#789=LINE('',#4969,#1097);
#790=LINE('',#4972,#1098);
#791=LINE('',#4974,#1099);
#792=LINE('',#4975,#1100);
#793=LINE('',#4978,#1101);
#794=LINE('',#4979,#1102);
#795=LINE('',#4982,#1103);
#796=LINE('',#4984,#1104);
#797=LINE('',#4985,#1105);
#798=LINE('',#4988,#1106);
#799=LINE('',#4989,#1107);
#800=LINE('',#4992,#1108);
#801=LINE('',#4993,#1109);
#802=LINE('',#4995,#1110);
#803=LINE('',#4998,#1111);
#804=LINE('',#5000,#1112);
#805=LINE('',#5001,#1113);
#806=LINE('',#5004,#1114);
#807=LINE('',#5005,#1115);
#808=LINE('',#5008,#1116);
#809=LINE('',#5010,#1117);
#810=LINE('',#5011,#1118);
#811=LINE('',#5014,#1119);
#812=LINE('',#5015,#1120);
#813=LINE('',#5018,#1121);
#814=LINE('',#5019,#1122);
#815=LINE('',#5021,#1123);
#816=LINE('',#5024,#1124);
#817=LINE('',#5026,#1125);
#818=LINE('',#5027,#1126);
#819=LINE('',#5030,#1127);
#820=LINE('',#5031,#1128);
#821=LINE('',#5034,#1129);
#822=LINE('',#5036,#1130);
#823=LINE('',#5038,#1131);
#824=LINE('',#5039,#1132);
#825=LINE('',#5042,#1133);
#826=LINE('',#5043,#1134);
#827=LINE('',#5044,#1135);
#828=LINE('',#5047,#1136);
#829=LINE('',#5048,#1137);
#830=LINE('',#5050,#1138);
#831=LINE('',#5052,#1139);
#832=LINE('',#5056,#1140);
#833=LINE('',#5058,#1141);
#834=LINE('',#5062,#1142);
#835=LINE('',#5064,#1143);
#836=LINE('',#5066,#1144);
#837=LINE('',#5070,#1145);
#838=LINE('',#5072,#1146);
#839=LINE('',#5074,#1147);
#840=LINE('',#5078,#1148);
#841=LINE('',#5080,#1149);
#842=LINE('',#5082,#1150);
#843=LINE('',#5085,#1151);
#844=LINE('',#5088,#1152);
#845=LINE('',#5090,#1153);
#846=LINE('',#5092,#1154);
#847=LINE('',#5093,#1155);
#848=LINE('',#5096,#1156);
#849=LINE('',#5098,#1157);
#850=LINE('',#5100,#1158);
#851=LINE('',#5101,#1159);
#852=LINE('',#5104,#1160);
#853=LINE('',#5106,#1161);
#854=LINE('',#5108,#1162);
#855=LINE('',#5109,#1163);
#856=LINE('',#5111,#1164);
#857=LINE('',#5112,#1165);
#858=LINE('',#5115,#1166);
#859=LINE('',#5116,#1167);
#860=LINE('',#5118,#1168);
#861=LINE('',#5119,#1169);
#862=LINE('',#5123,#1170);
#863=LINE('',#5124,#1171);
#864=LINE('',#5125,#1172);
#865=LINE('',#5127,#1173);
#866=LINE('',#5128,#1174);
#867=LINE('',#5130,#1175);
#868=LINE('',#5133,#1176);
#869=LINE('',#5135,#1177);
#870=LINE('',#5136,#1178);
#871=LINE('',#5139,#1179);
#872=LINE('',#5140,#1180);
#873=LINE('',#5142,#1181);
#874=LINE('',#5143,#1182);
#875=LINE('',#5147,#1183);
#876=LINE('',#5148,#1184);
#877=LINE('',#5151,#1185);
#878=LINE('',#5155,#1186);
#879=LINE('',#5156,#1187);
#880=LINE('',#5159,#1188);
#881=LINE('',#5163,#1189);
#882=LINE('',#5164,#1190);
#883=LINE('',#5167,#1191);
#884=LINE('',#5171,#1192);
#885=LINE('',#5172,#1193);
#886=LINE('',#5175,#1194);
#887=LINE('',#5178,#1195);
#888=LINE('',#5180,#1196);
#889=LINE('',#5183,#1197);
#890=LINE('',#5184,#1198);
#891=LINE('',#5187,#1199);
#892=LINE('',#5191,#1200);
#893=LINE('',#5192,#1201);
#894=LINE('',#5195,#1202);
#895=LINE('',#5199,#1203);
#896=LINE('',#5200,#1204);
#897=LINE('',#5203,#1205);
#898=LINE('',#5207,#1206);
#899=LINE('',#5208,#1207);
#900=LINE('',#5211,#1208);
#901=LINE('',#5214,#1209);
#902=LINE('',#5215,#1210);
#903=LINE('',#5219,#1211);
#904=LINE('',#5220,#1212);
#905=LINE('',#5223,#1213);
#906=LINE('',#5227,#1214);
#907=LINE('',#5228,#1215);
#908=LINE('',#5231,#1216);
#909=LINE('',#5235,#1217);
#910=LINE('',#5236,#1218);
#911=LINE('',#5239,#1219);
#912=LINE('',#5243,#1220);
#913=LINE('',#5244,#1221);
#914=LINE('',#5247,#1222);
#915=LINE('',#5250,#1223);
#916=LINE('',#5252,#1224);
#917=LINE('',#5284,#1225);
#918=LINE('',#5317,#1226);
#919=LINE('',#5334,#1227);
#920=LINE('',#5336,#1228);
#921=LINE('',#5359,#1229);
#922=LINE('',#5367,#1230);
#923=LINE('',#5371,#1231);
#924=LINE('',#5377,#1232);
#925=LINE('',#5378,#1233);
#926=LINE('',#5380,#1234);
#927=LINE('',#5381,#1235);
#928=LINE('',#5383,#1236);
#929=LINE('',#5384,#1237);
#930=LINE('',#5390,#1238);
#931=LINE('',#5391,#1239);
#932=LINE('',#5430,#1240);
#933=LINE('',#5431,#1241);
#934=LINE('',#5445,#1242);
#935=LINE('',#5446,#1243);
#936=LINE('',#5448,#1244);
#937=LINE('',#5451,#1245);
#938=LINE('',#5452,#1246);
#939=LINE('',#5455,#1247);
#940=LINE('',#5457,#1248);
#941=LINE('',#5462,#1249);
#942=LINE('',#5465,#1250);
#943=VECTOR('',#3521,10.);
#944=VECTOR('',#3522,10.);
#945=VECTOR('',#3523,10.);
#946=VECTOR('',#3528,10.);
#947=VECTOR('',#3531,10.);
#948=VECTOR('',#3534,10.);
#949=VECTOR('',#3539,10.);
#950=VECTOR('',#3542,10.);
#951=VECTOR('',#3543,10.);
#952=VECTOR('',#3544,10.);
#953=VECTOR('',#3545,10.);
#954=VECTOR('',#3548,10.);
#955=VECTOR('',#3551,10.);
#956=VECTOR('',#3554,10.);
#957=VECTOR('',#3557,10.);
#958=VECTOR('',#3560,10.);
#959=VECTOR('',#3567,10.);
#960=VECTOR('',#3568,10.);
#961=VECTOR('',#3569,10.);
#962=VECTOR('',#3574,10.);
#963=VECTOR('',#3577,10.);
#964=VECTOR('',#3580,10.);
#965=VECTOR('',#3585,10.);
#966=VECTOR('',#3586,10.);
#967=VECTOR('',#3587,10.);
#968=VECTOR('',#3588,10.);
#969=VECTOR('',#3593,10.);
#970=VECTOR('',#3594,10.);
#971=VECTOR('',#3595,10.);
#972=VECTOR('',#3600,10.);
#973=VECTOR('',#3603,10.);
#974=VECTOR('',#3606,10.);
#975=VECTOR('',#3609,10.);
#976=VECTOR('',#3612,10.);
#977=VECTOR('',#3615,10.);
#978=VECTOR('',#3616,10.);
#979=VECTOR('',#3617,10.);
#980=VECTOR('',#3624,10.);
#981=VECTOR('',#3625,10.);
#982=VECTOR('',#3632,10.);
#983=VECTOR('',#3637,10.);
#984=VECTOR('',#3638,10.);
#985=VECTOR('',#3643,10.);
#986=VECTOR('',#3644,10.);
#987=VECTOR('',#3647,10.);
#988=VECTOR('',#3654,10.);
#989=VECTOR('',#3661,10.);
#990=VECTOR('',#3666,10.);
#991=VECTOR('',#3667,10.);
#992=VECTOR('',#3668,10.);
#993=VECTOR('',#3673,10.);
#994=VECTOR('',#3680,1.9);
#995=VECTOR('',#3691,1.7);
#996=VECTOR('',#3696,1.9);
#997=VECTOR('',#3707,1.7);
#998=VECTOR('',#3712,1.9);
#999=VECTOR('',#3723,1.7);
#1000=VECTOR('',#3728,1.9);
#1001=VECTOR('',#3733,1.7);
#1002=VECTOR('',#3742,10.);
#1003=VECTOR('',#3743,10.);
#1004=VECTOR('',#3744,10.);
#1005=VECTOR('',#3747,10.);
#1006=VECTOR('',#3748,10.);
#1007=VECTOR('',#3749,10.);
#1008=VECTOR('',#3750,10.);
#1009=VECTOR('',#3753,10.);
#1010=VECTOR('',#3756,10.);
#1011=VECTOR('',#3757,10.);
#1012=VECTOR('',#3760,10.);
#1013=VECTOR('',#3763,10.);
#1014=VECTOR('',#3766,10.);
#1015=VECTOR('',#3767,10.);
#1016=VECTOR('',#3768,10.);
#1017=VECTOR('',#3769,10.);
#1018=VECTOR('',#3770,10.);
#1019=VECTOR('',#3771,10.);
#1020=VECTOR('',#3774,10.);
#1021=VECTOR('',#3775,10.);
#1022=VECTOR('',#3776,10.);
#1023=VECTOR('',#3779,10.);
#1024=VECTOR('',#3780,10.);
#1025=VECTOR('',#3781,10.);
#1026=VECTOR('',#3782,10.);
#1027=VECTOR('',#3785,10.);
#1028=VECTOR('',#3788,10.);
#1029=VECTOR('',#3789,10.);
#1030=VECTOR('',#3792,10.);
#1031=VECTOR('',#3793,10.);
#1032=VECTOR('',#3794,10.);
#1033=VECTOR('',#3797,10.);
#1034=VECTOR('',#3800,10.);
#1035=VECTOR('',#3803,10.);
#1036=VECTOR('',#3804,10.);
#1037=VECTOR('',#3807,10.);
#1038=VECTOR('',#3808,10.);
#1039=VECTOR('',#3813,10.);
#1040=VECTOR('',#3818,10.);
#1041=VECTOR('',#3819,10.);
#1042=VECTOR('',#3820,10.);
#1043=VECTOR('',#3821,10.);
#1044=VECTOR('',#3824,10.);
#1045=VECTOR('',#3825,10.);
#1046=VECTOR('',#3826,10.);
#1047=VECTOR('',#3829,10.);
#1048=VECTOR('',#3834,10.);
#1049=VECTOR('',#3837,10.);
#1050=VECTOR('',#3842,3.2);
#1051=VECTOR('',#3849,10.);
#1052=VECTOR('',#3854,10.);
#1053=VECTOR('',#3857,10.);
#1054=VECTOR('',#3862,10.);
#1055=VECTOR('',#3863,10.);
#1056=VECTOR('',#3864,10.);
#1057=VECTOR('',#3865,10.);
#1058=VECTOR('',#3866,10.);
#1059=VECTOR('',#3867,10.);
#1060=VECTOR('',#3868,10.);
#1061=VECTOR('',#3869,10.);
#1062=VECTOR('',#3870,10.);
#1063=VECTOR('',#3871,10.);
#1064=VECTOR('',#3872,10.);
#1065=VECTOR('',#3873,10.);
#1066=VECTOR('',#3874,10.);
#1067=VECTOR('',#3875,10.);
#1068=VECTOR('',#3876,10.);
#1069=VECTOR('',#3877,10.);
#1070=VECTOR('',#3882,3.);
#1071=VECTOR('',#3885,3.2);
#1072=VECTOR('',#3890,3.);
#1073=VECTOR('',#3893,3.2);
#1074=VECTOR('',#3898,3.);
#1075=VECTOR('',#3901,3.2);
#1076=VECTOR('',#3906,3.);
#1077=VECTOR('',#3909,10.);
#1078=VECTOR('',#3910,10.);
#1079=VECTOR('',#3911,10.);
#1080=VECTOR('',#3914,10.);
#1081=VECTOR('',#3915,10.);
#1082=VECTOR('',#3918,10.);
#1083=VECTOR('',#3919,10.);
#1084=VECTOR('',#3922,10.);
#1085=VECTOR('',#3925,10.);
#1086=VECTOR('',#3926,10.);
#1087=VECTOR('',#3927,10.);
#1088=VECTOR('',#3930,10.);
#1089=VECTOR('',#3931,10.);
#1090=VECTOR('',#3934,10.);
#1091=VECTOR('',#3935,10.);
#1092=VECTOR('',#3936,10.);
#1093=VECTOR('',#3939,10.);
#1094=VECTOR('',#3940,10.);
#1095=VECTOR('',#3943,10.);
#1096=VECTOR('',#3944,10.);
#1097=VECTOR('',#3947,10.);
#1098=VECTOR('',#3950,10.);
#1099=VECTOR('',#3951,10.);
#1100=VECTOR('',#3952,10.);
#1101=VECTOR('',#3955,10.);
#1102=VECTOR('',#3956,10.);
#1103=VECTOR('',#3959,10.);
#1104=VECTOR('',#3960,10.);
#1105=VECTOR('',#3961,10.);
#1106=VECTOR('',#3964,10.);
#1107=VECTOR('',#3965,10.);
#1108=VECTOR('',#3968,10.);
#1109=VECTOR('',#3969,10.);
#1110=VECTOR('',#3972,10.);
#1111=VECTOR('',#3975,10.);
#1112=VECTOR('',#3976,10.);
#1113=VECTOR('',#3977,10.);
#1114=VECTOR('',#3980,10.);
#1115=VECTOR('',#3981,10.);
#1116=VECTOR('',#3984,10.);
#1117=VECTOR('',#3985,10.);
#1118=VECTOR('',#3986,10.);
#1119=VECTOR('',#3989,10.);
#1120=VECTOR('',#3990,10.);
#1121=VECTOR('',#3993,10.);
#1122=VECTOR('',#3994,10.);
#1123=VECTOR('',#3997,10.);
#1124=VECTOR('',#4000,10.);
#1125=VECTOR('',#4001,10.);
#1126=VECTOR('',#4002,10.);
#1127=VECTOR('',#4005,10.);
#1128=VECTOR('',#4006,10.);
#1129=VECTOR('',#4009,10.);
#1130=VECTOR('',#4010,10.);
#1131=VECTOR('',#4011,10.);
#1132=VECTOR('',#4012,10.);
#1133=VECTOR('',#4015,10.);
#1134=VECTOR('',#4016,10.);
#1135=VECTOR('',#4017,10.);
#1136=VECTOR('',#4020,10.);
#1137=VECTOR('',#4021,10.);
#1138=VECTOR('',#4024,10.);
#1139=VECTOR('',#4027,10.);
#1140=VECTOR('',#4030,10.);
#1141=VECTOR('',#4031,10.);
#1142=VECTOR('',#4034,10.);
#1143=VECTOR('',#4035,10.);
#1144=VECTOR('',#4036,10.);
#1145=VECTOR('',#4039,10.);
#1146=VECTOR('',#4040,10.);
#1147=VECTOR('',#4041,10.);
#1148=VECTOR('',#4044,10.);
#1149=VECTOR('',#4045,10.);
#1150=VECTOR('',#4046,10.);
#1151=VECTOR('',#4049,10.);
#1152=VECTOR('',#4050,10.);
#1153=VECTOR('',#4051,10.);
#1154=VECTOR('',#4052,10.);
#1155=VECTOR('',#4053,10.);
#1156=VECTOR('',#4054,10.);
#1157=VECTOR('',#4055,10.);
#1158=VECTOR('',#4056,10.);
#1159=VECTOR('',#4057,10.);
#1160=VECTOR('',#4058,10.);
#1161=VECTOR('',#4059,10.);
#1162=VECTOR('',#4060,10.);
#1163=VECTOR('',#4061,10.);
#1164=VECTOR('',#4064,10.);
#1165=VECTOR('',#4065,10.);
#1166=VECTOR('',#4068,10.);
#1167=VECTOR('',#4069,10.);
#1168=VECTOR('',#4072,10.);
#1169=VECTOR('',#4073,10.);
#1170=VECTOR('',#4078,10.);
#1171=VECTOR('',#4079,10.);
#1172=VECTOR('',#4080,10.);
#1173=VECTOR('',#4083,10.);
#1174=VECTOR('',#4084,10.);
#1175=VECTOR('',#4087,10.);
#1176=VECTOR('',#4092,10.);
#1177=VECTOR('',#4095,10.);
#1178=VECTOR('',#4096,10.);
#1179=VECTOR('',#4099,10.);
#1180=VECTOR('',#4100,10.);
#1181=VECTOR('',#4103,10.);
#1182=VECTOR('',#4104,10.);
#1183=VECTOR('',#4109,10.);
#1184=VECTOR('',#4110,10.);
#1185=VECTOR('',#4113,10.);
#1186=VECTOR('',#4118,10.);
#1187=VECTOR('',#4119,10.);
#1188=VECTOR('',#4122,10.);
#1189=VECTOR('',#4127,10.);
#1190=VECTOR('',#4128,10.);
#1191=VECTOR('',#4131,10.);
#1192=VECTOR('',#4136,10.);
#1193=VECTOR('',#4137,10.);
#1194=VECTOR('',#4140,10.);
#1195=VECTOR('',#4145,10.);
#1196=VECTOR('',#4148,10.);
#1197=VECTOR('',#4151,10.);
#1198=VECTOR('',#4152,10.);
#1199=VECTOR('',#4155,10.);
#1200=VECTOR('',#4160,10.);
#1201=VECTOR('',#4161,10.);
#1202=VECTOR('',#4164,10.);
#1203=VECTOR('',#4169,10.);
#1204=VECTOR('',#4170,10.);
#1205=VECTOR('',#4173,10.);
#1206=VECTOR('',#4178,10.);
#1207=VECTOR('',#4179,10.);
#1208=VECTOR('',#4182,10.);
#1209=VECTOR('',#4187,10.);
#1210=VECTOR('',#4188,10.);
#1211=VECTOR('',#4193,10.);
#1212=VECTOR('',#4194,10.);
#1213=VECTOR('',#4197,10.);
#1214=VECTOR('',#4202,10.);
#1215=VECTOR('',#4203,10.);
#1216=VECTOR('',#4206,10.);
#1217=VECTOR('',#4211,10.);
#1218=VECTOR('',#4212,10.);
#1219=VECTOR('',#4215,10.);
#1220=VECTOR('',#4220,10.);
#1221=VECTOR('',#4221,10.);
#1222=VECTOR('',#4224,10.);
#1223=VECTOR('',#4229,10.);
#1224=VECTOR('',#4232,10.);
#1225=VECTOR('',#4257,10.);
#1226=VECTOR('',#4296,10.);
#1227=VECTOR('',#4303,10.);
#1228=VECTOR('',#4304,10.);
#1229=VECTOR('',#4321,10.);
#1230=VECTOR('',#4332,10.);
#1231=VECTOR('',#4337,10.);
#1232=VECTOR('',#4346,10.);
#1233=VECTOR('',#4347,10.);
#1234=VECTOR('',#4350,10.);
#1235=VECTOR('',#4351,10.);
#1236=VECTOR('',#4354,10.);
#1237=VECTOR('',#4355,10.);
#1238=VECTOR('',#4366,10.);
#1239=VECTOR('',#4367,10.);
#1240=VECTOR('',#4388,10.);
#1241=VECTOR('',#4389,10.);
#1242=VECTOR('',#4416,10.);
#1243=VECTOR('',#4417,10.);
#1244=VECTOR('',#4420,10.);
#1245=VECTOR('',#4425,10.);
#1246=VECTOR('',#4426,10.);
#1247=VECTOR('',#4431,10.);
#1248=VECTOR('',#4434,10.);
#1249=VECTOR('',#4443,10.);
#1250=VECTOR('',#4448,10.);
#1251=ELLIPSE('',#3202,2.82842712474619,2.);
#1252=ELLIPSE('',#3218,2.82842712474619,2.);
#1253=ELLIPSE('',#3225,2.82842712474619,2.);
#1254=ELLIPSE('',#3236,2.82842712474619,2.);
#1255=ELLIPSE('',#3240,0.848528137423857,0.6);
#1256=ELLIPSE('',#3241,0.848528137423855,0.6);
#1257=ELLIPSE('',#3246,0.848528137423855,0.6);
#1258=ELLIPSE('',#3247,0.848528137423857,0.6);
#1259=ELLIPSE('',#3249,0.848528137423857,0.6);
#1260=ELLIPSE('',#3250,0.848528137423855,0.6);
#1261=ELLIPSE('',#3253,0.848528137423855,0.6);
#1262=ELLIPSE('',#3254,0.848528137423857,0.6);
#1263=VERTEX_POINT('',#4455);
#1264=VERTEX_POINT('',#4456);
#1265=VERTEX_POINT('',#4458);
#1266=VERTEX_POINT('',#4460);
#1267=VERTEX_POINT('',#4462);
#1268=VERTEX_POINT('',#4468);
#1269=VERTEX_POINT('',#4470);
#1270=VERTEX_POINT('',#4472);
#1271=VERTEX_POINT('',#4474);
#1272=VERTEX_POINT('',#4476);
#1273=VERTEX_POINT('',#4478);
#1274=VERTEX_POINT('',#4491);
#1275=VERTEX_POINT('',#4495);
#1276=VERTEX_POINT('',#4497);
#1277=VERTEX_POINT('',#4499);
#1278=VERTEX_POINT('',#4501);
#1279=VERTEX_POINT('',#4503);
#1280=VERTEX_POINT('',#4505);
#1281=VERTEX_POINT('',#4507);
#1282=VERTEX_POINT('',#4509);
#1283=VERTEX_POINT('',#4511);
#1284=VERTEX_POINT('',#4513);
#1285=VERTEX_POINT('',#4515);
#1286=VERTEX_POINT('',#4517);
#1287=VERTEX_POINT('',#4519);
#1288=VERTEX_POINT('',#4522);
#1289=VERTEX_POINT('',#4524);
#1290=VERTEX_POINT('',#4527);
#1291=VERTEX_POINT('',#4528);
#1292=VERTEX_POINT('',#4532);
#1293=VERTEX_POINT('',#4534);
#1294=VERTEX_POINT('',#4536);
#1295=VERTEX_POINT('',#4540);
#1296=VERTEX_POINT('',#4542);
#1297=VERTEX_POINT('',#4553);
#1298=VERTEX_POINT('',#4555);
#1299=VERTEX_POINT('',#4557);
#1300=VERTEX_POINT('',#4559);
#1301=VERTEX_POINT('',#4563);
#1302=VERTEX_POINT('',#4565);
#1303=VERTEX_POINT('',#4567);
#1304=VERTEX_POINT('',#4571);
#1305=VERTEX_POINT('',#4572);
#1306=VERTEX_POINT('',#4574);
#1307=VERTEX_POINT('',#4576);
#1308=VERTEX_POINT('',#4578);
#1309=VERTEX_POINT('',#4584);
#1310=VERTEX_POINT('',#4586);
#1311=VERTEX_POINT('',#4588);
#1312=VERTEX_POINT('',#4590);
#1313=VERTEX_POINT('',#4592);
#1314=VERTEX_POINT('',#4594);
#1315=VERTEX_POINT('',#4596);
#1316=VERTEX_POINT('',#4598);
#1317=VERTEX_POINT('',#4600);
#1318=VERTEX_POINT('',#4602);
#1319=VERTEX_POINT('',#4605);
#1320=VERTEX_POINT('',#4607);
#1321=VERTEX_POINT('',#4610);
#1322=VERTEX_POINT('',#4612);
#1323=VERTEX_POINT('',#4615);
#1324=VERTEX_POINT('',#4619);
#1325=VERTEX_POINT('',#4621);
#1326=VERTEX_POINT('',#4625);
#1327=VERTEX_POINT('',#4629);
#1328=VERTEX_POINT('',#4630);
#1329=VERTEX_POINT('',#4632);
#1330=VERTEX_POINT('',#4634);
#1331=VERTEX_POINT('',#4645);
#1332=VERTEX_POINT('',#4649);
#1333=VERTEX_POINT('',#4651);
#1334=VERTEX_POINT('',#4653);
#1335=VERTEX_POINT('',#4655);
#1336=VERTEX_POINT('',#4659);
#1337=VERTEX_POINT('',#4660);
#1338=VERTEX_POINT('',#4662);
#1339=VERTEX_POINT('',#4676);
#1340=VERTEX_POINT('',#4677);
#1341=VERTEX_POINT('',#4682);
#1342=VERTEX_POINT('',#4687);
#1343=VERTEX_POINT('',#4688);
#1344=VERTEX_POINT('',#4693);
#1345=VERTEX_POINT('',#4695);
#1346=VERTEX_POINT('',#4699);
#1347=VERTEX_POINT('',#4700);
#1348=VERTEX_POINT('',#4706);
#1349=VERTEX_POINT('',#4708);
#1350=VERTEX_POINT('',#4712);
#1351=VERTEX_POINT('',#4713);
#1352=VERTEX_POINT('',#4719);
#1353=VERTEX_POINT('',#4721);
#1354=VERTEX_POINT('',#4725);
#1355=VERTEX_POINT('',#4726);
#1356=VERTEX_POINT('',#4732);
#1357=VERTEX_POINT('',#4734);
#1358=VERTEX_POINT('',#4740);
#1359=VERTEX_POINT('',#4741);
#1360=VERTEX_POINT('',#4745);
#1361=VERTEX_POINT('',#4747);
#1362=VERTEX_POINT('',#4751);
#1363=VERTEX_POINT('',#4752);
#1364=VERTEX_POINT('',#4754);
#1365=VERTEX_POINT('',#4761);
#1366=VERTEX_POINT('',#4765);
#1367=VERTEX_POINT('',#4767);
#1368=VERTEX_POINT('',#4769);
#1369=VERTEX_POINT('',#4771);
#1370=VERTEX_POINT('',#4773);
#1371=VERTEX_POINT('',#4775);
#1372=VERTEX_POINT('',#4777);
#1373=VERTEX_POINT('',#4779);
#1374=VERTEX_POINT('',#4781);
#1375=VERTEX_POINT('',#4786);
#1376=VERTEX_POINT('',#4790);
#1377=VERTEX_POINT('',#4791);
#1378=VERTEX_POINT('',#4793);
#1379=VERTEX_POINT('',#4804);
#1380=VERTEX_POINT('',#4808);
#1381=VERTEX_POINT('',#4810);
#1382=VERTEX_POINT('',#4814);
#1383=VERTEX_POINT('',#4818);
#1384=VERTEX_POINT('',#4822);
#1385=VERTEX_POINT('',#4824);
#1386=VERTEX_POINT('',#4828);
#1387=VERTEX_POINT('',#4830);
#1388=VERTEX_POINT('',#4832);
#1389=VERTEX_POINT('',#4836);
#1390=VERTEX_POINT('',#4839);
#1391=VERTEX_POINT('',#4841);
#1392=VERTEX_POINT('',#4843);
#1393=VERTEX_POINT('',#4851);
#1394=VERTEX_POINT('',#4853);
#1395=VERTEX_POINT('',#4857);
#1396=VERTEX_POINT('',#4858);
#1397=VERTEX_POINT('',#4860);
#1398=VERTEX_POINT('',#4863);
#1399=VERTEX_POINT('',#4865);
#1400=VERTEX_POINT('',#4867);
#1401=VERTEX_POINT('',#4870);
#1402=VERTEX_POINT('',#4872);
#1403=VERTEX_POINT('',#4874);
#1404=VERTEX_POINT('',#4875);
#1405=VERTEX_POINT('',#4877);
#1406=VERTEX_POINT('',#4879);
#1407=VERTEX_POINT('',#4882);
#1408=VERTEX_POINT('',#4883);
#1409=VERTEX_POINT('',#4885);
#1410=VERTEX_POINT('',#4887);
#1411=VERTEX_POINT('',#4890);
#1412=VERTEX_POINT('',#4891);
#1413=VERTEX_POINT('',#4893);
#1414=VERTEX_POINT('',#4895);
#1415=VERTEX_POINT('',#4898);
#1416=VERTEX_POINT('',#4899);
#1417=VERTEX_POINT('',#4901);
#1418=VERTEX_POINT('',#4903);
#1419=VERTEX_POINT('',#4906);
#1420=VERTEX_POINT('',#4911);
#1421=VERTEX_POINT('',#4917);
#1422=VERTEX_POINT('',#4923);
#1423=VERTEX_POINT('',#4929);
#1424=VERTEX_POINT('',#4931);
#1425=VERTEX_POINT('',#4935);
#1426=VERTEX_POINT('',#4939);
#1427=VERTEX_POINT('',#4945);
#1428=VERTEX_POINT('',#4947);
#1429=VERTEX_POINT('',#4951);
#1430=VERTEX_POINT('',#4955);
#1431=VERTEX_POINT('',#4957);
#1432=VERTEX_POINT('',#4961);
#1433=VERTEX_POINT('',#4965);
#1434=VERTEX_POINT('',#4971);
#1435=VERTEX_POINT('',#4973);
#1436=VERTEX_POINT('',#4977);
#1437=VERTEX_POINT('',#4981);
#1438=VERTEX_POINT('',#4983);
#1439=VERTEX_POINT('',#4987);
#1440=VERTEX_POINT('',#4991);
#1441=VERTEX_POINT('',#4997);
#1442=VERTEX_POINT('',#4999);
#1443=VERTEX_POINT('',#5003);
#1444=VERTEX_POINT('',#5007);
#1445=VERTEX_POINT('',#5009);
#1446=VERTEX_POINT('',#5013);
#1447=VERTEX_POINT('',#5017);
#1448=VERTEX_POINT('',#5023);
#1449=VERTEX_POINT('',#5025);
#1450=VERTEX_POINT('',#5029);
#1451=VERTEX_POINT('',#5033);
#1452=VERTEX_POINT('',#5035);
#1453=VERTEX_POINT('',#5037);
#1454=VERTEX_POINT('',#5041);
#1455=VERTEX_POINT('',#5046);
#1456=VERTEX_POINT('',#5054);
#1457=VERTEX_POINT('',#5055);
#1458=VERTEX_POINT('',#5057);
#1459=VERTEX_POINT('',#5059);
#1460=VERTEX_POINT('',#5061);
#1461=VERTEX_POINT('',#5063);
#1462=VERTEX_POINT('',#5065);
#1463=VERTEX_POINT('',#5067);
#1464=VERTEX_POINT('',#5069);
#1465=VERTEX_POINT('',#5071);
#1466=VERTEX_POINT('',#5073);
#1467=VERTEX_POINT('',#5075);
#1468=VERTEX_POINT('',#5077);
#1469=VERTEX_POINT('',#5079);
#1470=VERTEX_POINT('',#5081);
#1471=VERTEX_POINT('',#5083);
#1472=VERTEX_POINT('',#5086);
#1473=VERTEX_POINT('',#5087);
#1474=VERTEX_POINT('',#5089);
#1475=VERTEX_POINT('',#5091);
#1476=VERTEX_POINT('',#5094);
#1477=VERTEX_POINT('',#5095);
#1478=VERTEX_POINT('',#5097);
#1479=VERTEX_POINT('',#5099);
#1480=VERTEX_POINT('',#5102);
#1481=VERTEX_POINT('',#5103);
#1482=VERTEX_POINT('',#5105);
#1483=VERTEX_POINT('',#5107);
#1484=VERTEX_POINT('',#5114);
#1485=VERTEX_POINT('',#5122);
#1486=VERTEX_POINT('',#5138);
#1487=VERTEX_POINT('',#5146);
#1488=VERTEX_POINT('',#5150);
#1489=VERTEX_POINT('',#5154);
#1490=VERTEX_POINT('',#5158);
#1491=VERTEX_POINT('',#5162);
#1492=VERTEX_POINT('',#5166);
#1493=VERTEX_POINT('',#5170);
#1494=VERTEX_POINT('',#5174);
#1495=VERTEX_POINT('',#5182);
#1496=VERTEX_POINT('',#5186);
#1497=VERTEX_POINT('',#5190);
#1498=VERTEX_POINT('',#5194);
#1499=VERTEX_POINT('',#5198);
#1500=VERTEX_POINT('',#5202);
#1501=VERTEX_POINT('',#5206);
#1502=VERTEX_POINT('',#5210);
#1503=VERTEX_POINT('',#5218);
#1504=VERTEX_POINT('',#5222);
#1505=VERTEX_POINT('',#5226);
#1506=VERTEX_POINT('',#5230);
#1507=VERTEX_POINT('',#5234);
#1508=VERTEX_POINT('',#5238);
#1509=VERTEX_POINT('',#5242);
#1510=VERTEX_POINT('',#5246);
#1511=VERTEX_POINT('',#5257);
#1512=VERTEX_POINT('',#5258);
#1513=VERTEX_POINT('',#5266);
#1514=VERTEX_POINT('',#5270);
#1515=VERTEX_POINT('',#5271);
#1516=VERTEX_POINT('',#5274);
#1517=VERTEX_POINT('',#5283);
#1518=VERTEX_POINT('',#5314);
#1519=VERTEX_POINT('',#5316);
#1520=VERTEX_POINT('',#5318);
#1521=VERTEX_POINT('',#5332);
#1522=VERTEX_POINT('',#5335);
#1523=VERTEX_POINT('',#5349);
#1524=VERTEX_POINT('',#5353);
#1525=VERTEX_POINT('',#5354);
#1526=VERTEX_POINT('',#5361);
#1527=VERTEX_POINT('',#5362);
#1528=VERTEX_POINT('',#5369);
#1529=VERTEX_POINT('',#5373);
#1530=VERTEX_POINT('',#5394);
#1531=VERTEX_POINT('',#5395);
#1532=VERTEX_POINT('',#5397);
#1533=VERTEX_POINT('',#5408);
#1534=VERTEX_POINT('',#5418);
#1535=EDGE_CURVE('',#1263,#1264,#1251,.T.);
#1536=EDGE_CURVE('',#1264,#1265,#635,.T.);
#1537=EDGE_CURVE('',#1265,#1266,#636,.F.);
#1538=EDGE_CURVE('',#1266,#1267,#637,.T.);
#1539=EDGE_CURVE('',#1267,#1263,#631,.T.);
#1540=EDGE_CURVE('',#1268,#1263,#79,.T.);
#1541=EDGE_CURVE('',#1268,#1269,#638,.T.);
#1542=EDGE_CURVE('',#1269,#1270,#80,.F.);
#1543=EDGE_CURVE('',#1270,#1271,#639,.T.);
#1544=EDGE_CURVE('',#1271,#1272,#81,.T.);
#1545=EDGE_CURVE('',#1273,#1272,#67,.T.);
#1546=EDGE_CURVE('',#1273,#1264,#640,.T.);
#1547=EDGE_CURVE('',#1267,#1274,#82,.T.);
#1548=EDGE_CURVE('',#1274,#1268,#641,.T.);
#1549=EDGE_CURVE('',#1275,#1266,#642,.T.);
#1550=EDGE_CURVE('',#1276,#1275,#643,.T.);
#1551=EDGE_CURVE('',#1277,#1276,#644,.T.);
#1552=EDGE_CURVE('',#1278,#1277,#645,.T.);
#1553=EDGE_CURVE('',#1279,#1278,#83,.T.);
#1554=EDGE_CURVE('',#1280,#1279,#646,.T.);
#1555=EDGE_CURVE('',#1281,#1280,#84,.T.);
#1556=EDGE_CURVE('',#1282,#1281,#647,.T.);
#1557=EDGE_CURVE('',#1283,#1282,#85,.T.);
#1558=EDGE_CURVE('',#1284,#1283,#648,.T.);
#1559=EDGE_CURVE('',#1285,#1284,#86,.T.);
#1560=EDGE_CURVE('',#1286,#1285,#649,.T.);
#1561=EDGE_CURVE('',#1287,#1286,#87,.T.);
#1562=EDGE_CURVE('',#1274,#1287,#650,.T.);
#1563=EDGE_CURVE('',#1288,#1288,#88,.T.);
#1564=EDGE_CURVE('',#1289,#1289,#89,.T.);
#1565=EDGE_CURVE('',#1290,#1291,#632,.T.);
#1566=EDGE_CURVE('',#1291,#1292,#651,.T.);
#1567=EDGE_CURVE('',#1292,#1293,#652,.F.);
#1568=EDGE_CURVE('',#1293,#1294,#653,.T.);
#1569=EDGE_CURVE('',#1294,#1290,#1252,.T.);
#1570=EDGE_CURVE('',#1294,#1295,#654,.T.);
#1571=EDGE_CURVE('',#1296,#1295,#68,.T.);
#1572=EDGE_CURVE('',#1296,#1297,#90,.T.);
#1573=EDGE_CURVE('',#1297,#1298,#655,.T.);
#1574=EDGE_CURVE('',#1298,#1299,#91,.F.);
#1575=EDGE_CURVE('',#1299,#1300,#656,.T.);
#1576=EDGE_CURVE('',#1290,#1300,#92,.T.);
#1577=EDGE_CURVE('',#1301,#1293,#657,.T.);
#1578=EDGE_CURVE('',#1302,#1301,#658,.T.);
#1579=EDGE_CURVE('',#1303,#1302,#659,.T.);
#1580=EDGE_CURVE('',#1295,#1303,#660,.T.);
#1581=EDGE_CURVE('',#1304,#1305,#1253,.T.);
#1582=EDGE_CURVE('',#1305,#1306,#661,.T.);
#1583=EDGE_CURVE('',#1306,#1307,#662,.F.);
#1584=EDGE_CURVE('',#1307,#1308,#663,.T.);
#1585=EDGE_CURVE('',#1308,#1304,#633,.T.);
#1586=EDGE_CURVE('',#1309,#1291,#93,.T.);
#1587=EDGE_CURVE('',#1310,#1309,#664,.T.);
#1588=EDGE_CURVE('',#1311,#1310,#94,.T.);
#1589=EDGE_CURVE('',#1312,#1311,#665,.T.);
#1590=EDGE_CURVE('',#1313,#1312,#95,.T.);
#1591=EDGE_CURVE('',#1314,#1313,#666,.T.);
#1592=EDGE_CURVE('',#1315,#1314,#96,.T.);
#1593=EDGE_CURVE('',#1316,#1315,#667,.T.);
#1594=EDGE_CURVE('',#1317,#1316,#97,.T.);
#1595=EDGE_CURVE('',#1318,#1317,#668,.T.);
#1596=EDGE_CURVE('',#1308,#1318,#98,.T.);
#1597=EDGE_CURVE('',#1319,#1307,#669,.T.);
#1598=EDGE_CURVE('',#1320,#1319,#670,.T.);
#1599=EDGE_CURVE('',#1292,#1320,#671,.T.);
#1600=EDGE_CURVE('',#1321,#1321,#99,.T.);
#1601=EDGE_CURVE('',#1322,#1322,#100,.T.);
#1602=EDGE_CURVE('',#1323,#1278,#634,.T.);
#1603=EDGE_CURVE('',#1277,#1324,#672,.F.);
#1604=EDGE_CURVE('',#1324,#1325,#673,.T.);
#1605=EDGE_CURVE('',#1325,#1323,#1254,.T.);
#1606=EDGE_CURVE('',#1323,#1326,#101,.T.);
#1607=EDGE_CURVE('',#1279,#1326,#674,.T.);
#1608=EDGE_CURVE('',#1327,#1328,#1255,.F.);
#1609=EDGE_CURVE('',#1327,#1329,#675,.T.);
#1610=EDGE_CURVE('',#1329,#1330,#69,.T.);
#1611=EDGE_CURVE('',#1330,#1331,#676,.T.);
#1612=EDGE_CURVE('',#1328,#1331,#1256,.F.);
#1613=EDGE_CURVE('',#1332,#1327,#677,.T.);
#1614=EDGE_CURVE('',#1333,#1332,#678,.T.);
#1615=EDGE_CURVE('',#1334,#1333,#102,.T.);
#1616=EDGE_CURVE('',#1335,#1334,#679,.T.);
#1617=EDGE_CURVE('',#1329,#1335,#103,.T.);
#1618=EDGE_CURVE('',#1336,#1337,#1257,.T.);
#1619=EDGE_CURVE('',#1337,#1338,#680,.T.);
#1620=EDGE_CURVE('',#1338,#1333,#70,.T.);
#1621=EDGE_CURVE('',#1332,#1336,#1258,.T.);
#1622=EDGE_CURVE('',#1339,#1340,#1259,.F.);
#1623=EDGE_CURVE('',#1339,#1296,#681,.T.);
#1624=EDGE_CURVE('',#1340,#1303,#1260,.F.);
#1625=EDGE_CURVE('',#1341,#1339,#682,.T.);
#1626=EDGE_CURVE('',#1272,#1341,#683,.T.);
#1627=EDGE_CURVE('',#1297,#1271,#684,.T.);
#1628=EDGE_CURVE('',#1342,#1343,#1261,.T.);
#1629=EDGE_CURVE('',#1343,#1273,#685,.T.);
#1630=EDGE_CURVE('',#1341,#1342,#1262,.T.);
#1631=EDGE_CURVE('',#1344,#1344,#104,.T.);
#1632=EDGE_CURVE('',#1344,#1345,#686,.T.);
#1633=EDGE_CURVE('',#1345,#1345,#105,.T.);
#1634=EDGE_CURVE('',#1346,#1347,#106,.T.);
#1635=EDGE_CURVE('',#1347,#1346,#107,.T.);
#1636=EDGE_CURVE('',#1345,#1322,#687,.T.);
#1637=EDGE_CURVE('',#1348,#1348,#108,.T.);
#1638=EDGE_CURVE('',#1348,#1349,#688,.T.);
#1639=EDGE_CURVE('',#1349,#1349,#109,.T.);
#1640=EDGE_CURVE('',#1350,#1351,#110,.T.);
#1641=EDGE_CURVE('',#1351,#1350,#111,.T.);
#1642=EDGE_CURVE('',#1349,#1289,#689,.T.);
#1643=EDGE_CURVE('',#1352,#1352,#112,.T.);
#1644=EDGE_CURVE('',#1352,#1353,#690,.T.);
#1645=EDGE_CURVE('',#1353,#1353,#113,.T.);
#1646=EDGE_CURVE('',#1354,#1355,#114,.T.);
#1647=EDGE_CURVE('',#1355,#1354,#115,.T.);
#1648=EDGE_CURVE('',#1353,#1288,#691,.T.);
#1649=EDGE_CURVE('',#1356,#1356,#116,.T.);
#1650=EDGE_CURVE('',#1356,#1357,#692,.T.);
#1651=EDGE_CURVE('',#1357,#1357,#117,.T.);
#1652=EDGE_CURVE('',#1357,#1321,#693,.T.);
#1653=EDGE_CURVE('',#1358,#1359,#118,.T.);
#1654=EDGE_CURVE('',#1359,#1358,#119,.T.);
#1655=EDGE_CURVE('',#1302,#1360,#694,.T.);
#1656=EDGE_CURVE('',#1360,#1361,#695,.T.);
#1657=EDGE_CURVE('',#1340,#1361,#696,.F.);
#1658=EDGE_CURVE('',#1362,#1363,#697,.T.);
#1659=EDGE_CURVE('',#1363,#1364,#698,.T.);
#1660=EDGE_CURVE('',#1364,#1343,#699,.T.);
#1661=EDGE_CURVE('',#1342,#1362,#700,.T.);
#1662=EDGE_CURVE('',#1361,#1362,#701,.T.);
#1663=EDGE_CURVE('',#1365,#1364,#702,.T.);
#1664=EDGE_CURVE('',#1265,#1365,#703,.T.);
#1665=EDGE_CURVE('',#1363,#1366,#704,.T.);
#1666=EDGE_CURVE('',#1367,#1366,#120,.T.);
#1667=EDGE_CURVE('',#1367,#1368,#705,.T.);
#1668=EDGE_CURVE('',#1369,#1368,#121,.T.);
#1669=EDGE_CURVE('',#1369,#1370,#706,.T.);
#1670=EDGE_CURVE('',#1371,#1370,#707,.T.);
#1671=EDGE_CURVE('',#1371,#1372,#708,.T.);
#1672=EDGE_CURVE('',#1373,#1372,#709,.T.);
#1673=EDGE_CURVE('',#1374,#1373,#710,.T.);
#1674=EDGE_CURVE('',#1365,#1374,#711,.T.);
#1675=EDGE_CURVE('',#1331,#1371,#712,.T.);
#1676=EDGE_CURVE('',#1370,#1375,#713,.T.);
#1677=EDGE_CURVE('',#1328,#1375,#714,.F.);
#1678=EDGE_CURVE('',#1376,#1377,#715,.T.);
#1679=EDGE_CURVE('',#1377,#1378,#716,.T.);
#1680=EDGE_CURVE('',#1378,#1337,#717,.T.);
#1681=EDGE_CURVE('',#1336,#1376,#718,.T.);
#1682=EDGE_CURVE('',#1375,#1376,#719,.T.);
#1683=EDGE_CURVE('',#1372,#1324,#720,.T.);
#1684=EDGE_CURVE('',#1325,#1330,#721,.T.);
#1685=EDGE_CURVE('',#1338,#1305,#722,.T.);
#1686=EDGE_CURVE('',#1379,#1378,#723,.T.);
#1687=EDGE_CURVE('',#1306,#1379,#724,.T.);
#1688=EDGE_CURVE('',#1335,#1380,#725,.T.);
#1689=EDGE_CURVE('',#1380,#1381,#122,.T.);
#1690=EDGE_CURVE('',#1381,#1326,#726,.T.);
#1691=EDGE_CURVE('',#1382,#1334,#727,.T.);
#1692=EDGE_CURVE('',#1380,#1382,#728,.T.);
#1693=EDGE_CURVE('',#1379,#1383,#729,.T.);
#1694=EDGE_CURVE('',#1383,#1319,#730,.T.);
#1695=EDGE_CURVE('',#1384,#1304,#123,.T.);
#1696=EDGE_CURVE('',#1384,#1385,#731,.T.);
#1697=EDGE_CURVE('',#1385,#1382,#124,.T.);
#1698=EDGE_CURVE('',#1386,#1360,#732,.T.);
#1699=EDGE_CURVE('',#1387,#1386,#733,.T.);
#1700=EDGE_CURVE('',#1388,#1387,#734,.T.);
#1701=EDGE_CURVE('',#1366,#1388,#735,.T.);
#1702=EDGE_CURVE('',#1389,#1301,#736,.T.);
#1703=EDGE_CURVE('',#1383,#1389,#737,.T.);
#1704=EDGE_CURVE('',#1377,#1390,#738,.T.);
#1705=EDGE_CURVE('',#1391,#1390,#125,.T.);
#1706=EDGE_CURVE('',#1391,#1392,#739,.T.);
#1707=EDGE_CURVE('',#1386,#1392,#126,.T.);
#1708=EDGE_CURVE('',#1389,#1320,#740,.T.);
#1709=EDGE_CURVE('',#1374,#1275,#741,.T.);
#1710=EDGE_CURVE('',#1393,#1393,#127,.T.);
#1711=EDGE_CURVE('',#1393,#1394,#742,.T.);
#1712=EDGE_CURVE('',#1394,#1394,#128,.T.);
#1713=EDGE_CURVE('',#1395,#1396,#129,.T.);
#1714=EDGE_CURVE('',#1395,#1397,#743,.T.);
#1715=EDGE_CURVE('',#1388,#1397,#130,.T.);
#1716=EDGE_CURVE('',#1398,#1387,#131,.T.);
#1717=EDGE_CURVE('',#1398,#1399,#744,.T.);
#1718=EDGE_CURVE('',#1400,#1399,#132,.T.);
#1719=EDGE_CURVE('',#1400,#1396,#745,.T.);
#1720=EDGE_CURVE('',#1401,#1401,#133,.T.);
#1721=EDGE_CURVE('',#1402,#1402,#134,.T.);
#1722=EDGE_CURVE('',#1403,#1404,#746,.T.);
#1723=EDGE_CURVE('',#1405,#1403,#747,.T.);
#1724=EDGE_CURVE('',#1406,#1405,#748,.T.);
#1725=EDGE_CURVE('',#1404,#1406,#749,.T.);
#1726=EDGE_CURVE('',#1407,#1408,#750,.T.);
#1727=EDGE_CURVE('',#1409,#1407,#751,.T.);
#1728=EDGE_CURVE('',#1410,#1409,#752,.T.);
#1729=EDGE_CURVE('',#1408,#1410,#753,.T.);
#1730=EDGE_CURVE('',#1411,#1412,#754,.T.);
#1731=EDGE_CURVE('',#1413,#1411,#755,.T.);
#1732=EDGE_CURVE('',#1414,#1413,#756,.T.);
#1733=EDGE_CURVE('',#1412,#1414,#757,.T.);
#1734=EDGE_CURVE('',#1415,#1416,#758,.T.);
#1735=EDGE_CURVE('',#1417,#1415,#759,.T.);
#1736=EDGE_CURVE('',#1418,#1417,#760,.T.);
#1737=EDGE_CURVE('',#1416,#1418,#761,.T.);
#1738=EDGE_CURVE('',#1419,#1419,#135,.T.);
#1739=EDGE_CURVE('',#1394,#1347,#762,.T.);
#1740=EDGE_CURVE('',#1401,#1420,#763,.T.);
#1741=EDGE_CURVE('',#1420,#1420,#136,.T.);
#1742=EDGE_CURVE('',#1420,#1359,#764,.T.);
#1743=EDGE_CURVE('',#1419,#1421,#765,.T.);
#1744=EDGE_CURVE('',#1421,#1421,#137,.T.);
#1745=EDGE_CURVE('',#1421,#1355,#766,.T.);
#1746=EDGE_CURVE('',#1402,#1422,#767,.T.);
#1747=EDGE_CURVE('',#1422,#1422,#138,.T.);
#1748=EDGE_CURVE('',#1422,#1351,#768,.T.);
#1749=EDGE_CURVE('',#1416,#1423,#769,.T.);
#1750=EDGE_CURVE('',#1423,#1424,#770,.T.);
#1751=EDGE_CURVE('',#1415,#1424,#771,.T.);
#1752=EDGE_CURVE('',#1418,#1425,#772,.T.);
#1753=EDGE_CURVE('',#1425,#1423,#773,.T.);
#1754=EDGE_CURVE('',#1417,#1426,#774,.T.);
#1755=EDGE_CURVE('',#1426,#1425,#775,.T.);
#1756=EDGE_CURVE('',#1424,#1426,#776,.T.);
#1757=EDGE_CURVE('',#1427,#1424,#777,.T.);
#1758=EDGE_CURVE('',#1428,#1427,#778,.T.);
#1759=EDGE_CURVE('',#1428,#1426,#779,.T.);
#1760=EDGE_CURVE('',#1429,#1423,#780,.T.);
#1761=EDGE_CURVE('',#1427,#1429,#781,.T.);
#1762=EDGE_CURVE('',#1404,#1430,#782,.T.);
#1763=EDGE_CURVE('',#1430,#1431,#783,.T.);
#1764=EDGE_CURVE('',#1403,#1431,#784,.T.);
#1765=EDGE_CURVE('',#1406,#1432,#785,.T.);
#1766=EDGE_CURVE('',#1432,#1430,#786,.T.);
#1767=EDGE_CURVE('',#1405,#1433,#787,.T.);
#1768=EDGE_CURVE('',#1433,#1432,#788,.T.);
#1769=EDGE_CURVE('',#1431,#1433,#789,.T.);
#1770=EDGE_CURVE('',#1434,#1431,#790,.T.);
#1771=EDGE_CURVE('',#1435,#1434,#791,.T.);
#1772=EDGE_CURVE('',#1435,#1433,#792,.T.);
#1773=EDGE_CURVE('',#1436,#1430,#793,.T.);
#1774=EDGE_CURVE('',#1434,#1436,#794,.T.);
#1775=EDGE_CURVE('',#1412,#1437,#795,.T.);
#1776=EDGE_CURVE('',#1437,#1438,#796,.T.);
#1777=EDGE_CURVE('',#1411,#1438,#797,.T.);
#1778=EDGE_CURVE('',#1414,#1439,#798,.T.);
#1779=EDGE_CURVE('',#1439,#1437,#799,.T.);
#1780=EDGE_CURVE('',#1413,#1440,#800,.T.);
#1781=EDGE_CURVE('',#1440,#1439,#801,.T.);
#1782=EDGE_CURVE('',#1438,#1440,#802,.T.);
#1783=EDGE_CURVE('',#1441,#1438,#803,.T.);
#1784=EDGE_CURVE('',#1442,#1441,#804,.T.);
#1785=EDGE_CURVE('',#1442,#1440,#805,.T.);
#1786=EDGE_CURVE('',#1443,#1437,#806,.T.);
#1787=EDGE_CURVE('',#1441,#1443,#807,.T.);
#1788=EDGE_CURVE('',#1408,#1444,#808,.T.);
#1789=EDGE_CURVE('',#1444,#1445,#809,.T.);
#1790=EDGE_CURVE('',#1407,#1445,#810,.T.);
#1791=EDGE_CURVE('',#1410,#1446,#811,.T.);
#1792=EDGE_CURVE('',#1446,#1444,#812,.T.);
#1793=EDGE_CURVE('',#1409,#1447,#813,.T.);
#1794=EDGE_CURVE('',#1447,#1446,#814,.T.);
#1795=EDGE_CURVE('',#1445,#1447,#815,.T.);
#1796=EDGE_CURVE('',#1448,#1445,#816,.T.);
#1797=EDGE_CURVE('',#1449,#1448,#817,.T.);
#1798=EDGE_CURVE('',#1449,#1447,#818,.T.);
#1799=EDGE_CURVE('',#1450,#1444,#819,.T.);
#1800=EDGE_CURVE('',#1448,#1450,#820,.T.);
#1801=EDGE_CURVE('',#1451,#1449,#821,.T.);
#1802=EDGE_CURVE('',#1449,#1452,#822,.T.);
#1803=EDGE_CURVE('',#1452,#1453,#823,.T.);
#1804=EDGE_CURVE('',#1453,#1451,#824,.T.);
#1805=EDGE_CURVE('',#1453,#1454,#825,.T.);
#1806=EDGE_CURVE('',#1454,#1450,#826,.T.);
#1807=EDGE_CURVE('',#1450,#1451,#827,.T.);
#1808=EDGE_CURVE('',#1454,#1455,#828,.T.);
#1809=EDGE_CURVE('',#1455,#1448,#829,.T.);
#1810=EDGE_CURVE('',#1455,#1452,#830,.T.);
#1811=EDGE_CURVE('',#1451,#1446,#831,.T.);
#1812=EDGE_CURVE('',#1456,#1457,#832,.T.);
#1813=EDGE_CURVE('',#1458,#1456,#833,.T.);
#1814=EDGE_CURVE('',#1459,#1458,#139,.T.);
#1815=EDGE_CURVE('',#1460,#1459,#834,.T.);
#1816=EDGE_CURVE('',#1461,#1460,#835,.T.);
#1817=EDGE_CURVE('',#1462,#1461,#836,.T.);
#1818=EDGE_CURVE('',#1463,#1462,#140,.T.);
#1819=EDGE_CURVE('',#1464,#1463,#837,.T.);
#1820=EDGE_CURVE('',#1465,#1464,#838,.T.);
#1821=EDGE_CURVE('',#1466,#1465,#839,.T.);
#1822=EDGE_CURVE('',#1467,#1466,#141,.T.);
#1823=EDGE_CURVE('',#1468,#1467,#840,.T.);
#1824=EDGE_CURVE('',#1469,#1468,#841,.T.);
#1825=EDGE_CURVE('',#1470,#1469,#842,.T.);
#1826=EDGE_CURVE('',#1471,#1470,#142,.T.);
#1827=EDGE_CURVE('',#1457,#1471,#843,.T.);
#1828=EDGE_CURVE('',#1472,#1473,#844,.T.);
#1829=EDGE_CURVE('',#1474,#1472,#845,.T.);
#1830=EDGE_CURVE('',#1475,#1474,#846,.T.);
#1831=EDGE_CURVE('',#1473,#1475,#847,.T.);
#1832=EDGE_CURVE('',#1476,#1477,#848,.T.);
#1833=EDGE_CURVE('',#1478,#1476,#849,.T.);
#1834=EDGE_CURVE('',#1479,#1478,#850,.T.);
#1835=EDGE_CURVE('',#1477,#1479,#851,.T.);
#1836=EDGE_CURVE('',#1480,#1481,#852,.T.);
#1837=EDGE_CURVE('',#1482,#1480,#853,.T.);
#1838=EDGE_CURVE('',#1483,#1482,#854,.T.);
#1839=EDGE_CURVE('',#1481,#1483,#855,.T.);
#1840=EDGE_CURVE('',#1441,#1472,#856,.T.);
#1841=EDGE_CURVE('',#1473,#1442,#857,.T.);
#1842=EDGE_CURVE('',#1475,#1484,#858,.T.);
#1843=EDGE_CURVE('',#1484,#1442,#859,.T.);
#1844=EDGE_CURVE('',#1443,#1484,#860,.T.);
#1845=EDGE_CURVE('',#1474,#1443,#861,.T.);
#1846=EDGE_CURVE('',#1485,#1435,#862,.T.);
#1847=EDGE_CURVE('',#1435,#1480,#863,.T.);
#1848=EDGE_CURVE('',#1481,#1485,#864,.T.);
#1849=EDGE_CURVE('',#1483,#1436,#865,.T.);
#1850=EDGE_CURVE('',#1436,#1485,#866,.T.);
#1851=EDGE_CURVE('',#1482,#1434,#867,.T.);
#1852=EDGE_CURVE('',#1485,#1432,#868,.T.);
#1853=EDGE_CURVE('',#1427,#1476,#869,.T.);
#1854=EDGE_CURVE('',#1477,#1428,#870,.T.);
#1855=EDGE_CURVE('',#1479,#1486,#871,.T.);
#1856=EDGE_CURVE('',#1486,#1428,#872,.T.);
#1857=EDGE_CURVE('',#1429,#1486,#873,.T.);
#1858=EDGE_CURVE('',#1478,#1429,#874,.T.);
#1859=EDGE_CURVE('',#1287,#1487,#875,.T.);
#1860=EDGE_CURVE('',#1487,#1268,#876,.T.);
#1861=EDGE_CURVE('',#1286,#1488,#877,.T.);
#1862=EDGE_CURVE('',#1488,#1487,#143,.T.);
#1863=EDGE_CURVE('',#1285,#1489,#878,.T.);
#1864=EDGE_CURVE('',#1489,#1488,#879,.T.);
#1865=EDGE_CURVE('',#1284,#1490,#880,.T.);
#1866=EDGE_CURVE('',#1490,#1489,#144,.T.);
#1867=EDGE_CURVE('',#1283,#1491,#881,.T.);
#1868=EDGE_CURVE('',#1491,#1490,#882,.T.);
#1869=EDGE_CURVE('',#1282,#1492,#883,.T.);
#1870=EDGE_CURVE('',#1492,#1491,#145,.T.);
#1871=EDGE_CURVE('',#1281,#1493,#884,.T.);
#1872=EDGE_CURVE('',#1493,#1492,#885,.T.);
#1873=EDGE_CURVE('',#1280,#1494,#886,.T.);
#1874=EDGE_CURVE('',#1494,#1493,#146,.T.);
#1875=EDGE_CURVE('',#1326,#1494,#887,.T.);
#1876=EDGE_CURVE('',#1318,#1384,#888,.T.);
#1877=EDGE_CURVE('',#1317,#1495,#889,.T.);
#1878=EDGE_CURVE('',#1495,#1384,#890,.T.);
#1879=EDGE_CURVE('',#1316,#1496,#891,.T.);
#1880=EDGE_CURVE('',#1496,#1495,#147,.T.);
#1881=EDGE_CURVE('',#1315,#1497,#892,.T.);
#1882=EDGE_CURVE('',#1497,#1496,#893,.T.);
#1883=EDGE_CURVE('',#1314,#1498,#894,.T.);
#1884=EDGE_CURVE('',#1498,#1497,#148,.T.);
#1885=EDGE_CURVE('',#1313,#1499,#895,.T.);
#1886=EDGE_CURVE('',#1499,#1498,#896,.T.);
#1887=EDGE_CURVE('',#1312,#1500,#897,.T.);
#1888=EDGE_CURVE('',#1500,#1499,#149,.T.);
#1889=EDGE_CURVE('',#1311,#1501,#898,.T.);
#1890=EDGE_CURVE('',#1501,#1500,#899,.T.);
#1891=EDGE_CURVE('',#1310,#1502,#900,.T.);
#1892=EDGE_CURVE('',#1502,#1501,#150,.T.);
#1893=EDGE_CURVE('',#1309,#1300,#901,.T.);
#1894=EDGE_CURVE('',#1300,#1502,#902,.T.);
#1895=EDGE_CURVE('',#1503,#1495,#903,.T.);
#1896=EDGE_CURVE('',#1385,#1503,#904,.T.);
#1897=EDGE_CURVE('',#1496,#1504,#905,.T.);
#1898=EDGE_CURVE('',#1504,#1503,#151,.F.);
#1899=EDGE_CURVE('',#1505,#1497,#906,.T.);
#1900=EDGE_CURVE('',#1504,#1505,#907,.T.);
#1901=EDGE_CURVE('',#1498,#1506,#908,.T.);
#1902=EDGE_CURVE('',#1506,#1505,#152,.F.);
#1903=EDGE_CURVE('',#1507,#1499,#909,.T.);
#1904=EDGE_CURVE('',#1506,#1507,#910,.T.);
#1905=EDGE_CURVE('',#1500,#1508,#911,.T.);
#1906=EDGE_CURVE('',#1508,#1507,#153,.F.);
#1907=EDGE_CURVE('',#1509,#1501,#912,.T.);
#1908=EDGE_CURVE('',#1508,#1509,#913,.T.);
#1909=EDGE_CURVE('',#1502,#1510,#914,.T.);
#1910=EDGE_CURVE('',#1510,#1509,#154,.T.);
#1911=EDGE_CURVE('',#1510,#1299,#915,.T.);
#1912=EDGE_CURVE('',#1298,#1270,#916,.T.);
#1913=EDGE_CURVE('',#1457,#1380,#155,.T.);
#1914=EDGE_CURVE('',#1382,#1456,#156,.T.);
#1915=EDGE_CURVE('',#1511,#1512,#71,.T.);
#1916=EDGE_CURVE('',#1511,#1456,#157,.T.);
#1917=EDGE_CURVE('',#1385,#1513,#158,.T.);
#1918=EDGE_CURVE('',#1512,#1513,#159,.T.);
#1919=EDGE_CURVE('',#1514,#1515,#160,.T.);
#1920=EDGE_CURVE('',#1514,#1381,#161,.T.);
#1921=EDGE_CURVE('',#1457,#1516,#162,.T.);
#1922=EDGE_CURVE('',#1515,#1516,#72,.T.);
#1923=EDGE_CURVE('',#1513,#1517,#917,.T.);
#1924=EDGE_CURVE('',#1512,#1517,#163,.T.);
#1925=EDGE_CURVE('',#1517,#1511,#73,.T.);
#1926=EDGE_CURVE('',#1503,#1458,#164,.T.);
#1927=EDGE_CURVE('',#1459,#1504,#165,.T.);
#1928=EDGE_CURVE('',#1460,#1506,#166,.F.);
#1929=EDGE_CURVE('',#1505,#1460,#167,.F.);
#1930=EDGE_CURVE('',#1461,#1508,#168,.F.);
#1931=EDGE_CURVE('',#1507,#1461,#169,.F.);
#1932=EDGE_CURVE('',#1509,#1462,#170,.T.);
#1933=EDGE_CURVE('',#1510,#1463,#171,.T.);
#1934=EDGE_CURVE('',#1299,#1518,#172,.F.);
#1935=EDGE_CURVE('',#1519,#1518,#918,.T.);
#1936=EDGE_CURVE('',#1520,#1519,#74,.T.);
#1937=EDGE_CURVE('',#1520,#1464,#173,.F.);
#1938=EDGE_CURVE('',#1471,#1521,#174,.T.);
#1939=EDGE_CURVE('',#1521,#1381,#919,.T.);
#1940=EDGE_CURVE('',#1522,#1514,#920,.T.);
#1941=EDGE_CURVE('',#1516,#1522,#75,.T.);
#1942=EDGE_CURVE('',#1521,#1523,#175,.F.);
#1943=EDGE_CURVE('',#1523,#1470,#176,.T.);
#1944=EDGE_CURVE('',#1524,#1525,#177,.F.);
#1945=EDGE_CURVE('',#1469,#1524,#178,.F.);
#1946=EDGE_CURVE('',#1525,#1469,#179,.F.);
#1947=EDGE_CURVE('',#1524,#1523,#921,.T.);
#1948=EDGE_CURVE('',#1526,#1527,#180,.F.);
#1949=EDGE_CURVE('',#1468,#1526,#181,.F.);
#1950=EDGE_CURVE('',#1527,#1468,#182,.F.);
#1951=EDGE_CURVE('',#1526,#1525,#922,.T.);
#1952=EDGE_CURVE('',#1467,#1528,#183,.T.);
#1953=EDGE_CURVE('',#1528,#1527,#923,.T.);
#1954=EDGE_CURVE('',#1466,#1529,#184,.T.);
#1955=EDGE_CURVE('',#1528,#1529,#185,.T.);
#1956=EDGE_CURVE('',#1490,#1526,#924,.T.);
#1957=EDGE_CURVE('',#1527,#1489,#925,.T.);
#1958=EDGE_CURVE('',#1492,#1524,#926,.T.);
#1959=EDGE_CURVE('',#1525,#1491,#927,.T.);
#1960=EDGE_CURVE('',#1494,#1521,#928,.T.);
#1961=EDGE_CURVE('',#1523,#1493,#929,.T.);
#1962=EDGE_CURVE('',#1522,#1515,#186,.T.);
#1963=EDGE_CURVE('',#1488,#1528,#930,.T.);
#1964=EDGE_CURVE('',#1529,#1487,#931,.T.);
#1965=EDGE_CURVE('',#1530,#1531,#187,.T.);
#1966=EDGE_CURVE('',#1532,#1530,#76,.T.);
#1967=EDGE_CURVE('',#1465,#1532,#188,.F.);
#1968=EDGE_CURVE('',#1270,#1465,#189,.F.);
#1969=EDGE_CURVE('',#1531,#1269,#190,.F.);
#1970=EDGE_CURVE('',#1518,#1533,#191,.T.);
#1971=EDGE_CURVE('',#1464,#1298,#192,.F.);
#1972=EDGE_CURVE('',#1533,#1520,#77,.T.);
#1973=EDGE_CURVE('',#1534,#1532,#78,.T.);
#1974=EDGE_CURVE('',#1531,#1534,#932,.T.);
#1975=EDGE_CURVE('',#1269,#1529,#933,.T.);
#1976=EDGE_CURVE('',#1519,#1533,#193,.T.);
#1977=EDGE_CURVE('',#1530,#1534,#194,.T.);
#1978=EDGE_CURVE('',#1396,#1369,#934,.T.);
#1979=EDGE_CURVE('',#1368,#1395,#935,.T.);
#1980=EDGE_CURVE('',#1397,#1367,#936,.T.);
#1981=EDGE_CURVE('',#1399,#1391,#937,.T.);
#1982=EDGE_CURVE('',#1390,#1400,#938,.T.);
#1983=EDGE_CURVE('',#1392,#1398,#939,.T.);
#1984=EDGE_CURVE('',#1484,#1439,#940,.T.);
#1985=EDGE_CURVE('',#1486,#1425,#941,.T.);
#1986=EDGE_CURVE('',#1373,#1276,#942,.T.);
#1987=ORIENTED_EDGE('',*,*,#1535,.T.);
#1988=ORIENTED_EDGE('',*,*,#1536,.T.);
#1989=ORIENTED_EDGE('',*,*,#1537,.T.);
#1990=ORIENTED_EDGE('',*,*,#1538,.T.);
#1991=ORIENTED_EDGE('',*,*,#1539,.T.);
#1992=ORIENTED_EDGE('',*,*,#1535,.F.);
#1993=ORIENTED_EDGE('',*,*,#1540,.F.);
#1994=ORIENTED_EDGE('',*,*,#1541,.T.);
#1995=ORIENTED_EDGE('',*,*,#1542,.T.);
#1996=ORIENTED_EDGE('',*,*,#1543,.T.);
#1997=ORIENTED_EDGE('',*,*,#1544,.T.);
#1998=ORIENTED_EDGE('',*,*,#1545,.F.);
#1999=ORIENTED_EDGE('',*,*,#1546,.T.);
#2000=ORIENTED_EDGE('',*,*,#1539,.F.);
#2001=ORIENTED_EDGE('',*,*,#1547,.T.);
#2002=ORIENTED_EDGE('',*,*,#1548,.T.);
#2003=ORIENTED_EDGE('',*,*,#1540,.T.);
#2004=ORIENTED_EDGE('',*,*,#1538,.F.);
#2005=ORIENTED_EDGE('',*,*,#1549,.F.);
#2006=ORIENTED_EDGE('',*,*,#1550,.F.);
#2007=ORIENTED_EDGE('',*,*,#1551,.F.);
#2008=ORIENTED_EDGE('',*,*,#1552,.F.);
#2009=ORIENTED_EDGE('',*,*,#1553,.F.);
#2010=ORIENTED_EDGE('',*,*,#1554,.F.);
#2011=ORIENTED_EDGE('',*,*,#1555,.F.);
#2012=ORIENTED_EDGE('',*,*,#1556,.F.);
#2013=ORIENTED_EDGE('',*,*,#1557,.F.);
#2014=ORIENTED_EDGE('',*,*,#1558,.F.);
#2015=ORIENTED_EDGE('',*,*,#1559,.F.);
#2016=ORIENTED_EDGE('',*,*,#1560,.F.);
#2017=ORIENTED_EDGE('',*,*,#1561,.F.);
#2018=ORIENTED_EDGE('',*,*,#1562,.F.);
#2019=ORIENTED_EDGE('',*,*,#1547,.F.);
#2020=ORIENTED_EDGE('',*,*,#1563,.F.);
#2021=ORIENTED_EDGE('',*,*,#1564,.F.);
#2022=ORIENTED_EDGE('',*,*,#1565,.T.);
#2023=ORIENTED_EDGE('',*,*,#1566,.T.);
#2024=ORIENTED_EDGE('',*,*,#1567,.T.);
#2025=ORIENTED_EDGE('',*,*,#1568,.T.);
#2026=ORIENTED_EDGE('',*,*,#1569,.T.);
#2027=ORIENTED_EDGE('',*,*,#1569,.F.);
#2028=ORIENTED_EDGE('',*,*,#1570,.T.);
#2029=ORIENTED_EDGE('',*,*,#1571,.F.);
#2030=ORIENTED_EDGE('',*,*,#1572,.T.);
#2031=ORIENTED_EDGE('',*,*,#1573,.T.);
#2032=ORIENTED_EDGE('',*,*,#1574,.T.);
#2033=ORIENTED_EDGE('',*,*,#1575,.T.);
#2034=ORIENTED_EDGE('',*,*,#1576,.F.);
#2035=ORIENTED_EDGE('',*,*,#1568,.F.);
#2036=ORIENTED_EDGE('',*,*,#1577,.F.);
#2037=ORIENTED_EDGE('',*,*,#1578,.F.);
#2038=ORIENTED_EDGE('',*,*,#1579,.F.);
#2039=ORIENTED_EDGE('',*,*,#1580,.F.);
#2040=ORIENTED_EDGE('',*,*,#1570,.F.);
#2041=ORIENTED_EDGE('',*,*,#1581,.T.);
#2042=ORIENTED_EDGE('',*,*,#1582,.T.);
#2043=ORIENTED_EDGE('',*,*,#1583,.T.);
#2044=ORIENTED_EDGE('',*,*,#1584,.T.);
#2045=ORIENTED_EDGE('',*,*,#1585,.T.);
#2046=ORIENTED_EDGE('',*,*,#1566,.F.);
#2047=ORIENTED_EDGE('',*,*,#1586,.F.);
#2048=ORIENTED_EDGE('',*,*,#1587,.F.);
#2049=ORIENTED_EDGE('',*,*,#1588,.F.);
#2050=ORIENTED_EDGE('',*,*,#1589,.F.);
#2051=ORIENTED_EDGE('',*,*,#1590,.F.);
#2052=ORIENTED_EDGE('',*,*,#1591,.F.);
#2053=ORIENTED_EDGE('',*,*,#1592,.F.);
#2054=ORIENTED_EDGE('',*,*,#1593,.F.);
#2055=ORIENTED_EDGE('',*,*,#1594,.F.);
#2056=ORIENTED_EDGE('',*,*,#1595,.F.);
#2057=ORIENTED_EDGE('',*,*,#1596,.F.);
#2058=ORIENTED_EDGE('',*,*,#1584,.F.);
#2059=ORIENTED_EDGE('',*,*,#1597,.F.);
#2060=ORIENTED_EDGE('',*,*,#1598,.F.);
#2061=ORIENTED_EDGE('',*,*,#1599,.F.);
#2062=ORIENTED_EDGE('',*,*,#1600,.F.);
#2063=ORIENTED_EDGE('',*,*,#1601,.F.);
#2064=ORIENTED_EDGE('',*,*,#1602,.T.);
#2065=ORIENTED_EDGE('',*,*,#1552,.T.);
#2066=ORIENTED_EDGE('',*,*,#1603,.T.);
#2067=ORIENTED_EDGE('',*,*,#1604,.T.);
#2068=ORIENTED_EDGE('',*,*,#1605,.T.);
#2069=ORIENTED_EDGE('',*,*,#1602,.F.);
#2070=ORIENTED_EDGE('',*,*,#1606,.T.);
#2071=ORIENTED_EDGE('',*,*,#1607,.F.);
#2072=ORIENTED_EDGE('',*,*,#1553,.T.);
#2073=ORIENTED_EDGE('',*,*,#1608,.F.);
#2074=ORIENTED_EDGE('',*,*,#1609,.T.);
#2075=ORIENTED_EDGE('',*,*,#1610,.T.);
#2076=ORIENTED_EDGE('',*,*,#1611,.T.);
#2077=ORIENTED_EDGE('',*,*,#1612,.F.);
#2078=ORIENTED_EDGE('',*,*,#1609,.F.);
#2079=ORIENTED_EDGE('',*,*,#1613,.F.);
#2080=ORIENTED_EDGE('',*,*,#1614,.F.);
#2081=ORIENTED_EDGE('',*,*,#1615,.F.);
#2082=ORIENTED_EDGE('',*,*,#1616,.F.);
#2083=ORIENTED_EDGE('',*,*,#1617,.F.);
#2084=ORIENTED_EDGE('',*,*,#1618,.T.);
#2085=ORIENTED_EDGE('',*,*,#1619,.T.);
#2086=ORIENTED_EDGE('',*,*,#1620,.T.);
#2087=ORIENTED_EDGE('',*,*,#1614,.T.);
#2088=ORIENTED_EDGE('',*,*,#1621,.T.);
#2089=ORIENTED_EDGE('',*,*,#1622,.F.);
#2090=ORIENTED_EDGE('',*,*,#1623,.T.);
#2091=ORIENTED_EDGE('',*,*,#1571,.T.);
#2092=ORIENTED_EDGE('',*,*,#1580,.T.);
#2093=ORIENTED_EDGE('',*,*,#1624,.F.);
#2094=ORIENTED_EDGE('',*,*,#1623,.F.);
#2095=ORIENTED_EDGE('',*,*,#1625,.F.);
#2096=ORIENTED_EDGE('',*,*,#1626,.F.);
#2097=ORIENTED_EDGE('',*,*,#1544,.F.);
#2098=ORIENTED_EDGE('',*,*,#1627,.F.);
#2099=ORIENTED_EDGE('',*,*,#1572,.F.);
#2100=ORIENTED_EDGE('',*,*,#1628,.T.);
#2101=ORIENTED_EDGE('',*,*,#1629,.T.);
#2102=ORIENTED_EDGE('',*,*,#1545,.T.);
#2103=ORIENTED_EDGE('',*,*,#1626,.T.);
#2104=ORIENTED_EDGE('',*,*,#1630,.T.);
#2105=ORIENTED_EDGE('',*,*,#1631,.T.);
#2106=ORIENTED_EDGE('',*,*,#1632,.T.);
#2107=ORIENTED_EDGE('',*,*,#1633,.T.);
#2108=ORIENTED_EDGE('',*,*,#1632,.F.);
#2109=ORIENTED_EDGE('',*,*,#1634,.F.);
#2110=ORIENTED_EDGE('',*,*,#1635,.F.);
#2111=ORIENTED_EDGE('',*,*,#1631,.F.);
#2112=ORIENTED_EDGE('',*,*,#1633,.F.);
#2113=ORIENTED_EDGE('',*,*,#1636,.T.);
#2114=ORIENTED_EDGE('',*,*,#1601,.T.);
#2115=ORIENTED_EDGE('',*,*,#1636,.F.);
#2116=ORIENTED_EDGE('',*,*,#1637,.T.);
#2117=ORIENTED_EDGE('',*,*,#1638,.T.);
#2118=ORIENTED_EDGE('',*,*,#1639,.T.);
#2119=ORIENTED_EDGE('',*,*,#1638,.F.);
#2120=ORIENTED_EDGE('',*,*,#1640,.F.);
#2121=ORIENTED_EDGE('',*,*,#1641,.F.);
#2122=ORIENTED_EDGE('',*,*,#1637,.F.);
#2123=ORIENTED_EDGE('',*,*,#1639,.F.);
#2124=ORIENTED_EDGE('',*,*,#1642,.T.);
#2125=ORIENTED_EDGE('',*,*,#1564,.T.);
#2126=ORIENTED_EDGE('',*,*,#1642,.F.);
#2127=ORIENTED_EDGE('',*,*,#1643,.T.);
#2128=ORIENTED_EDGE('',*,*,#1644,.T.);
#2129=ORIENTED_EDGE('',*,*,#1645,.T.);
#2130=ORIENTED_EDGE('',*,*,#1644,.F.);
#2131=ORIENTED_EDGE('',*,*,#1646,.F.);
#2132=ORIENTED_EDGE('',*,*,#1647,.F.);
#2133=ORIENTED_EDGE('',*,*,#1643,.F.);
#2134=ORIENTED_EDGE('',*,*,#1645,.F.);
#2135=ORIENTED_EDGE('',*,*,#1648,.T.);
#2136=ORIENTED_EDGE('',*,*,#1563,.T.);
#2137=ORIENTED_EDGE('',*,*,#1648,.F.);
#2138=ORIENTED_EDGE('',*,*,#1649,.T.);
#2139=ORIENTED_EDGE('',*,*,#1650,.T.);
#2140=ORIENTED_EDGE('',*,*,#1651,.T.);
#2141=ORIENTED_EDGE('',*,*,#1650,.F.);
#2142=ORIENTED_EDGE('',*,*,#1651,.F.);
#2143=ORIENTED_EDGE('',*,*,#1652,.T.);
#2144=ORIENTED_EDGE('',*,*,#1600,.T.);
#2145=ORIENTED_EDGE('',*,*,#1652,.F.);
#2146=ORIENTED_EDGE('',*,*,#1653,.F.);
#2147=ORIENTED_EDGE('',*,*,#1654,.F.);
#2148=ORIENTED_EDGE('',*,*,#1649,.F.);
#2149=ORIENTED_EDGE('',*,*,#1579,.T.);
#2150=ORIENTED_EDGE('',*,*,#1655,.T.);
#2151=ORIENTED_EDGE('',*,*,#1656,.T.);
#2152=ORIENTED_EDGE('',*,*,#1657,.F.);
#2153=ORIENTED_EDGE('',*,*,#1624,.T.);
#2154=ORIENTED_EDGE('',*,*,#1658,.T.);
#2155=ORIENTED_EDGE('',*,*,#1659,.T.);
#2156=ORIENTED_EDGE('',*,*,#1660,.T.);
#2157=ORIENTED_EDGE('',*,*,#1628,.F.);
#2158=ORIENTED_EDGE('',*,*,#1661,.T.);
#2159=ORIENTED_EDGE('',*,*,#1662,.T.);
#2160=ORIENTED_EDGE('',*,*,#1661,.F.);
#2161=ORIENTED_EDGE('',*,*,#1630,.F.);
#2162=ORIENTED_EDGE('',*,*,#1625,.T.);
#2163=ORIENTED_EDGE('',*,*,#1622,.T.);
#2164=ORIENTED_EDGE('',*,*,#1657,.T.);
#2165=ORIENTED_EDGE('',*,*,#1536,.F.);
#2166=ORIENTED_EDGE('',*,*,#1546,.F.);
#2167=ORIENTED_EDGE('',*,*,#1629,.F.);
#2168=ORIENTED_EDGE('',*,*,#1660,.F.);
#2169=ORIENTED_EDGE('',*,*,#1663,.F.);
#2170=ORIENTED_EDGE('',*,*,#1664,.F.);
#2171=ORIENTED_EDGE('',*,*,#1659,.F.);
#2172=ORIENTED_EDGE('',*,*,#1665,.T.);
#2173=ORIENTED_EDGE('',*,*,#1666,.F.);
#2174=ORIENTED_EDGE('',*,*,#1667,.T.);
#2175=ORIENTED_EDGE('',*,*,#1668,.F.);
#2176=ORIENTED_EDGE('',*,*,#1669,.T.);
#2177=ORIENTED_EDGE('',*,*,#1670,.F.);
#2178=ORIENTED_EDGE('',*,*,#1671,.T.);
#2179=ORIENTED_EDGE('',*,*,#1672,.F.);
#2180=ORIENTED_EDGE('',*,*,#1673,.F.);
#2181=ORIENTED_EDGE('',*,*,#1674,.F.);
#2182=ORIENTED_EDGE('',*,*,#1663,.T.);
#2183=ORIENTED_EDGE('',*,*,#1675,.T.);
#2184=ORIENTED_EDGE('',*,*,#1670,.T.);
#2185=ORIENTED_EDGE('',*,*,#1676,.T.);
#2186=ORIENTED_EDGE('',*,*,#1677,.F.);
#2187=ORIENTED_EDGE('',*,*,#1612,.T.);
#2188=ORIENTED_EDGE('',*,*,#1678,.T.);
#2189=ORIENTED_EDGE('',*,*,#1679,.T.);
#2190=ORIENTED_EDGE('',*,*,#1680,.T.);
#2191=ORIENTED_EDGE('',*,*,#1618,.F.);
#2192=ORIENTED_EDGE('',*,*,#1681,.T.);
#2193=ORIENTED_EDGE('',*,*,#1682,.T.);
#2194=ORIENTED_EDGE('',*,*,#1681,.F.);
#2195=ORIENTED_EDGE('',*,*,#1621,.F.);
#2196=ORIENTED_EDGE('',*,*,#1613,.T.);
#2197=ORIENTED_EDGE('',*,*,#1608,.T.);
#2198=ORIENTED_EDGE('',*,*,#1677,.T.);
#2199=ORIENTED_EDGE('',*,*,#1683,.F.);
#2200=ORIENTED_EDGE('',*,*,#1671,.F.);
#2201=ORIENTED_EDGE('',*,*,#1675,.F.);
#2202=ORIENTED_EDGE('',*,*,#1611,.F.);
#2203=ORIENTED_EDGE('',*,*,#1684,.F.);
#2204=ORIENTED_EDGE('',*,*,#1604,.F.);
#2205=ORIENTED_EDGE('',*,*,#1582,.F.);
#2206=ORIENTED_EDGE('',*,*,#1685,.F.);
#2207=ORIENTED_EDGE('',*,*,#1619,.F.);
#2208=ORIENTED_EDGE('',*,*,#1680,.F.);
#2209=ORIENTED_EDGE('',*,*,#1686,.F.);
#2210=ORIENTED_EDGE('',*,*,#1687,.F.);
#2211=ORIENTED_EDGE('',*,*,#1605,.F.);
#2212=ORIENTED_EDGE('',*,*,#1684,.T.);
#2213=ORIENTED_EDGE('',*,*,#1610,.F.);
#2214=ORIENTED_EDGE('',*,*,#1617,.T.);
#2215=ORIENTED_EDGE('',*,*,#1688,.T.);
#2216=ORIENTED_EDGE('',*,*,#1689,.T.);
#2217=ORIENTED_EDGE('',*,*,#1690,.T.);
#2218=ORIENTED_EDGE('',*,*,#1606,.F.);
#2219=ORIENTED_EDGE('',*,*,#1616,.T.);
#2220=ORIENTED_EDGE('',*,*,#1691,.F.);
#2221=ORIENTED_EDGE('',*,*,#1692,.F.);
#2222=ORIENTED_EDGE('',*,*,#1688,.F.);
#2223=ORIENTED_EDGE('',*,*,#1687,.T.);
#2224=ORIENTED_EDGE('',*,*,#1693,.T.);
#2225=ORIENTED_EDGE('',*,*,#1694,.T.);
#2226=ORIENTED_EDGE('',*,*,#1597,.T.);
#2227=ORIENTED_EDGE('',*,*,#1583,.F.);
#2228=ORIENTED_EDGE('',*,*,#1581,.F.);
#2229=ORIENTED_EDGE('',*,*,#1695,.F.);
#2230=ORIENTED_EDGE('',*,*,#1696,.T.);
#2231=ORIENTED_EDGE('',*,*,#1697,.T.);
#2232=ORIENTED_EDGE('',*,*,#1691,.T.);
#2233=ORIENTED_EDGE('',*,*,#1615,.T.);
#2234=ORIENTED_EDGE('',*,*,#1620,.F.);
#2235=ORIENTED_EDGE('',*,*,#1685,.T.);
#2236=ORIENTED_EDGE('',*,*,#1656,.F.);
#2237=ORIENTED_EDGE('',*,*,#1698,.F.);
#2238=ORIENTED_EDGE('',*,*,#1699,.F.);
#2239=ORIENTED_EDGE('',*,*,#1700,.F.);
#2240=ORIENTED_EDGE('',*,*,#1701,.F.);
#2241=ORIENTED_EDGE('',*,*,#1665,.F.);
#2242=ORIENTED_EDGE('',*,*,#1658,.F.);
#2243=ORIENTED_EDGE('',*,*,#1662,.F.);
#2244=ORIENTED_EDGE('',*,*,#1655,.F.);
#2245=ORIENTED_EDGE('',*,*,#1578,.T.);
#2246=ORIENTED_EDGE('',*,*,#1702,.F.);
#2247=ORIENTED_EDGE('',*,*,#1703,.F.);
#2248=ORIENTED_EDGE('',*,*,#1693,.F.);
#2249=ORIENTED_EDGE('',*,*,#1686,.T.);
#2250=ORIENTED_EDGE('',*,*,#1679,.F.);
#2251=ORIENTED_EDGE('',*,*,#1704,.T.);
#2252=ORIENTED_EDGE('',*,*,#1705,.F.);
#2253=ORIENTED_EDGE('',*,*,#1706,.T.);
#2254=ORIENTED_EDGE('',*,*,#1707,.F.);
#2255=ORIENTED_EDGE('',*,*,#1698,.T.);
#2256=ORIENTED_EDGE('',*,*,#1577,.T.);
#2257=ORIENTED_EDGE('',*,*,#1567,.F.);
#2258=ORIENTED_EDGE('',*,*,#1599,.T.);
#2259=ORIENTED_EDGE('',*,*,#1708,.F.);
#2260=ORIENTED_EDGE('',*,*,#1702,.T.);
#2261=ORIENTED_EDGE('',*,*,#1664,.T.);
#2262=ORIENTED_EDGE('',*,*,#1674,.T.);
#2263=ORIENTED_EDGE('',*,*,#1709,.T.);
#2264=ORIENTED_EDGE('',*,*,#1549,.T.);
#2265=ORIENTED_EDGE('',*,*,#1537,.F.);
#2266=ORIENTED_EDGE('',*,*,#1710,.T.);
#2267=ORIENTED_EDGE('',*,*,#1711,.T.);
#2268=ORIENTED_EDGE('',*,*,#1712,.T.);
#2269=ORIENTED_EDGE('',*,*,#1711,.F.);
#2270=ORIENTED_EDGE('',*,*,#1713,.F.);
#2271=ORIENTED_EDGE('',*,*,#1714,.T.);
#2272=ORIENTED_EDGE('',*,*,#1715,.F.);
#2273=ORIENTED_EDGE('',*,*,#1700,.T.);
#2274=ORIENTED_EDGE('',*,*,#1716,.F.);
#2275=ORIENTED_EDGE('',*,*,#1717,.T.);
#2276=ORIENTED_EDGE('',*,*,#1718,.F.);
#2277=ORIENTED_EDGE('',*,*,#1719,.T.);
#2278=ORIENTED_EDGE('',*,*,#1720,.F.);
#2279=ORIENTED_EDGE('',*,*,#1721,.F.);
#2280=ORIENTED_EDGE('',*,*,#1722,.F.);
#2281=ORIENTED_EDGE('',*,*,#1723,.F.);
#2282=ORIENTED_EDGE('',*,*,#1724,.F.);
#2283=ORIENTED_EDGE('',*,*,#1725,.F.);
#2284=ORIENTED_EDGE('',*,*,#1726,.F.);
#2285=ORIENTED_EDGE('',*,*,#1727,.F.);
#2286=ORIENTED_EDGE('',*,*,#1728,.F.);
#2287=ORIENTED_EDGE('',*,*,#1729,.F.);
#2288=ORIENTED_EDGE('',*,*,#1730,.F.);
#2289=ORIENTED_EDGE('',*,*,#1731,.F.);
#2290=ORIENTED_EDGE('',*,*,#1732,.F.);
#2291=ORIENTED_EDGE('',*,*,#1733,.F.);
#2292=ORIENTED_EDGE('',*,*,#1734,.F.);
#2293=ORIENTED_EDGE('',*,*,#1735,.F.);
#2294=ORIENTED_EDGE('',*,*,#1736,.F.);
#2295=ORIENTED_EDGE('',*,*,#1737,.F.);
#2296=ORIENTED_EDGE('',*,*,#1738,.F.);
#2297=ORIENTED_EDGE('',*,*,#1710,.F.);
#2298=ORIENTED_EDGE('',*,*,#1712,.F.);
#2299=ORIENTED_EDGE('',*,*,#1739,.T.);
#2300=ORIENTED_EDGE('',*,*,#1635,.T.);
#2301=ORIENTED_EDGE('',*,*,#1634,.T.);
#2302=ORIENTED_EDGE('',*,*,#1739,.F.);
#2303=ORIENTED_EDGE('',*,*,#1720,.T.);
#2304=ORIENTED_EDGE('',*,*,#1740,.T.);
#2305=ORIENTED_EDGE('',*,*,#1741,.T.);
#2306=ORIENTED_EDGE('',*,*,#1740,.F.);
#2307=ORIENTED_EDGE('',*,*,#1741,.F.);
#2308=ORIENTED_EDGE('',*,*,#1742,.T.);
#2309=ORIENTED_EDGE('',*,*,#1654,.T.);
#2310=ORIENTED_EDGE('',*,*,#1653,.T.);
#2311=ORIENTED_EDGE('',*,*,#1742,.F.);
#2312=ORIENTED_EDGE('',*,*,#1738,.T.);
#2313=ORIENTED_EDGE('',*,*,#1743,.T.);
#2314=ORIENTED_EDGE('',*,*,#1744,.T.);
#2315=ORIENTED_EDGE('',*,*,#1743,.F.);
#2316=ORIENTED_EDGE('',*,*,#1744,.F.);
#2317=ORIENTED_EDGE('',*,*,#1745,.T.);
#2318=ORIENTED_EDGE('',*,*,#1647,.T.);
#2319=ORIENTED_EDGE('',*,*,#1646,.T.);
#2320=ORIENTED_EDGE('',*,*,#1745,.F.);
#2321=ORIENTED_EDGE('',*,*,#1721,.T.);
#2322=ORIENTED_EDGE('',*,*,#1746,.T.);
#2323=ORIENTED_EDGE('',*,*,#1747,.T.);
#2324=ORIENTED_EDGE('',*,*,#1746,.F.);
#2325=ORIENTED_EDGE('',*,*,#1747,.F.);
#2326=ORIENTED_EDGE('',*,*,#1748,.T.);
#2327=ORIENTED_EDGE('',*,*,#1641,.T.);
#2328=ORIENTED_EDGE('',*,*,#1640,.T.);
#2329=ORIENTED_EDGE('',*,*,#1748,.F.);
#2330=ORIENTED_EDGE('',*,*,#1734,.T.);
#2331=ORIENTED_EDGE('',*,*,#1749,.T.);
#2332=ORIENTED_EDGE('',*,*,#1750,.T.);
#2333=ORIENTED_EDGE('',*,*,#1751,.F.);
#2334=ORIENTED_EDGE('',*,*,#1737,.T.);
#2335=ORIENTED_EDGE('',*,*,#1752,.T.);
#2336=ORIENTED_EDGE('',*,*,#1753,.T.);
#2337=ORIENTED_EDGE('',*,*,#1749,.F.);
#2338=ORIENTED_EDGE('',*,*,#1736,.T.);
#2339=ORIENTED_EDGE('',*,*,#1754,.T.);
#2340=ORIENTED_EDGE('',*,*,#1755,.T.);
#2341=ORIENTED_EDGE('',*,*,#1752,.F.);
#2342=ORIENTED_EDGE('',*,*,#1756,.T.);
#2343=ORIENTED_EDGE('',*,*,#1754,.F.);
#2344=ORIENTED_EDGE('',*,*,#1735,.T.);
#2345=ORIENTED_EDGE('',*,*,#1751,.T.);
#2346=ORIENTED_EDGE('',*,*,#1756,.F.);
#2347=ORIENTED_EDGE('',*,*,#1757,.F.);
#2348=ORIENTED_EDGE('',*,*,#1758,.F.);
#2349=ORIENTED_EDGE('',*,*,#1759,.T.);
#2350=ORIENTED_EDGE('',*,*,#1750,.F.);
#2351=ORIENTED_EDGE('',*,*,#1760,.F.);
#2352=ORIENTED_EDGE('',*,*,#1761,.F.);
#2353=ORIENTED_EDGE('',*,*,#1757,.T.);
#2354=ORIENTED_EDGE('',*,*,#1722,.T.);
#2355=ORIENTED_EDGE('',*,*,#1762,.T.);
#2356=ORIENTED_EDGE('',*,*,#1763,.T.);
#2357=ORIENTED_EDGE('',*,*,#1764,.F.);
#2358=ORIENTED_EDGE('',*,*,#1725,.T.);
#2359=ORIENTED_EDGE('',*,*,#1765,.T.);
#2360=ORIENTED_EDGE('',*,*,#1766,.T.);
#2361=ORIENTED_EDGE('',*,*,#1762,.F.);
#2362=ORIENTED_EDGE('',*,*,#1724,.T.);
#2363=ORIENTED_EDGE('',*,*,#1767,.T.);
#2364=ORIENTED_EDGE('',*,*,#1768,.T.);
#2365=ORIENTED_EDGE('',*,*,#1765,.F.);
#2366=ORIENTED_EDGE('',*,*,#1769,.T.);
#2367=ORIENTED_EDGE('',*,*,#1767,.F.);
#2368=ORIENTED_EDGE('',*,*,#1723,.T.);
#2369=ORIENTED_EDGE('',*,*,#1764,.T.);
#2370=ORIENTED_EDGE('',*,*,#1769,.F.);
#2371=ORIENTED_EDGE('',*,*,#1770,.F.);
#2372=ORIENTED_EDGE('',*,*,#1771,.F.);
#2373=ORIENTED_EDGE('',*,*,#1772,.T.);
#2374=ORIENTED_EDGE('',*,*,#1763,.F.);
#2375=ORIENTED_EDGE('',*,*,#1773,.F.);
#2376=ORIENTED_EDGE('',*,*,#1774,.F.);
#2377=ORIENTED_EDGE('',*,*,#1770,.T.);
#2378=ORIENTED_EDGE('',*,*,#1730,.T.);
#2379=ORIENTED_EDGE('',*,*,#1775,.T.);
#2380=ORIENTED_EDGE('',*,*,#1776,.T.);
#2381=ORIENTED_EDGE('',*,*,#1777,.F.);
#2382=ORIENTED_EDGE('',*,*,#1733,.T.);
#2383=ORIENTED_EDGE('',*,*,#1778,.T.);
#2384=ORIENTED_EDGE('',*,*,#1779,.T.);
#2385=ORIENTED_EDGE('',*,*,#1775,.F.);
#2386=ORIENTED_EDGE('',*,*,#1732,.T.);
#2387=ORIENTED_EDGE('',*,*,#1780,.T.);
#2388=ORIENTED_EDGE('',*,*,#1781,.T.);
#2389=ORIENTED_EDGE('',*,*,#1778,.F.);
#2390=ORIENTED_EDGE('',*,*,#1782,.T.);
#2391=ORIENTED_EDGE('',*,*,#1780,.F.);
#2392=ORIENTED_EDGE('',*,*,#1731,.T.);
#2393=ORIENTED_EDGE('',*,*,#1777,.T.);
#2394=ORIENTED_EDGE('',*,*,#1782,.F.);
#2395=ORIENTED_EDGE('',*,*,#1783,.F.);
#2396=ORIENTED_EDGE('',*,*,#1784,.F.);
#2397=ORIENTED_EDGE('',*,*,#1785,.T.);
#2398=ORIENTED_EDGE('',*,*,#1776,.F.);
#2399=ORIENTED_EDGE('',*,*,#1786,.F.);
#2400=ORIENTED_EDGE('',*,*,#1787,.F.);
#2401=ORIENTED_EDGE('',*,*,#1783,.T.);
#2402=ORIENTED_EDGE('',*,*,#1726,.T.);
#2403=ORIENTED_EDGE('',*,*,#1788,.T.);
#2404=ORIENTED_EDGE('',*,*,#1789,.T.);
#2405=ORIENTED_EDGE('',*,*,#1790,.F.);
#2406=ORIENTED_EDGE('',*,*,#1729,.T.);
#2407=ORIENTED_EDGE('',*,*,#1791,.T.);
#2408=ORIENTED_EDGE('',*,*,#1792,.T.);
#2409=ORIENTED_EDGE('',*,*,#1788,.F.);
#2410=ORIENTED_EDGE('',*,*,#1728,.T.);
#2411=ORIENTED_EDGE('',*,*,#1793,.T.);
#2412=ORIENTED_EDGE('',*,*,#1794,.T.);
#2413=ORIENTED_EDGE('',*,*,#1791,.F.);
#2414=ORIENTED_EDGE('',*,*,#1795,.T.);
#2415=ORIENTED_EDGE('',*,*,#1793,.F.);
#2416=ORIENTED_EDGE('',*,*,#1727,.T.);
#2417=ORIENTED_EDGE('',*,*,#1790,.T.);
#2418=ORIENTED_EDGE('',*,*,#1795,.F.);
#2419=ORIENTED_EDGE('',*,*,#1796,.F.);
#2420=ORIENTED_EDGE('',*,*,#1797,.F.);
#2421=ORIENTED_EDGE('',*,*,#1798,.T.);
#2422=ORIENTED_EDGE('',*,*,#1789,.F.);
#2423=ORIENTED_EDGE('',*,*,#1799,.F.);
#2424=ORIENTED_EDGE('',*,*,#1800,.F.);
#2425=ORIENTED_EDGE('',*,*,#1796,.T.);
#2426=ORIENTED_EDGE('',*,*,#1801,.T.);
#2427=ORIENTED_EDGE('',*,*,#1802,.T.);
#2428=ORIENTED_EDGE('',*,*,#1803,.T.);
#2429=ORIENTED_EDGE('',*,*,#1804,.T.);
#2430=ORIENTED_EDGE('',*,*,#1805,.T.);
#2431=ORIENTED_EDGE('',*,*,#1806,.T.);
#2432=ORIENTED_EDGE('',*,*,#1807,.T.);
#2433=ORIENTED_EDGE('',*,*,#1804,.F.);
#2434=ORIENTED_EDGE('',*,*,#1800,.T.);
#2435=ORIENTED_EDGE('',*,*,#1806,.F.);
#2436=ORIENTED_EDGE('',*,*,#1808,.T.);
#2437=ORIENTED_EDGE('',*,*,#1809,.T.);
#2438=ORIENTED_EDGE('',*,*,#1797,.T.);
#2439=ORIENTED_EDGE('',*,*,#1809,.F.);
#2440=ORIENTED_EDGE('',*,*,#1810,.T.);
#2441=ORIENTED_EDGE('',*,*,#1802,.F.);
#2442=ORIENTED_EDGE('',*,*,#1794,.F.);
#2443=ORIENTED_EDGE('',*,*,#1798,.F.);
#2444=ORIENTED_EDGE('',*,*,#1801,.F.);
#2445=ORIENTED_EDGE('',*,*,#1811,.T.);
#2446=ORIENTED_EDGE('',*,*,#1812,.F.);
#2447=ORIENTED_EDGE('',*,*,#1813,.F.);
#2448=ORIENTED_EDGE('',*,*,#1814,.F.);
#2449=ORIENTED_EDGE('',*,*,#1815,.F.);
#2450=ORIENTED_EDGE('',*,*,#1816,.F.);
#2451=ORIENTED_EDGE('',*,*,#1817,.F.);
#2452=ORIENTED_EDGE('',*,*,#1818,.F.);
#2453=ORIENTED_EDGE('',*,*,#1819,.F.);
#2454=ORIENTED_EDGE('',*,*,#1820,.F.);
#2455=ORIENTED_EDGE('',*,*,#1821,.F.);
#2456=ORIENTED_EDGE('',*,*,#1822,.F.);
#2457=ORIENTED_EDGE('',*,*,#1823,.F.);
#2458=ORIENTED_EDGE('',*,*,#1824,.F.);
#2459=ORIENTED_EDGE('',*,*,#1825,.F.);
#2460=ORIENTED_EDGE('',*,*,#1826,.F.);
#2461=ORIENTED_EDGE('',*,*,#1827,.F.);
#2462=ORIENTED_EDGE('',*,*,#1828,.F.);
#2463=ORIENTED_EDGE('',*,*,#1829,.F.);
#2464=ORIENTED_EDGE('',*,*,#1830,.F.);
#2465=ORIENTED_EDGE('',*,*,#1831,.F.);
#2466=ORIENTED_EDGE('',*,*,#1832,.F.);
#2467=ORIENTED_EDGE('',*,*,#1833,.F.);
#2468=ORIENTED_EDGE('',*,*,#1834,.F.);
#2469=ORIENTED_EDGE('',*,*,#1835,.F.);
#2470=ORIENTED_EDGE('',*,*,#1836,.F.);
#2471=ORIENTED_EDGE('',*,*,#1837,.F.);
#2472=ORIENTED_EDGE('',*,*,#1838,.F.);
#2473=ORIENTED_EDGE('',*,*,#1839,.F.);
#2474=ORIENTED_EDGE('',*,*,#1803,.F.);
#2475=ORIENTED_EDGE('',*,*,#1810,.F.);
#2476=ORIENTED_EDGE('',*,*,#1808,.F.);
#2477=ORIENTED_EDGE('',*,*,#1805,.F.);
#2478=ORIENTED_EDGE('',*,*,#1784,.T.);
#2479=ORIENTED_EDGE('',*,*,#1840,.T.);
#2480=ORIENTED_EDGE('',*,*,#1828,.T.);
#2481=ORIENTED_EDGE('',*,*,#1841,.T.);
#2482=ORIENTED_EDGE('',*,*,#1831,.T.);
#2483=ORIENTED_EDGE('',*,*,#1842,.T.);
#2484=ORIENTED_EDGE('',*,*,#1843,.T.);
#2485=ORIENTED_EDGE('',*,*,#1841,.F.);
#2486=ORIENTED_EDGE('',*,*,#1844,.T.);
#2487=ORIENTED_EDGE('',*,*,#1842,.F.);
#2488=ORIENTED_EDGE('',*,*,#1830,.T.);
#2489=ORIENTED_EDGE('',*,*,#1845,.T.);
#2490=ORIENTED_EDGE('',*,*,#1787,.T.);
#2491=ORIENTED_EDGE('',*,*,#1845,.F.);
#2492=ORIENTED_EDGE('',*,*,#1829,.T.);
#2493=ORIENTED_EDGE('',*,*,#1840,.F.);
#2494=ORIENTED_EDGE('',*,*,#1846,.T.);
#2495=ORIENTED_EDGE('',*,*,#1847,.T.);
#2496=ORIENTED_EDGE('',*,*,#1836,.T.);
#2497=ORIENTED_EDGE('',*,*,#1848,.T.);
#2498=ORIENTED_EDGE('',*,*,#1839,.T.);
#2499=ORIENTED_EDGE('',*,*,#1849,.T.);
#2500=ORIENTED_EDGE('',*,*,#1850,.T.);
#2501=ORIENTED_EDGE('',*,*,#1848,.F.);
#2502=ORIENTED_EDGE('',*,*,#1774,.T.);
#2503=ORIENTED_EDGE('',*,*,#1849,.F.);
#2504=ORIENTED_EDGE('',*,*,#1838,.T.);
#2505=ORIENTED_EDGE('',*,*,#1851,.T.);
#2506=ORIENTED_EDGE('',*,*,#1771,.T.);
#2507=ORIENTED_EDGE('',*,*,#1851,.F.);
#2508=ORIENTED_EDGE('',*,*,#1837,.T.);
#2509=ORIENTED_EDGE('',*,*,#1847,.F.);
#2510=ORIENTED_EDGE('',*,*,#1768,.F.);
#2511=ORIENTED_EDGE('',*,*,#1772,.F.);
#2512=ORIENTED_EDGE('',*,*,#1846,.F.);
#2513=ORIENTED_EDGE('',*,*,#1852,.T.);
#2514=ORIENTED_EDGE('',*,*,#1758,.T.);
#2515=ORIENTED_EDGE('',*,*,#1853,.T.);
#2516=ORIENTED_EDGE('',*,*,#1832,.T.);
#2517=ORIENTED_EDGE('',*,*,#1854,.T.);
#2518=ORIENTED_EDGE('',*,*,#1835,.T.);
#2519=ORIENTED_EDGE('',*,*,#1855,.T.);
#2520=ORIENTED_EDGE('',*,*,#1856,.T.);
#2521=ORIENTED_EDGE('',*,*,#1854,.F.);
#2522=ORIENTED_EDGE('',*,*,#1857,.T.);
#2523=ORIENTED_EDGE('',*,*,#1855,.F.);
#2524=ORIENTED_EDGE('',*,*,#1834,.T.);
#2525=ORIENTED_EDGE('',*,*,#1858,.T.);
#2526=ORIENTED_EDGE('',*,*,#1761,.T.);
#2527=ORIENTED_EDGE('',*,*,#1858,.F.);
#2528=ORIENTED_EDGE('',*,*,#1833,.T.);
#2529=ORIENTED_EDGE('',*,*,#1853,.F.);
#2530=ORIENTED_EDGE('',*,*,#1859,.T.);
#2531=ORIENTED_EDGE('',*,*,#1860,.T.);
#2532=ORIENTED_EDGE('',*,*,#1548,.F.);
#2533=ORIENTED_EDGE('',*,*,#1562,.T.);
#2534=ORIENTED_EDGE('',*,*,#1861,.T.);
#2535=ORIENTED_EDGE('',*,*,#1862,.T.);
#2536=ORIENTED_EDGE('',*,*,#1859,.F.);
#2537=ORIENTED_EDGE('',*,*,#1561,.T.);
#2538=ORIENTED_EDGE('',*,*,#1863,.T.);
#2539=ORIENTED_EDGE('',*,*,#1864,.T.);
#2540=ORIENTED_EDGE('',*,*,#1861,.F.);
#2541=ORIENTED_EDGE('',*,*,#1560,.T.);
#2542=ORIENTED_EDGE('',*,*,#1865,.T.);
#2543=ORIENTED_EDGE('',*,*,#1866,.T.);
#2544=ORIENTED_EDGE('',*,*,#1863,.F.);
#2545=ORIENTED_EDGE('',*,*,#1559,.T.);
#2546=ORIENTED_EDGE('',*,*,#1867,.T.);
#2547=ORIENTED_EDGE('',*,*,#1868,.T.);
#2548=ORIENTED_EDGE('',*,*,#1865,.F.);
#2549=ORIENTED_EDGE('',*,*,#1558,.T.);
#2550=ORIENTED_EDGE('',*,*,#1869,.T.);
#2551=ORIENTED_EDGE('',*,*,#1870,.T.);
#2552=ORIENTED_EDGE('',*,*,#1867,.F.);
#2553=ORIENTED_EDGE('',*,*,#1557,.T.);
#2554=ORIENTED_EDGE('',*,*,#1871,.T.);
#2555=ORIENTED_EDGE('',*,*,#1872,.T.);
#2556=ORIENTED_EDGE('',*,*,#1869,.F.);
#2557=ORIENTED_EDGE('',*,*,#1556,.T.);
#2558=ORIENTED_EDGE('',*,*,#1873,.T.);
#2559=ORIENTED_EDGE('',*,*,#1874,.T.);
#2560=ORIENTED_EDGE('',*,*,#1871,.F.);
#2561=ORIENTED_EDGE('',*,*,#1555,.T.);
#2562=ORIENTED_EDGE('',*,*,#1607,.T.);
#2563=ORIENTED_EDGE('',*,*,#1875,.T.);
#2564=ORIENTED_EDGE('',*,*,#1873,.F.);
#2565=ORIENTED_EDGE('',*,*,#1554,.T.);
#2566=ORIENTED_EDGE('',*,*,#1585,.F.);
#2567=ORIENTED_EDGE('',*,*,#1596,.T.);
#2568=ORIENTED_EDGE('',*,*,#1876,.T.);
#2569=ORIENTED_EDGE('',*,*,#1695,.T.);
#2570=ORIENTED_EDGE('',*,*,#1877,.T.);
#2571=ORIENTED_EDGE('',*,*,#1878,.T.);
#2572=ORIENTED_EDGE('',*,*,#1876,.F.);
#2573=ORIENTED_EDGE('',*,*,#1595,.T.);
#2574=ORIENTED_EDGE('',*,*,#1879,.T.);
#2575=ORIENTED_EDGE('',*,*,#1880,.T.);
#2576=ORIENTED_EDGE('',*,*,#1877,.F.);
#2577=ORIENTED_EDGE('',*,*,#1594,.T.);
#2578=ORIENTED_EDGE('',*,*,#1881,.T.);
#2579=ORIENTED_EDGE('',*,*,#1882,.T.);
#2580=ORIENTED_EDGE('',*,*,#1879,.F.);
#2581=ORIENTED_EDGE('',*,*,#1593,.T.);
#2582=ORIENTED_EDGE('',*,*,#1883,.T.);
#2583=ORIENTED_EDGE('',*,*,#1884,.T.);
#2584=ORIENTED_EDGE('',*,*,#1881,.F.);
#2585=ORIENTED_EDGE('',*,*,#1592,.T.);
#2586=ORIENTED_EDGE('',*,*,#1885,.T.);
#2587=ORIENTED_EDGE('',*,*,#1886,.T.);
#2588=ORIENTED_EDGE('',*,*,#1883,.F.);
#2589=ORIENTED_EDGE('',*,*,#1591,.T.);
#2590=ORIENTED_EDGE('',*,*,#1887,.T.);
#2591=ORIENTED_EDGE('',*,*,#1888,.T.);
#2592=ORIENTED_EDGE('',*,*,#1885,.F.);
#2593=ORIENTED_EDGE('',*,*,#1590,.T.);
#2594=ORIENTED_EDGE('',*,*,#1889,.T.);
#2595=ORIENTED_EDGE('',*,*,#1890,.T.);
#2596=ORIENTED_EDGE('',*,*,#1887,.F.);
#2597=ORIENTED_EDGE('',*,*,#1589,.T.);
#2598=ORIENTED_EDGE('',*,*,#1891,.T.);
#2599=ORIENTED_EDGE('',*,*,#1892,.T.);
#2600=ORIENTED_EDGE('',*,*,#1889,.F.);
#2601=ORIENTED_EDGE('',*,*,#1588,.T.);
#2602=ORIENTED_EDGE('',*,*,#1893,.T.);
#2603=ORIENTED_EDGE('',*,*,#1894,.T.);
#2604=ORIENTED_EDGE('',*,*,#1891,.F.);
#2605=ORIENTED_EDGE('',*,*,#1587,.T.);
#2606=ORIENTED_EDGE('',*,*,#1565,.F.);
#2607=ORIENTED_EDGE('',*,*,#1576,.T.);
#2608=ORIENTED_EDGE('',*,*,#1893,.F.);
#2609=ORIENTED_EDGE('',*,*,#1586,.T.);
#2610=ORIENTED_EDGE('',*,*,#1878,.F.);
#2611=ORIENTED_EDGE('',*,*,#1895,.F.);
#2612=ORIENTED_EDGE('',*,*,#1896,.F.);
#2613=ORIENTED_EDGE('',*,*,#1696,.F.);
#2614=ORIENTED_EDGE('',*,*,#1880,.F.);
#2615=ORIENTED_EDGE('',*,*,#1897,.T.);
#2616=ORIENTED_EDGE('',*,*,#1898,.T.);
#2617=ORIENTED_EDGE('',*,*,#1895,.T.);
#2618=ORIENTED_EDGE('',*,*,#1882,.F.);
#2619=ORIENTED_EDGE('',*,*,#1899,.F.);
#2620=ORIENTED_EDGE('',*,*,#1900,.F.);
#2621=ORIENTED_EDGE('',*,*,#1897,.F.);
#2622=ORIENTED_EDGE('',*,*,#1884,.F.);
#2623=ORIENTED_EDGE('',*,*,#1901,.T.);
#2624=ORIENTED_EDGE('',*,*,#1902,.T.);
#2625=ORIENTED_EDGE('',*,*,#1899,.T.);
#2626=ORIENTED_EDGE('',*,*,#1886,.F.);
#2627=ORIENTED_EDGE('',*,*,#1903,.F.);
#2628=ORIENTED_EDGE('',*,*,#1904,.F.);
#2629=ORIENTED_EDGE('',*,*,#1901,.F.);
#2630=ORIENTED_EDGE('',*,*,#1888,.F.);
#2631=ORIENTED_EDGE('',*,*,#1905,.T.);
#2632=ORIENTED_EDGE('',*,*,#1906,.T.);
#2633=ORIENTED_EDGE('',*,*,#1903,.T.);
#2634=ORIENTED_EDGE('',*,*,#1890,.F.);
#2635=ORIENTED_EDGE('',*,*,#1907,.F.);
#2636=ORIENTED_EDGE('',*,*,#1908,.F.);
#2637=ORIENTED_EDGE('',*,*,#1905,.F.);
#2638=ORIENTED_EDGE('',*,*,#1892,.F.);
#2639=ORIENTED_EDGE('',*,*,#1909,.T.);
#2640=ORIENTED_EDGE('',*,*,#1910,.T.);
#2641=ORIENTED_EDGE('',*,*,#1907,.T.);
#2642=ORIENTED_EDGE('',*,*,#1894,.F.);
#2643=ORIENTED_EDGE('',*,*,#1575,.F.);
#2644=ORIENTED_EDGE('',*,*,#1911,.F.);
#2645=ORIENTED_EDGE('',*,*,#1909,.F.);
#2646=ORIENTED_EDGE('',*,*,#1627,.T.);
#2647=ORIENTED_EDGE('',*,*,#1543,.F.);
#2648=ORIENTED_EDGE('',*,*,#1912,.F.);
#2649=ORIENTED_EDGE('',*,*,#1573,.F.);
#2650=ORIENTED_EDGE('',*,*,#1913,.T.);
#2651=ORIENTED_EDGE('',*,*,#1692,.T.);
#2652=ORIENTED_EDGE('',*,*,#1914,.T.);
#2653=ORIENTED_EDGE('',*,*,#1812,.T.);
#2654=ORIENTED_EDGE('',*,*,#1915,.F.);
#2655=ORIENTED_EDGE('',*,*,#1916,.T.);
#2656=ORIENTED_EDGE('',*,*,#1914,.F.);
#2657=ORIENTED_EDGE('',*,*,#1697,.F.);
#2658=ORIENTED_EDGE('',*,*,#1917,.T.);
#2659=ORIENTED_EDGE('',*,*,#1918,.F.);
#2660=ORIENTED_EDGE('',*,*,#1919,.F.);
#2661=ORIENTED_EDGE('',*,*,#1920,.T.);
#2662=ORIENTED_EDGE('',*,*,#1689,.F.);
#2663=ORIENTED_EDGE('',*,*,#1913,.F.);
#2664=ORIENTED_EDGE('',*,*,#1921,.T.);
#2665=ORIENTED_EDGE('',*,*,#1922,.F.);
#2666=ORIENTED_EDGE('',*,*,#1918,.T.);
#2667=ORIENTED_EDGE('',*,*,#1923,.T.);
#2668=ORIENTED_EDGE('',*,*,#1924,.F.);
#2669=ORIENTED_EDGE('',*,*,#1916,.F.);
#2670=ORIENTED_EDGE('',*,*,#1925,.F.);
#2671=ORIENTED_EDGE('',*,*,#1923,.F.);
#2672=ORIENTED_EDGE('',*,*,#1917,.F.);
#2673=ORIENTED_EDGE('',*,*,#1896,.T.);
#2674=ORIENTED_EDGE('',*,*,#1926,.T.);
#2675=ORIENTED_EDGE('',*,*,#1813,.T.);
#2676=ORIENTED_EDGE('',*,*,#1814,.T.);
#2677=ORIENTED_EDGE('',*,*,#1926,.F.);
#2678=ORIENTED_EDGE('',*,*,#1898,.F.);
#2679=ORIENTED_EDGE('',*,*,#1927,.F.);
#2680=ORIENTED_EDGE('',*,*,#1902,.F.);
#2681=ORIENTED_EDGE('',*,*,#1928,.F.);
#2682=ORIENTED_EDGE('',*,*,#1929,.F.);
#2683=ORIENTED_EDGE('',*,*,#1906,.F.);
#2684=ORIENTED_EDGE('',*,*,#1930,.F.);
#2685=ORIENTED_EDGE('',*,*,#1931,.F.);
#2686=ORIENTED_EDGE('',*,*,#1932,.T.);
#2687=ORIENTED_EDGE('',*,*,#1817,.T.);
#2688=ORIENTED_EDGE('',*,*,#1930,.T.);
#2689=ORIENTED_EDGE('',*,*,#1908,.T.);
#2690=ORIENTED_EDGE('',*,*,#1932,.F.);
#2691=ORIENTED_EDGE('',*,*,#1910,.F.);
#2692=ORIENTED_EDGE('',*,*,#1933,.T.);
#2693=ORIENTED_EDGE('',*,*,#1818,.T.);
#2694=ORIENTED_EDGE('',*,*,#1931,.T.);
#2695=ORIENTED_EDGE('',*,*,#1816,.T.);
#2696=ORIENTED_EDGE('',*,*,#1928,.T.);
#2697=ORIENTED_EDGE('',*,*,#1904,.T.);
#2698=ORIENTED_EDGE('',*,*,#1929,.T.);
#2699=ORIENTED_EDGE('',*,*,#1815,.T.);
#2700=ORIENTED_EDGE('',*,*,#1927,.T.);
#2701=ORIENTED_EDGE('',*,*,#1900,.T.);
#2702=ORIENTED_EDGE('',*,*,#1933,.F.);
#2703=ORIENTED_EDGE('',*,*,#1911,.T.);
#2704=ORIENTED_EDGE('',*,*,#1934,.T.);
#2705=ORIENTED_EDGE('',*,*,#1935,.F.);
#2706=ORIENTED_EDGE('',*,*,#1936,.F.);
#2707=ORIENTED_EDGE('',*,*,#1937,.T.);
#2708=ORIENTED_EDGE('',*,*,#1819,.T.);
#2709=ORIENTED_EDGE('',*,*,#1921,.F.);
#2710=ORIENTED_EDGE('',*,*,#1827,.T.);
#2711=ORIENTED_EDGE('',*,*,#1938,.T.);
#2712=ORIENTED_EDGE('',*,*,#1939,.T.);
#2713=ORIENTED_EDGE('',*,*,#1920,.F.);
#2714=ORIENTED_EDGE('',*,*,#1940,.F.);
#2715=ORIENTED_EDGE('',*,*,#1941,.F.);
#2716=ORIENTED_EDGE('',*,*,#1942,.F.);
#2717=ORIENTED_EDGE('',*,*,#1938,.F.);
#2718=ORIENTED_EDGE('',*,*,#1826,.T.);
#2719=ORIENTED_EDGE('',*,*,#1943,.F.);
#2720=ORIENTED_EDGE('',*,*,#1944,.F.);
#2721=ORIENTED_EDGE('',*,*,#1945,.F.);
#2722=ORIENTED_EDGE('',*,*,#1946,.F.);
#2723=ORIENTED_EDGE('',*,*,#1943,.T.);
#2724=ORIENTED_EDGE('',*,*,#1825,.T.);
#2725=ORIENTED_EDGE('',*,*,#1945,.T.);
#2726=ORIENTED_EDGE('',*,*,#1947,.T.);
#2727=ORIENTED_EDGE('',*,*,#1948,.F.);
#2728=ORIENTED_EDGE('',*,*,#1949,.F.);
#2729=ORIENTED_EDGE('',*,*,#1950,.F.);
#2730=ORIENTED_EDGE('',*,*,#1946,.T.);
#2731=ORIENTED_EDGE('',*,*,#1824,.T.);
#2732=ORIENTED_EDGE('',*,*,#1949,.T.);
#2733=ORIENTED_EDGE('',*,*,#1951,.T.);
#2734=ORIENTED_EDGE('',*,*,#1952,.T.);
#2735=ORIENTED_EDGE('',*,*,#1953,.T.);
#2736=ORIENTED_EDGE('',*,*,#1950,.T.);
#2737=ORIENTED_EDGE('',*,*,#1823,.T.);
#2738=ORIENTED_EDGE('',*,*,#1952,.F.);
#2739=ORIENTED_EDGE('',*,*,#1822,.T.);
#2740=ORIENTED_EDGE('',*,*,#1954,.T.);
#2741=ORIENTED_EDGE('',*,*,#1955,.F.);
#2742=ORIENTED_EDGE('',*,*,#1866,.F.);
#2743=ORIENTED_EDGE('',*,*,#1956,.T.);
#2744=ORIENTED_EDGE('',*,*,#1948,.T.);
#2745=ORIENTED_EDGE('',*,*,#1957,.T.);
#2746=ORIENTED_EDGE('',*,*,#1870,.F.);
#2747=ORIENTED_EDGE('',*,*,#1958,.T.);
#2748=ORIENTED_EDGE('',*,*,#1944,.T.);
#2749=ORIENTED_EDGE('',*,*,#1959,.T.);
#2750=ORIENTED_EDGE('',*,*,#1874,.F.);
#2751=ORIENTED_EDGE('',*,*,#1960,.T.);
#2752=ORIENTED_EDGE('',*,*,#1942,.T.);
#2753=ORIENTED_EDGE('',*,*,#1961,.T.);
#2754=ORIENTED_EDGE('',*,*,#1919,.T.);
#2755=ORIENTED_EDGE('',*,*,#1962,.F.);
#2756=ORIENTED_EDGE('',*,*,#1940,.T.);
#2757=ORIENTED_EDGE('',*,*,#1875,.F.);
#2758=ORIENTED_EDGE('',*,*,#1690,.F.);
#2759=ORIENTED_EDGE('',*,*,#1939,.F.);
#2760=ORIENTED_EDGE('',*,*,#1960,.F.);
#2761=ORIENTED_EDGE('',*,*,#1872,.F.);
#2762=ORIENTED_EDGE('',*,*,#1961,.F.);
#2763=ORIENTED_EDGE('',*,*,#1947,.F.);
#2764=ORIENTED_EDGE('',*,*,#1958,.F.);
#2765=ORIENTED_EDGE('',*,*,#1862,.F.);
#2766=ORIENTED_EDGE('',*,*,#1963,.T.);
#2767=ORIENTED_EDGE('',*,*,#1955,.T.);
#2768=ORIENTED_EDGE('',*,*,#1964,.T.);
#2769=ORIENTED_EDGE('',*,*,#1864,.F.);
#2770=ORIENTED_EDGE('',*,*,#1957,.F.);
#2771=ORIENTED_EDGE('',*,*,#1953,.F.);
#2772=ORIENTED_EDGE('',*,*,#1963,.F.);
#2773=ORIENTED_EDGE('',*,*,#1965,.F.);
#2774=ORIENTED_EDGE('',*,*,#1966,.F.);
#2775=ORIENTED_EDGE('',*,*,#1967,.F.);
#2776=ORIENTED_EDGE('',*,*,#1968,.F.);
#2777=ORIENTED_EDGE('',*,*,#1542,.F.);
#2778=ORIENTED_EDGE('',*,*,#1969,.F.);
#2779=ORIENTED_EDGE('',*,*,#1970,.F.);
#2780=ORIENTED_EDGE('',*,*,#1934,.F.);
#2781=ORIENTED_EDGE('',*,*,#1574,.F.);
#2782=ORIENTED_EDGE('',*,*,#1971,.F.);
#2783=ORIENTED_EDGE('',*,*,#1937,.F.);
#2784=ORIENTED_EDGE('',*,*,#1972,.F.);
#2785=ORIENTED_EDGE('',*,*,#1954,.F.);
#2786=ORIENTED_EDGE('',*,*,#1821,.T.);
#2787=ORIENTED_EDGE('',*,*,#1967,.T.);
#2788=ORIENTED_EDGE('',*,*,#1973,.F.);
#2789=ORIENTED_EDGE('',*,*,#1974,.F.);
#2790=ORIENTED_EDGE('',*,*,#1969,.T.);
#2791=ORIENTED_EDGE('',*,*,#1975,.T.);
#2792=ORIENTED_EDGE('',*,*,#1968,.T.);
#2793=ORIENTED_EDGE('',*,*,#1820,.T.);
#2794=ORIENTED_EDGE('',*,*,#1971,.T.);
#2795=ORIENTED_EDGE('',*,*,#1912,.T.);
#2796=ORIENTED_EDGE('',*,*,#1935,.T.);
#2797=ORIENTED_EDGE('',*,*,#1970,.T.);
#2798=ORIENTED_EDGE('',*,*,#1976,.F.);
#2799=ORIENTED_EDGE('',*,*,#1973,.T.);
#2800=ORIENTED_EDGE('',*,*,#1966,.T.);
#2801=ORIENTED_EDGE('',*,*,#1977,.T.);
#2802=ORIENTED_EDGE('',*,*,#1860,.F.);
#2803=ORIENTED_EDGE('',*,*,#1964,.F.);
#2804=ORIENTED_EDGE('',*,*,#1975,.F.);
#2805=ORIENTED_EDGE('',*,*,#1541,.F.);
#2806=ORIENTED_EDGE('',*,*,#1922,.T.);
#2807=ORIENTED_EDGE('',*,*,#1941,.T.);
#2808=ORIENTED_EDGE('',*,*,#1962,.T.);
#2809=ORIENTED_EDGE('',*,*,#1868,.F.);
#2810=ORIENTED_EDGE('',*,*,#1959,.F.);
#2811=ORIENTED_EDGE('',*,*,#1951,.F.);
#2812=ORIENTED_EDGE('',*,*,#1956,.F.);
#2813=ORIENTED_EDGE('',*,*,#1915,.T.);
#2814=ORIENTED_EDGE('',*,*,#1924,.T.);
#2815=ORIENTED_EDGE('',*,*,#1925,.T.);
#2816=ORIENTED_EDGE('',*,*,#1936,.T.);
#2817=ORIENTED_EDGE('',*,*,#1976,.T.);
#2818=ORIENTED_EDGE('',*,*,#1972,.T.);
#2819=ORIENTED_EDGE('',*,*,#1974,.T.);
#2820=ORIENTED_EDGE('',*,*,#1977,.F.);
#2821=ORIENTED_EDGE('',*,*,#1965,.T.);
#2822=ORIENTED_EDGE('',*,*,#1598,.T.);
#2823=ORIENTED_EDGE('',*,*,#1694,.F.);
#2824=ORIENTED_EDGE('',*,*,#1703,.T.);
#2825=ORIENTED_EDGE('',*,*,#1708,.T.);
#2826=ORIENTED_EDGE('',*,*,#1713,.T.);
#2827=ORIENTED_EDGE('',*,*,#1978,.T.);
#2828=ORIENTED_EDGE('',*,*,#1668,.T.);
#2829=ORIENTED_EDGE('',*,*,#1979,.T.);
#2830=ORIENTED_EDGE('',*,*,#1979,.F.);
#2831=ORIENTED_EDGE('',*,*,#1667,.F.);
#2832=ORIENTED_EDGE('',*,*,#1980,.F.);
#2833=ORIENTED_EDGE('',*,*,#1714,.F.);
#2834=ORIENTED_EDGE('',*,*,#1715,.T.);
#2835=ORIENTED_EDGE('',*,*,#1980,.T.);
#2836=ORIENTED_EDGE('',*,*,#1666,.T.);
#2837=ORIENTED_EDGE('',*,*,#1701,.T.);
#2838=ORIENTED_EDGE('',*,*,#1718,.T.);
#2839=ORIENTED_EDGE('',*,*,#1981,.T.);
#2840=ORIENTED_EDGE('',*,*,#1705,.T.);
#2841=ORIENTED_EDGE('',*,*,#1982,.T.);
#2842=ORIENTED_EDGE('',*,*,#1676,.F.);
#2843=ORIENTED_EDGE('',*,*,#1669,.F.);
#2844=ORIENTED_EDGE('',*,*,#1978,.F.);
#2845=ORIENTED_EDGE('',*,*,#1719,.F.);
#2846=ORIENTED_EDGE('',*,*,#1982,.F.);
#2847=ORIENTED_EDGE('',*,*,#1704,.F.);
#2848=ORIENTED_EDGE('',*,*,#1678,.F.);
#2849=ORIENTED_EDGE('',*,*,#1682,.F.);
#2850=ORIENTED_EDGE('',*,*,#1716,.T.);
#2851=ORIENTED_EDGE('',*,*,#1699,.T.);
#2852=ORIENTED_EDGE('',*,*,#1707,.T.);
#2853=ORIENTED_EDGE('',*,*,#1983,.T.);
#2854=ORIENTED_EDGE('',*,*,#1779,.F.);
#2855=ORIENTED_EDGE('',*,*,#1984,.F.);
#2856=ORIENTED_EDGE('',*,*,#1844,.F.);
#2857=ORIENTED_EDGE('',*,*,#1786,.T.);
#2858=ORIENTED_EDGE('',*,*,#1781,.F.);
#2859=ORIENTED_EDGE('',*,*,#1785,.F.);
#2860=ORIENTED_EDGE('',*,*,#1843,.F.);
#2861=ORIENTED_EDGE('',*,*,#1984,.T.);
#2862=ORIENTED_EDGE('',*,*,#1766,.F.);
#2863=ORIENTED_EDGE('',*,*,#1852,.F.);
#2864=ORIENTED_EDGE('',*,*,#1850,.F.);
#2865=ORIENTED_EDGE('',*,*,#1773,.T.);
#2866=ORIENTED_EDGE('',*,*,#1792,.F.);
#2867=ORIENTED_EDGE('',*,*,#1811,.F.);
#2868=ORIENTED_EDGE('',*,*,#1807,.F.);
#2869=ORIENTED_EDGE('',*,*,#1799,.T.);
#2870=ORIENTED_EDGE('',*,*,#1753,.F.);
#2871=ORIENTED_EDGE('',*,*,#1985,.F.);
#2872=ORIENTED_EDGE('',*,*,#1857,.F.);
#2873=ORIENTED_EDGE('',*,*,#1760,.T.);
#2874=ORIENTED_EDGE('',*,*,#1755,.F.);
#2875=ORIENTED_EDGE('',*,*,#1759,.F.);
#2876=ORIENTED_EDGE('',*,*,#1856,.F.);
#2877=ORIENTED_EDGE('',*,*,#1985,.T.);
#2878=ORIENTED_EDGE('',*,*,#1683,.T.);
#2879=ORIENTED_EDGE('',*,*,#1603,.F.);
#2880=ORIENTED_EDGE('',*,*,#1551,.T.);
#2881=ORIENTED_EDGE('',*,*,#1986,.F.);
#2882=ORIENTED_EDGE('',*,*,#1672,.T.);
#2883=ORIENTED_EDGE('',*,*,#1550,.T.);
#2884=ORIENTED_EDGE('',*,*,#1709,.F.);
#2885=ORIENTED_EDGE('',*,*,#1673,.T.);
#2886=ORIENTED_EDGE('',*,*,#1986,.T.);
#2887=ORIENTED_EDGE('',*,*,#1981,.F.);
#2888=ORIENTED_EDGE('',*,*,#1717,.F.);
#2889=ORIENTED_EDGE('',*,*,#1983,.F.);
#2890=ORIENTED_EDGE('',*,*,#1706,.F.);
#2891=PLANE('',#3201);
#2892=PLANE('',#3209);
#2893=PLANE('',#3217);
#2894=PLANE('',#3223);
#2895=PLANE('',#3224);
#2896=PLANE('',#3226);
#2897=PLANE('',#3235);
#2898=PLANE('',#3242);
#2899=PLANE('',#3251);
#2900=PLANE('',#3258);
#2901=PLANE('',#3265);
#2902=PLANE('',#3272);
#2903=PLANE('',#3280);
#2904=PLANE('',#3283);
#2905=PLANE('',#3284);
#2906=PLANE('',#3285);
#2907=PLANE('',#3286);
#2908=PLANE('',#3287);
#2909=PLANE('',#3290);
#2910=PLANE('',#3291);
#2911=PLANE('',#3292);
#2912=PLANE('',#3293);
#2913=PLANE('',#3294);
#2914=PLANE('',#3297);
#2915=PLANE('',#3298);
#2916=PLANE('',#3302);
#2917=PLANE('',#3303);
#2918=PLANE('',#3306);
#2919=PLANE('',#3307);
#2920=PLANE('',#3311);
#2921=PLANE('',#3329);
#2922=PLANE('',#3330);
#2923=PLANE('',#3331);
#2924=PLANE('',#3332);
#2925=PLANE('',#3333);
#2926=PLANE('',#3334);
#2927=PLANE('',#3335);
#2928=PLANE('',#3336);
#2929=PLANE('',#3337);
#2930=PLANE('',#3338);
#2931=PLANE('',#3339);
#2932=PLANE('',#3340);
#2933=PLANE('',#3341);
#2934=PLANE('',#3342);
#2935=PLANE('',#3343);
#2936=PLANE('',#3344);
#2937=PLANE('',#3345);
#2938=PLANE('',#3346);
#2939=PLANE('',#3347);
#2940=PLANE('',#3348);
#2941=PLANE('',#3349);
#2942=PLANE('',#3350);
#2943=PLANE('',#3351);
#2944=PLANE('',#3352);
#2945=PLANE('',#3353);
#2946=PLANE('',#3354);
#2947=PLANE('',#3355);
#2948=PLANE('',#3356);
#2949=PLANE('',#3357);
#2950=PLANE('',#3358);
#2951=PLANE('',#3363);
#2952=PLANE('',#3364);
#2953=PLANE('',#3365);
#2954=PLANE('',#3366);
#2955=PLANE('',#3367);
#2956=PLANE('',#3368);
#2957=PLANE('',#3369);
#2958=PLANE('',#3370);
#2959=PLANE('',#3371);
#2960=PLANE('',#3372);
#2961=PLANE('',#3373);
#2962=PLANE('',#3374);
#2963=PLANE('',#3375);
#2964=PLANE('',#3376);
#2965=PLANE('',#3379);
#2966=PLANE('',#3382);
#2967=PLANE('',#3385);
#2968=PLANE('',#3388);
#2969=PLANE('',#3390);
#2970=PLANE('',#3393);
#2971=PLANE('',#3396);
#2972=PLANE('',#3399);
#2973=PLANE('',#3402);
#2974=PLANE('',#3404);
#2975=PLANE('',#3407);
#2976=PLANE('',#3410);
#2977=PLANE('',#3413);
#2978=PLANE('',#3416);
#2979=PLANE('',#3417);
#2980=PLANE('',#3429);
#2981=PLANE('',#3473);
#2982=PLANE('',#3475);
#2983=PLANE('',#3476);
#2984=PLANE('',#3478);
#2985=PLANE('',#3489);
#2986=PLANE('',#3493);
#2987=PLANE('',#3495);
#2988=PLANE('',#3498);
#2989=PLANE('',#3499);
#2990=PLANE('',#3501);
#2991=PLANE('',#3504);
#2992=PLANE('',#3506);
#2993=PLANE('',#3507);
#2994=PLANE('',#3508);
#2995=PLANE('',#3509);
#2996=PLANE('',#3510);
#2997=PLANE('',#3511);
#2998=PLANE('',#3512);
#2999=PLANE('',#3513);
#3000=PLANE('',#3514);
#3001=ADVANCED_FACE('',(#239),#2891,.T.);
#3002=ADVANCED_FACE('',(#240),#195,.F.);
#3003=ADVANCED_FACE('',(#241),#47,.F.);
#3004=ADVANCED_FACE('',(#242,#27,#28),#2892,.F.);
#3005=ADVANCED_FACE('',(#243),#2893,.T.);
#3006=ADVANCED_FACE('',(#244),#196,.F.);
#3007=ADVANCED_FACE('',(#245),#2894,.F.);
#3008=ADVANCED_FACE('',(#246),#2895,.T.);
#3009=ADVANCED_FACE('',(#247,#29,#30),#2896,.F.);
#3010=ADVANCED_FACE('',(#248),#2897,.T.);
#3011=ADVANCED_FACE('',(#249),#48,.F.);
#3012=ADVANCED_FACE('',(#250),#197,.F.);
#3013=ADVANCED_FACE('',(#251),#2898,.F.);
#3014=ADVANCED_FACE('',(#252),#198,.F.);
#3015=ADVANCED_FACE('',(#253),#199,.F.);
#3016=ADVANCED_FACE('',(#254),#2899,.F.);
#3017=ADVANCED_FACE('',(#255),#200,.F.);
#3018=ADVANCED_FACE('',(#256),#49,.F.);
#3019=ADVANCED_FACE('',(#257,#31),#2900,.T.);
#3020=ADVANCED_FACE('',(#258),#201,.F.);
#3021=ADVANCED_FACE('',(#259),#50,.F.);
#3022=ADVANCED_FACE('',(#260,#32),#2901,.T.);
#3023=ADVANCED_FACE('',(#261),#202,.F.);
#3024=ADVANCED_FACE('',(#262),#51,.F.);
#3025=ADVANCED_FACE('',(#263,#33),#2902,.T.);
#3026=ADVANCED_FACE('',(#264),#203,.F.);
#3027=ADVANCED_FACE('',(#265),#52,.F.);
#3028=ADVANCED_FACE('',(#266),#204,.F.);
#3029=ADVANCED_FACE('',(#267,#34),#2903,.T.);
#3030=ADVANCED_FACE('',(#268),#2904,.T.);
#3031=ADVANCED_FACE('',(#269),#2905,.T.);
#3032=ADVANCED_FACE('',(#270),#2906,.T.);
#3033=ADVANCED_FACE('',(#271),#2907,.F.);
#3034=ADVANCED_FACE('',(#272),#2908,.F.);
#3035=ADVANCED_FACE('',(#273),#2909,.T.);
#3036=ADVANCED_FACE('',(#274),#2910,.T.);
#3037=ADVANCED_FACE('',(#275),#2911,.T.);
#3038=ADVANCED_FACE('',(#276),#2912,.F.);
#3039=ADVANCED_FACE('',(#277),#2913,.F.);
#3040=ADVANCED_FACE('',(#278),#205,.F.);
#3041=ADVANCED_FACE('',(#279),#2914,.T.);
#3042=ADVANCED_FACE('',(#280),#2915,.T.);
#3043=ADVANCED_FACE('',(#281),#206,.F.);
#3044=ADVANCED_FACE('',(#282),#2916,.T.);
#3045=ADVANCED_FACE('',(#283),#2917,.F.);
#3046=ADVANCED_FACE('',(#284),#2918,.T.);
#3047=ADVANCED_FACE('',(#285),#2919,.T.);
#3048=ADVANCED_FACE('',(#286),#53,.F.);
#3049=ADVANCED_FACE('',(#287,#35,#36,#37,#38,#39,#40,#41,#42),#2920,.T.);
#3050=ADVANCED_FACE('',(#288),#207,.F.);
#3051=ADVANCED_FACE('',(#289),#54,.F.);
#3052=ADVANCED_FACE('',(#290),#208,.F.);
#3053=ADVANCED_FACE('',(#291),#55,.F.);
#3054=ADVANCED_FACE('',(#292),#209,.F.);
#3055=ADVANCED_FACE('',(#293),#56,.F.);
#3056=ADVANCED_FACE('',(#294),#210,.F.);
#3057=ADVANCED_FACE('',(#295),#2921,.T.);
#3058=ADVANCED_FACE('',(#296),#2922,.T.);
#3059=ADVANCED_FACE('',(#297),#2923,.T.);
#3060=ADVANCED_FACE('',(#298),#2924,.T.);
#3061=ADVANCED_FACE('',(#299),#2925,.T.);
#3062=ADVANCED_FACE('',(#300),#2926,.T.);
#3063=ADVANCED_FACE('',(#301),#2927,.T.);
#3064=ADVANCED_FACE('',(#302),#2928,.T.);
#3065=ADVANCED_FACE('',(#303),#2929,.T.);
#3066=ADVANCED_FACE('',(#304),#2930,.T.);
#3067=ADVANCED_FACE('',(#305),#2931,.T.);
#3068=ADVANCED_FACE('',(#306),#2932,.T.);
#3069=ADVANCED_FACE('',(#307),#2933,.T.);
#3070=ADVANCED_FACE('',(#308),#2934,.T.);
#3071=ADVANCED_FACE('',(#309),#2935,.T.);
#3072=ADVANCED_FACE('',(#310),#2936,.T.);
#3073=ADVANCED_FACE('',(#311),#2937,.T.);
#3074=ADVANCED_FACE('',(#312),#2938,.T.);
#3075=ADVANCED_FACE('',(#313),#2939,.T.);
#3076=ADVANCED_FACE('',(#314),#2940,.T.);
#3077=ADVANCED_FACE('',(#315),#2941,.T.);
#3078=ADVANCED_FACE('',(#316),#2942,.T.);
#3079=ADVANCED_FACE('',(#317),#2943,.T.);
#3080=ADVANCED_FACE('',(#318),#2944,.T.);
#3081=ADVANCED_FACE('',(#319),#2945,.T.);
#3082=ADVANCED_FACE('',(#320),#2946,.T.);
#3083=ADVANCED_FACE('',(#321),#2947,.T.);
#3084=ADVANCED_FACE('',(#322),#2948,.T.);
#3085=ADVANCED_FACE('',(#323),#2949,.T.);
#3086=ADVANCED_FACE('',(#324,#43,#44,#45,#46),#2950,.F.);
#3087=ADVANCED_FACE('',(#325),#2951,.T.);
#3088=ADVANCED_FACE('',(#326),#2952,.T.);
#3089=ADVANCED_FACE('',(#327),#2953,.T.);
#3090=ADVANCED_FACE('',(#328),#2954,.T.);
#3091=ADVANCED_FACE('',(#329),#2955,.T.);
#3092=ADVANCED_FACE('',(#330),#2956,.T.);
#3093=ADVANCED_FACE('',(#331),#2957,.T.);
#3094=ADVANCED_FACE('',(#332),#2958,.T.);
#3095=ADVANCED_FACE('',(#333),#2959,.T.);
#3096=ADVANCED_FACE('',(#334),#2960,.T.);
#3097=ADVANCED_FACE('',(#335),#2961,.T.);
#3098=ADVANCED_FACE('',(#336),#2962,.T.);
#3099=ADVANCED_FACE('',(#337),#2963,.T.);
#3100=ADVANCED_FACE('',(#338),#2964,.T.);
#3101=ADVANCED_FACE('',(#339),#57,.T.);
#3102=ADVANCED_FACE('',(#340),#2965,.T.);
#3103=ADVANCED_FACE('',(#341),#58,.F.);
#3104=ADVANCED_FACE('',(#342),#2966,.T.);
#3105=ADVANCED_FACE('',(#343),#59,.F.);
#3106=ADVANCED_FACE('',(#344),#2967,.T.);
#3107=ADVANCED_FACE('',(#345),#60,.T.);
#3108=ADVANCED_FACE('',(#346),#2968,.T.);
#3109=ADVANCED_FACE('',(#347),#61,.F.);
#3110=ADVANCED_FACE('',(#348),#2969,.T.);
#3111=ADVANCED_FACE('',(#349),#62,.T.);
#3112=ADVANCED_FACE('',(#350),#2970,.T.);
#3113=ADVANCED_FACE('',(#351),#63,.F.);
#3114=ADVANCED_FACE('',(#352),#2971,.T.);
#3115=ADVANCED_FACE('',(#353),#64,.F.);
#3116=ADVANCED_FACE('',(#354),#2972,.T.);
#3117=ADVANCED_FACE('',(#355),#65,.T.);
#3118=ADVANCED_FACE('',(#356),#2973,.T.);
#3119=ADVANCED_FACE('',(#357),#66,.F.);
#3120=ADVANCED_FACE('',(#358),#2974,.T.);
#3121=ADVANCED_FACE('',(#359),#211,.T.);
#3122=ADVANCED_FACE('',(#360),#2975,.T.);
#3123=ADVANCED_FACE('',(#361),#212,.F.);
#3124=ADVANCED_FACE('',(#362),#2976,.T.);
#3125=ADVANCED_FACE('',(#363),#213,.F.);
#3126=ADVANCED_FACE('',(#364),#2977,.T.);
#3127=ADVANCED_FACE('',(#365),#214,.T.);
#3128=ADVANCED_FACE('',(#366),#2978,.T.);
#3129=ADVANCED_FACE('',(#367),#2979,.T.);
#3130=ADVANCED_FACE('',(#368),#215,.F.);
#3131=ADVANCED_FACE('',(#369),#19,.F.);
#3132=ADVANCED_FACE('',(#370),#20,.F.);
#3133=ADVANCED_FACE('',(#371),#2980,.F.);
#3134=ADVANCED_FACE('',(#372),#216,.F.);
#3135=ADVANCED_FACE('',(#373),#15,.F.);
#3136=ADVANCED_FACE('',(#374),#21,.F.);
#3137=ADVANCED_FACE('',(#375),#22,.F.);
#3138=ADVANCED_FACE('',(#376),#217,.F.);
#3139=ADVANCED_FACE('',(#377),#16,.F.);
#3140=ADVANCED_FACE('',(#378),#218,.F.);
#3141=ADVANCED_FACE('',(#379),#219,.F.);
#3142=ADVANCED_FACE('',(#380),#220,.F.);
#3143=ADVANCED_FACE('',(#381),#221,.F.);
#3144=ADVANCED_FACE('',(#382),#17,.F.);
#3145=ADVANCED_FACE('',(#383),#23,.F.);
#3146=ADVANCED_FACE('',(#384),#222,.F.);
#3147=ADVANCED_FACE('',(#385),#24,.F.);
#3148=ADVANCED_FACE('',(#386),#223,.F.);
#3149=ADVANCED_FACE('',(#387),#224,.F.);
#3150=ADVANCED_FACE('',(#388),#18,.F.);
#3151=ADVANCED_FACE('',(#389),#225,.F.);
#3152=ADVANCED_FACE('',(#390),#226,.F.);
#3153=ADVANCED_FACE('',(#391),#227,.T.);
#3154=ADVANCED_FACE('',(#392),#2981,.F.);
#3155=ADVANCED_FACE('',(#393),#2982,.T.);
#3156=ADVANCED_FACE('',(#394),#2983,.T.);
#3157=ADVANCED_FACE('',(#395),#228,.T.);
#3158=ADVANCED_FACE('',(#396),#2984,.T.);
#3159=ADVANCED_FACE('',(#397),#25,.F.);
#3160=ADVANCED_FACE('',(#398),#26,.F.);
#3161=ADVANCED_FACE('',(#399),#229,.F.);
#3162=ADVANCED_FACE('',(#400),#230,.F.);
#3163=ADVANCED_FACE('',(#401),#2985,.F.);
#3164=ADVANCED_FACE('',(#402),#231,.T.);
#3165=ADVANCED_FACE('',(#403),#2986,.T.);
#3166=ADVANCED_FACE('',(#404),#232,.T.);
#3167=ADVANCED_FACE('',(#405),#2987,.T.);
#3168=ADVANCED_FACE('',(#406),#233,.T.);
#3169=ADVANCED_FACE('',(#407),#234,.T.);
#3170=ADVANCED_FACE('',(#408),#2988,.F.);
#3171=ADVANCED_FACE('',(#409),#2989,.T.);
#3172=ADVANCED_FACE('',(#410),#235,.T.);
#3173=ADVANCED_FACE('',(#411),#2990,.T.);
#3174=ADVANCED_FACE('',(#412),#236,.T.);
#3175=ADVANCED_FACE('',(#413),#237,.T.);
#3176=ADVANCED_FACE('',(#414),#2991,.T.);
#3177=ADVANCED_FACE('',(#415),#238,.T.);
#3178=ADVANCED_FACE('',(#416),#2992,.T.);
#3179=ADVANCED_FACE('',(#417),#2993,.T.);
#3180=ADVANCED_FACE('',(#418),#2994,.T.);
#3181=ADVANCED_FACE('',(#419),#2995,.T.);
#3182=ADVANCED_FACE('',(#420),#2996,.T.);
#3183=ADVANCED_FACE('',(#421),#2997,.T.);
#3184=ADVANCED_FACE('',(#422),#2998,.T.);
#3185=ADVANCED_FACE('',(#423),#2999,.T.);
#3186=ADVANCED_FACE('',(#424),#3000,.T.);
#3187=CLOSED_SHELL('',(#3001,#3002,#3003,#3004,#3005,#3006,#3007,#3008,
#3009,#3010,#3011,#3012,#3013,#3014,#3015,#3016,#3017,#3018,#3019,#3020,
#3021,#3022,#3023,#3024,#3025,#3026,#3027,#3028,#3029,#3030,#3031,#3032,
#3033,#3034,#3035,#3036,#3037,#3038,#3039,#3040,#3041,#3042,#3043,#3044,
#3045,#3046,#3047,#3048,#3049,#3050,#3051,#3052,#3053,#3054,#3055,#3056,
#3057,#3058,#3059,#3060,#3061,#3062,#3063,#3064,#3065,#3066,#3067,#3068,
#3069,#3070,#3071,#3072,#3073,#3074,#3075,#3076,#3077,#3078,#3079,#3080,
#3081,#3082,#3083,#3084,#3085,#3086,#3087,#3088,#3089,#3090,#3091,#3092,
#3093,#3094,#3095,#3096,#3097,#3098,#3099,#3100,#3101,#3102,#3103,#3104,
#3105,#3106,#3107,#3108,#3109,#3110,#3111,#3112,#3113,#3114,#3115,#3116,
#3117,#3118,#3119,#3120,#3121,#3122,#3123,#3124,#3125,#3126,#3127,#3128,
#3129,#3130,#3131,#3132,#3133,#3134,#3135,#3136,#3137,#3138,#3139,#3140,
#3141,#3142,#3143,#3144,#3145,#3146,#3147,#3148,#3149,#3150,#3151,#3152,
#3153,#3154,#3155,#3156,#3157,#3158,#3159,#3160,#3161,#3162,#3163,#3164,
#3165,#3166,#3167,#3168,#3169,#3170,#3171,#3172,#3173,#3174,#3175,#3176,
#3177,#3178,#3179,#3180,#3181,#3182,#3183,#3184,#3185,#3186));
#3188=DERIVED_UNIT_ELEMENT(#3190,1.);
#3189=DERIVED_UNIT_ELEMENT(#5473,3.);
#3190=(
MASS_UNIT()
NAMED_UNIT(*)
SI_UNIT(.KILO.,.GRAM.)
);
#3191=DERIVED_UNIT((#3188,#3189));
#3192=MEASURE_REPRESENTATION_ITEM('density measure',
POSITIVE_RATIO_MEASURE(7850.),#3191);
#3193=PROPERTY_DEFINITION_REPRESENTATION(#3198,#3195);
#3194=PROPERTY_DEFINITION_REPRESENTATION(#3199,#3196);
#3195=REPRESENTATION('material name',(#3197),#5470);
#3196=REPRESENTATION('density',(#3192),#5470);
#3197=DESCRIPTIVE_REPRESENTATION_ITEM('Steel','Steel');
#3198=PROPERTY_DEFINITION('material property','material name',#5480);
#3199=PROPERTY_DEFINITION('material property','density of part',#5480);
#3200=AXIS2_PLACEMENT_3D('placement',#4453,#3515,#3516);
#3201=AXIS2_PLACEMENT_3D('',#4454,#3517,#3518);
#3202=AXIS2_PLACEMENT_3D('',#4457,#3519,#3520);
#3203=AXIS2_PLACEMENT_3D('',#4467,#3524,#3525);
#3204=AXIS2_PLACEMENT_3D('',#4469,#3526,#3527);
#3205=AXIS2_PLACEMENT_3D('',#4473,#3529,#3530);
#3206=AXIS2_PLACEMENT_3D('',#4477,#3532,#3533);
#3207=AXIS2_PLACEMENT_3D('',#4490,#3535,#3536);
#3208=AXIS2_PLACEMENT_3D('',#4492,#3537,#3538);
#3209=AXIS2_PLACEMENT_3D('',#4494,#3540,#3541);
#3210=AXIS2_PLACEMENT_3D('',#4504,#3546,#3547);
#3211=AXIS2_PLACEMENT_3D('',#4508,#3549,#3550);
#3212=AXIS2_PLACEMENT_3D('',#4512,#3552,#3553);
#3213=AXIS2_PLACEMENT_3D('',#4516,#3555,#3556);
#3214=AXIS2_PLACEMENT_3D('',#4520,#3558,#3559);
#3215=AXIS2_PLACEMENT_3D('',#4523,#3561,#3562);
#3216=AXIS2_PLACEMENT_3D('',#4525,#3563,#3564);
#3217=AXIS2_PLACEMENT_3D('',#4526,#3565,#3566);
#3218=AXIS2_PLACEMENT_3D('',#4538,#3570,#3571);
#3219=AXIS2_PLACEMENT_3D('',#4539,#3572,#3573);
#3220=AXIS2_PLACEMENT_3D('',#4554,#3575,#3576);
#3221=AXIS2_PLACEMENT_3D('',#4558,#3578,#3579);
#3222=AXIS2_PLACEMENT_3D('',#4561,#3581,#3582);
#3223=AXIS2_PLACEMENT_3D('',#4562,#3583,#3584);
#3224=AXIS2_PLACEMENT_3D('',#4570,#3589,#3590);
#3225=AXIS2_PLACEMENT_3D('',#4573,#3591,#3592);
#3226=AXIS2_PLACEMENT_3D('',#4583,#3596,#3597);
#3227=AXIS2_PLACEMENT_3D('',#4585,#3598,#3599);
#3228=AXIS2_PLACEMENT_3D('',#4589,#3601,#3602);
#3229=AXIS2_PLACEMENT_3D('',#4593,#3604,#3605);
#3230=AXIS2_PLACEMENT_3D('',#4597,#3607,#3608);
#3231=AXIS2_PLACEMENT_3D('',#4601,#3610,#3611);
#3232=AXIS2_PLACEMENT_3D('',#4604,#3613,#3614);
#3233=AXIS2_PLACEMENT_3D('',#4611,#3618,#3619);
#3234=AXIS2_PLACEMENT_3D('',#4613,#3620,#3621);
#3235=AXIS2_PLACEMENT_3D('',#4614,#3622,#3623);
#3236=AXIS2_PLACEMENT_3D('',#4623,#3626,#3627);
#3237=AXIS2_PLACEMENT_3D('',#4624,#3628,#3629);
#3238=AXIS2_PLACEMENT_3D('',#4626,#3630,#3631);
#3239=AXIS2_PLACEMENT_3D('',#4628,#3633,#3634);
#3240=AXIS2_PLACEMENT_3D('',#4631,#3635,#3636);
#3241=AXIS2_PLACEMENT_3D('',#4647,#3639,#3640);
#3242=AXIS2_PLACEMENT_3D('',#4648,#3641,#3642);
#3243=AXIS2_PLACEMENT_3D('',#4654,#3645,#3646);
#3244=AXIS2_PLACEMENT_3D('',#4657,#3648,#3649);
#3245=AXIS2_PLACEMENT_3D('',#4658,#3650,#3651);
#3246=AXIS2_PLACEMENT_3D('',#4661,#3652,#3653);
#3247=AXIS2_PLACEMENT_3D('',#4674,#3655,#3656);
#3248=AXIS2_PLACEMENT_3D('',#4675,#3657,#3658);
#3249=AXIS2_PLACEMENT_3D('',#4678,#3659,#3660);
#3250=AXIS2_PLACEMENT_3D('',#4680,#3662,#3663);
#3251=AXIS2_PLACEMENT_3D('',#4681,#3664,#3665);
#3252=AXIS2_PLACEMENT_3D('',#4686,#3669,#3670);
#3253=AXIS2_PLACEMENT_3D('',#4689,#3671,#3672);
#3254=AXIS2_PLACEMENT_3D('',#4691,#3674,#3675);
#3255=AXIS2_PLACEMENT_3D('',#4692,#3676,#3677);
#3256=AXIS2_PLACEMENT_3D('',#4694,#3678,#3679);
#3257=AXIS2_PLACEMENT_3D('',#4697,#3681,#3682);
#3258=AXIS2_PLACEMENT_3D('',#4698,#3683,#3684);
#3259=AXIS2_PLACEMENT_3D('',#4701,#3685,#3686);
#3260=AXIS2_PLACEMENT_3D('',#4702,#3687,#3688);
#3261=AXIS2_PLACEMENT_3D('',#4703,#3689,#3690);
#3262=AXIS2_PLACEMENT_3D('',#4705,#3692,#3693);
#3263=AXIS2_PLACEMENT_3D('',#4707,#3694,#3695);
#3264=AXIS2_PLACEMENT_3D('',#4710,#3697,#3698);
#3265=AXIS2_PLACEMENT_3D('',#4711,#3699,#3700);
#3266=AXIS2_PLACEMENT_3D('',#4714,#3701,#3702);
#3267=AXIS2_PLACEMENT_3D('',#4715,#3703,#3704);
#3268=AXIS2_PLACEMENT_3D('',#4716,#3705,#3706);
#3269=AXIS2_PLACEMENT_3D('',#4718,#3708,#3709);
#3270=AXIS2_PLACEMENT_3D('',#4720,#3710,#3711);
#3271=AXIS2_PLACEMENT_3D('',#4723,#3713,#3714);
#3272=AXIS2_PLACEMENT_3D('',#4724,#3715,#3716);
#3273=AXIS2_PLACEMENT_3D('',#4727,#3717,#3718);
#3274=AXIS2_PLACEMENT_3D('',#4728,#3719,#3720);
#3275=AXIS2_PLACEMENT_3D('',#4729,#3721,#3722);
#3276=AXIS2_PLACEMENT_3D('',#4731,#3724,#3725);
#3277=AXIS2_PLACEMENT_3D('',#4733,#3726,#3727);
#3278=AXIS2_PLACEMENT_3D('',#4736,#3729,#3730);
#3279=AXIS2_PLACEMENT_3D('',#4737,#3731,#3732);
#3280=AXIS2_PLACEMENT_3D('',#4739,#3734,#3735);
#3281=AXIS2_PLACEMENT_3D('',#4742,#3736,#3737);
#3282=AXIS2_PLACEMENT_3D('',#4743,#3738,#3739);
#3283=AXIS2_PLACEMENT_3D('',#4744,#3740,#3741);
#3284=AXIS2_PLACEMENT_3D('',#4750,#3745,#3746);
#3285=AXIS2_PLACEMENT_3D('',#4758,#3751,#3752);
#3286=AXIS2_PLACEMENT_3D('',#4760,#3754,#3755);
#3287=AXIS2_PLACEMENT_3D('',#4764,#3758,#3759);
#3288=AXIS2_PLACEMENT_3D('',#4768,#3761,#3762);
#3289=AXIS2_PLACEMENT_3D('',#4772,#3764,#3765);
#3290=AXIS2_PLACEMENT_3D('',#4784,#3772,#3773);
#3291=AXIS2_PLACEMENT_3D('',#4789,#3777,#3778);
#3292=AXIS2_PLACEMENT_3D('',#4797,#3783,#3784);
#3293=AXIS2_PLACEMENT_3D('',#4799,#3786,#3787);
#3294=AXIS2_PLACEMENT_3D('',#4802,#3790,#3791);
#3295=AXIS2_PLACEMENT_3D('',#4807,#3795,#3796);
#3296=AXIS2_PLACEMENT_3D('',#4811,#3798,#3799);
#3297=AXIS2_PLACEMENT_3D('',#4813,#3801,#3802);
#3298=AXIS2_PLACEMENT_3D('',#4817,#3805,#3806);
#3299=AXIS2_PLACEMENT_3D('',#4821,#3809,#3810);
#3300=AXIS2_PLACEMENT_3D('',#4823,#3811,#3812);
#3301=AXIS2_PLACEMENT_3D('',#4826,#3814,#3815);
#3302=AXIS2_PLACEMENT_3D('',#4827,#3816,#3817);
#3303=AXIS2_PLACEMENT_3D('',#4835,#3822,#3823);
#3304=AXIS2_PLACEMENT_3D('',#4842,#3827,#3828);
#3305=AXIS2_PLACEMENT_3D('',#4845,#3830,#3831);
#3306=AXIS2_PLACEMENT_3D('',#4846,#3832,#3833);
#3307=AXIS2_PLACEMENT_3D('',#4848,#3835,#3836);
#3308=AXIS2_PLACEMENT_3D('',#4850,#3838,#3839);
#3309=AXIS2_PLACEMENT_3D('',#4852,#3840,#3841);
#3310=AXIS2_PLACEMENT_3D('',#4855,#3843,#3844);
#3311=AXIS2_PLACEMENT_3D('',#4856,#3845,#3846);
#3312=AXIS2_PLACEMENT_3D('',#4859,#3847,#3848);
#3313=AXIS2_PLACEMENT_3D('',#4862,#3850,#3851);
#3314=AXIS2_PLACEMENT_3D('',#4864,#3852,#3853);
#3315=AXIS2_PLACEMENT_3D('',#4868,#3855,#3856);
#3316=AXIS2_PLACEMENT_3D('',#4871,#3858,#3859);
#3317=AXIS2_PLACEMENT_3D('',#4873,#3860,#3861);
#3318=AXIS2_PLACEMENT_3D('',#4907,#3878,#3879);
#3319=AXIS2_PLACEMENT_3D('',#4908,#3880,#3881);
#3320=AXIS2_PLACEMENT_3D('',#4910,#3883,#3884);
#3321=AXIS2_PLACEMENT_3D('',#4913,#3886,#3887);
#3322=AXIS2_PLACEMENT_3D('',#4914,#3888,#3889);
#3323=AXIS2_PLACEMENT_3D('',#4916,#3891,#3892);
#3324=AXIS2_PLACEMENT_3D('',#4919,#3894,#3895);
#3325=AXIS2_PLACEMENT_3D('',#4920,#3896,#3897);
#3326=AXIS2_PLACEMENT_3D('',#4922,#3899,#3900);
#3327=AXIS2_PLACEMENT_3D('',#4925,#3902,#3903);
#3328=AXIS2_PLACEMENT_3D('',#4926,#3904,#3905);
#3329=AXIS2_PLACEMENT_3D('',#4928,#3907,#3908);
#3330=AXIS2_PLACEMENT_3D('',#4934,#3912,#3913);
#3331=AXIS2_PLACEMENT_3D('',#4938,#3916,#3917);
#3332=AXIS2_PLACEMENT_3D('',#4942,#3920,#3921);
#3333=AXIS2_PLACEMENT_3D('',#4944,#3923,#3924);
#3334=AXIS2_PLACEMENT_3D('',#4950,#3928,#3929);
#3335=AXIS2_PLACEMENT_3D('',#4954,#3932,#3933);
#3336=AXIS2_PLACEMENT_3D('',#4960,#3937,#3938);
#3337=AXIS2_PLACEMENT_3D('',#4964,#3941,#3942);
#3338=AXIS2_PLACEMENT_3D('',#4968,#3945,#3946);
#3339=AXIS2_PLACEMENT_3D('',#4970,#3948,#3949);
#3340=AXIS2_PLACEMENT_3D('',#4976,#3953,#3954);
#3341=AXIS2_PLACEMENT_3D('',#4980,#3957,#3958);
#3342=AXIS2_PLACEMENT_3D('',#4986,#3962,#3963);
#3343=AXIS2_PLACEMENT_3D('',#4990,#3966,#3967);
#3344=AXIS2_PLACEMENT_3D('',#4994,#3970,#3971);
#3345=AXIS2_PLACEMENT_3D('',#4996,#3973,#3974);
#3346=AXIS2_PLACEMENT_3D('',#5002,#3978,#3979);
#3347=AXIS2_PLACEMENT_3D('',#5006,#3982,#3983);
#3348=AXIS2_PLACEMENT_3D('',#5012,#3987,#3988);
#3349=AXIS2_PLACEMENT_3D('',#5016,#3991,#3992);
#3350=AXIS2_PLACEMENT_3D('',#5020,#3995,#3996);
#3351=AXIS2_PLACEMENT_3D('',#5022,#3998,#3999);
#3352=AXIS2_PLACEMENT_3D('',#5028,#4003,#4004);
#3353=AXIS2_PLACEMENT_3D('',#5032,#4007,#4008);
#3354=AXIS2_PLACEMENT_3D('',#5040,#4013,#4014);
#3355=AXIS2_PLACEMENT_3D('',#5045,#4018,#4019);
#3356=AXIS2_PLACEMENT_3D('',#5049,#4022,#4023);
#3357=AXIS2_PLACEMENT_3D('',#5051,#4025,#4026);
#3358=AXIS2_PLACEMENT_3D('',#5053,#4028,#4029);
#3359=AXIS2_PLACEMENT_3D('',#5060,#4032,#4033);
#3360=AXIS2_PLACEMENT_3D('',#5068,#4037,#4038);
#3361=AXIS2_PLACEMENT_3D('',#5076,#4042,#4043);
#3362=AXIS2_PLACEMENT_3D('',#5084,#4047,#4048);
#3363=AXIS2_PLACEMENT_3D('',#5110,#4062,#4063);
#3364=AXIS2_PLACEMENT_3D('',#5113,#4066,#4067);
#3365=AXIS2_PLACEMENT_3D('',#5117,#4070,#4071);
#3366=AXIS2_PLACEMENT_3D('',#5120,#4074,#4075);
#3367=AXIS2_PLACEMENT_3D('',#5121,#4076,#4077);
#3368=AXIS2_PLACEMENT_3D('',#5126,#4081,#4082);
#3369=AXIS2_PLACEMENT_3D('',#5129,#4085,#4086);
#3370=AXIS2_PLACEMENT_3D('',#5131,#4088,#4089);
#3371=AXIS2_PLACEMENT_3D('',#5132,#4090,#4091);
#3372=AXIS2_PLACEMENT_3D('',#5134,#4093,#4094);
#3373=AXIS2_PLACEMENT_3D('',#5137,#4097,#4098);
#3374=AXIS2_PLACEMENT_3D('',#5141,#4101,#4102);
#3375=AXIS2_PLACEMENT_3D('',#5144,#4105,#4106);
#3376=AXIS2_PLACEMENT_3D('',#5145,#4107,#4108);
#3377=AXIS2_PLACEMENT_3D('',#5149,#4111,#4112);
#3378=AXIS2_PLACEMENT_3D('',#5152,#4114,#4115);
#3379=AXIS2_PLACEMENT_3D('',#5153,#4116,#4117);
#3380=AXIS2_PLACEMENT_3D('',#5157,#4120,#4121);
#3381=AXIS2_PLACEMENT_3D('',#5160,#4123,#4124);
#3382=AXIS2_PLACEMENT_3D('',#5161,#4125,#4126);
#3383=AXIS2_PLACEMENT_3D('',#5165,#4129,#4130);
#3384=AXIS2_PLACEMENT_3D('',#5168,#4132,#4133);
#3385=AXIS2_PLACEMENT_3D('',#5169,#4134,#4135);
#3386=AXIS2_PLACEMENT_3D('',#5173,#4138,#4139);
#3387=AXIS2_PLACEMENT_3D('',#5176,#4141,#4142);
#3388=AXIS2_PLACEMENT_3D('',#5177,#4143,#4144);
#3389=AXIS2_PLACEMENT_3D('',#5179,#4146,#4147);
#3390=AXIS2_PLACEMENT_3D('',#5181,#4149,#4150);
#3391=AXIS2_PLACEMENT_3D('',#5185,#4153,#4154);
#3392=AXIS2_PLACEMENT_3D('',#5188,#4156,#4157);
#3393=AXIS2_PLACEMENT_3D('',#5189,#4158,#4159);
#3394=AXIS2_PLACEMENT_3D('',#5193,#4162,#4163);
#3395=AXIS2_PLACEMENT_3D('',#5196,#4165,#4166);
#3396=AXIS2_PLACEMENT_3D('',#5197,#4167,#4168);
#3397=AXIS2_PLACEMENT_3D('',#5201,#4171,#4172);
#3398=AXIS2_PLACEMENT_3D('',#5204,#4174,#4175);
#3399=AXIS2_PLACEMENT_3D('',#5205,#4176,#4177);
#3400=AXIS2_PLACEMENT_3D('',#5209,#4180,#4181);
#3401=AXIS2_PLACEMENT_3D('',#5212,#4183,#4184);
#3402=AXIS2_PLACEMENT_3D('',#5213,#4185,#4186);
#3403=AXIS2_PLACEMENT_3D('',#5216,#4189,#4190);
#3404=AXIS2_PLACEMENT_3D('',#5217,#4191,#4192);
#3405=AXIS2_PLACEMENT_3D('',#5221,#4195,#4196);
#3406=AXIS2_PLACEMENT_3D('',#5224,#4198,#4199);
#3407=AXIS2_PLACEMENT_3D('',#5225,#4200,#4201);
#3408=AXIS2_PLACEMENT_3D('',#5229,#4204,#4205);
#3409=AXIS2_PLACEMENT_3D('',#5232,#4207,#4208);
#3410=AXIS2_PLACEMENT_3D('',#5233,#4209,#4210);
#3411=AXIS2_PLACEMENT_3D('',#5237,#4213,#4214);
#3412=AXIS2_PLACEMENT_3D('',#5240,#4216,#4217);
#3413=AXIS2_PLACEMENT_3D('',#5241,#4218,#4219);
#3414=AXIS2_PLACEMENT_3D('',#5245,#4222,#4223);
#3415=AXIS2_PLACEMENT_3D('',#5248,#4225,#4226);
#3416=AXIS2_PLACEMENT_3D('',#5249,#4227,#4228);
#3417=AXIS2_PLACEMENT_3D('',#5251,#4230,#4231);
#3418=AXIS2_PLACEMENT_3D('',#5253,#4233,#4234);
#3419=AXIS2_PLACEMENT_3D('',#5254,#4235,#4236);
#3420=AXIS2_PLACEMENT_3D('',#5255,#4237,#4238);
#3421=AXIS2_PLACEMENT_3D('',#5256,#4239,#4240);
#3422=AXIS2_PLACEMENT_3D('',#5265,#4241,#4242);
#3423=AXIS2_PLACEMENT_3D('',#5267,#4243,#4244);
#3424=AXIS2_PLACEMENT_3D('',#5268,#4245,#4246);
#3425=AXIS2_PLACEMENT_3D('',#5269,#4247,#4248);
#3426=AXIS2_PLACEMENT_3D('',#5272,#4249,#4250);
#3427=AXIS2_PLACEMENT_3D('',#5273,#4251,#4252);
#3428=AXIS2_PLACEMENT_3D('',#5275,#4253,#4254);
#3429=AXIS2_PLACEMENT_3D('',#5282,#4255,#4256);
#3430=AXIS2_PLACEMENT_3D('',#5285,#4258,#4259);
#3431=AXIS2_PLACEMENT_3D('',#5286,#4260,#4261);
#3432=AXIS2_PLACEMENT_3D('',#5298,#4262,#4263);
#3433=AXIS2_PLACEMENT_3D('',#5299,#4264,#4265);
#3434=AXIS2_PLACEMENT_3D('',#5300,#4266,#4267);
#3435=AXIS2_PLACEMENT_3D('',#5301,#4268,#4269);
#3436=AXIS2_PLACEMENT_3D('',#5302,#4270,#4271);
#3437=AXIS2_PLACEMENT_3D('',#5303,#4272,#4273);
#3438=AXIS2_PLACEMENT_3D('',#5304,#4274,#4275);
#3439=AXIS2_PLACEMENT_3D('',#5305,#4276,#4277);
#3440=AXIS2_PLACEMENT_3D('',#5306,#4278,#4279);
#3441=AXIS2_PLACEMENT_3D('',#5307,#4280,#4281);
#3442=AXIS2_PLACEMENT_3D('',#5308,#4282,#4283);
#3443=AXIS2_PLACEMENT_3D('',#5309,#4284,#4285);
#3444=AXIS2_PLACEMENT_3D('',#5310,#4286,#4287);
#3445=AXIS2_PLACEMENT_3D('',#5311,#4288,#4289);
#3446=AXIS2_PLACEMENT_3D('',#5312,#4290,#4291);
#3447=AXIS2_PLACEMENT_3D('',#5313,#4292,#4293);
#3448=AXIS2_PLACEMENT_3D('',#5315,#4294,#4295);
#3449=AXIS2_PLACEMENT_3D('',#5330,#4297,#4298);
#3450=AXIS2_PLACEMENT_3D('',#5331,#4299,#4300);
#3451=AXIS2_PLACEMENT_3D('',#5333,#4301,#4302);
#3452=AXIS2_PLACEMENT_3D('',#5348,#4305,#4306);
#3453=AXIS2_PLACEMENT_3D('',#5350,#4307,#4308);
#3454=AXIS2_PLACEMENT_3D('',#5351,#4309,#4310);
#3455=AXIS2_PLACEMENT_3D('',#5352,#4311,#4312);
#3456=AXIS2_PLACEMENT_3D('',#5355,#4313,#4314);
#3457=AXIS2_PLACEMENT_3D('',#5356,#4315,#4316);
#3458=AXIS2_PLACEMENT_3D('',#5357,#4317,#4318);
#3459=AXIS2_PLACEMENT_3D('',#5358,#4319,#4320);
#3460=AXIS2_PLACEMENT_3D('',#5360,#4322,#4323);
#3461=AXIS2_PLACEMENT_3D('',#5363,#4324,#4325);
#3462=AXIS2_PLACEMENT_3D('',#5364,#4326,#4327);
#3463=AXIS2_PLACEMENT_3D('',#5365,#4328,#4329);
#3464=AXIS2_PLACEMENT_3D('',#5366,#4330,#4331);
#3465=AXIS2_PLACEMENT_3D('',#5368,#4333,#4334);
#3466=AXIS2_PLACEMENT_3D('',#5370,#4335,#4336);
#3467=AXIS2_PLACEMENT_3D('',#5372,#4338,#4339);
#3468=AXIS2_PLACEMENT_3D('',#5374,#4340,#4341);
#3469=AXIS2_PLACEMENT_3D('',#5375,#4342,#4343);
#3470=AXIS2_PLACEMENT_3D('',#5376,#4344,#4345);
#3471=AXIS2_PLACEMENT_3D('',#5379,#4348,#4349);
#3472=AXIS2_PLACEMENT_3D('',#5382,#4352,#4353);
#3473=AXIS2_PLACEMENT_3D('',#5385,#4356,#4357);
#3474=AXIS2_PLACEMENT_3D('',#5386,#4358,#4359);
#3475=AXIS2_PLACEMENT_3D('',#5387,#4360,#4361);
#3476=AXIS2_PLACEMENT_3D('',#5388,#4362,#4363);
#3477=AXIS2_PLACEMENT_3D('',#5389,#4364,#4365);
#3478=AXIS2_PLACEMENT_3D('',#5392,#4368,#4369);
#3479=AXIS2_PLACEMENT_3D('',#5393,#4370,#4371);
#3480=AXIS2_PLACEMENT_3D('',#5396,#4372,#4373);
#3481=AXIS2_PLACEMENT_3D('',#5404,#4374,#4375);
#3482=AXIS2_PLACEMENT_3D('',#5405,#4376,#4377);
#3483=AXIS2_PLACEMENT_3D('',#5406,#4378,#4379);
#3484=AXIS2_PLACEMENT_3D('',#5407,#4380,#4381);
#3485=AXIS2_PLACEMENT_3D('',#5409,#4382,#4383);
#3486=AXIS2_PLACEMENT_3D('',#5410,#4384,#4385);
#3487=AXIS2_PLACEMENT_3D('',#5417,#4386,#4387);
#3488=AXIS2_PLACEMENT_3D('',#5432,#4390,#4391);
#3489=AXIS2_PLACEMENT_3D('',#5433,#4392,#4393);
#3490=AXIS2_PLACEMENT_3D('',#5434,#4394,#4395);
#3491=AXIS2_PLACEMENT_3D('',#5435,#4396,#4397);
#3492=AXIS2_PLACEMENT_3D('',#5436,#4398,#4399);
#3493=AXIS2_PLACEMENT_3D('',#5437,#4400,#4401);
#3494=AXIS2_PLACEMENT_3D('',#5438,#4402,#4403);
#3495=AXIS2_PLACEMENT_3D('',#5439,#4404,#4405);
#3496=AXIS2_PLACEMENT_3D('',#5440,#4406,#4407);
#3497=AXIS2_PLACEMENT_3D('',#5441,#4408,#4409);
#3498=AXIS2_PLACEMENT_3D('',#5442,#4410,#4411);
#3499=AXIS2_PLACEMENT_3D('',#5443,#4412,#4413);
#3500=AXIS2_PLACEMENT_3D('',#5444,#4414,#4415);
#3501=AXIS2_PLACEMENT_3D('',#5447,#4418,#4419);
#3502=AXIS2_PLACEMENT_3D('',#5449,#4421,#4422);
#3503=AXIS2_PLACEMENT_3D('',#5450,#4423,#4424);
#3504=AXIS2_PLACEMENT_3D('',#5453,#4427,#4428);
#3505=AXIS2_PLACEMENT_3D('',#5454,#4429,#4430);
#3506=AXIS2_PLACEMENT_3D('',#5456,#4432,#4433);
#3507=AXIS2_PLACEMENT_3D('',#5458,#4435,#4436);
#3508=AXIS2_PLACEMENT_3D('',#5459,#4437,#4438);
#3509=AXIS2_PLACEMENT_3D('',#5460,#4439,#4440);
#3510=AXIS2_PLACEMENT_3D('',#5461,#4441,#4442);
#3511=AXIS2_PLACEMENT_3D('',#5463,#4444,#4445);
#3512=AXIS2_PLACEMENT_3D('',#5464,#4446,#4447);
#3513=AXIS2_PLACEMENT_3D('',#5466,#4449,#4450);
#3514=AXIS2_PLACEMENT_3D('',#5467,#4451,#4452);
#3515=DIRECTION('axis',(0.,0.,1.));
#3516=DIRECTION('refdir',(1.,0.,0.));
#3517=DIRECTION('center_axis',(0.,-0.707106781186548,0.707106781186547));
#3518=DIRECTION('ref_axis',(1.,0.,0.));
#3519=DIRECTION('center_axis',(0.,0.707106781186548,-0.707106781186547));
#3520=DIRECTION('ref_axis',(0.,-0.707106781186547,-0.707106781186548));
#3521=DIRECTION('',(-1.,0.,0.));
#3522=DIRECTION('',(0.,0.707106781186547,0.707106781186548));
#3523=DIRECTION('',(1.,0.,0.));
#3524=DIRECTION('center_axis',(0.,1.,0.));
#3525=DIRECTION('ref_axis',(-0.707106781186548,0.,-0.707106781186548));
#3526=DIRECTION('center_axis',(0.,1.,0.));
#3527=DIRECTION('ref_axis',(-0.707106781186548,0.,-0.707106781186548));
#3528=DIRECTION('',(0.,1.,0.));
#3529=DIRECTION('center_axis',(0.,-1.,0.));
#3530=DIRECTION('ref_axis',(0.,0.,-1.));
#3531=DIRECTION('',(0.,-1.,0.));
#3532=DIRECTION('center_axis',(0.,-1.,0.));
#3533=DIRECTION('ref_axis',(-0.707106781186548,0.,-0.707106781186548));
#3534=DIRECTION('',(0.,-1.,0.));
#3535=DIRECTION('center_axis',(0.,-1.,0.));
#3536=DIRECTION('ref_axis',(-0.707106781186547,0.,-0.707106781186547));
#3537=DIRECTION('center_axis',(0.,-1.,0.));
#3538=DIRECTION('ref_axis',(-0.707106781186547,0.,-0.707106781186547));
#3539=DIRECTION('',(0.,0.707106781186547,0.707106781186548));
#3540=DIRECTION('center_axis',(0.,1.,0.));
#3541=DIRECTION('ref_axis',(1.,0.,0.));
#3542=DIRECTION('',(0.,0.,1.));
#3543=DIRECTION('',(-1.,0.,0.));
#3544=DIRECTION('',(0.,0.,-1.));
#3545=DIRECTION('',(1.,0.,0.));
#3546=DIRECTION('center_axis',(0.,-1.,0.));
#3547=DIRECTION('ref_axis',(0.707106781186548,0.,-0.707106781186548));
#3548=DIRECTION('',(1.,0.,0.));
#3549=DIRECTION('center_axis',(0.,1.,0.));
#3550=DIRECTION('ref_axis',(-0.707106781186548,0.,0.707106781186548));
#3551=DIRECTION('',(0.,0.,1.));
#3552=DIRECTION('center_axis',(0.,-1.,0.));
#3553=DIRECTION('ref_axis',(0.707106781186547,0.,-0.707106781186547));
#3554=DIRECTION('',(1.,0.,0.));
#3555=DIRECTION('center_axis',(0.,-1.,0.));
#3556=DIRECTION('ref_axis',(-0.707106781186547,0.,-0.707106781186548));
#3557=DIRECTION('',(0.,0.,-1.));
#3558=DIRECTION('center_axis',(0.,1.,0.));
#3559=DIRECTION('ref_axis',(0.707106781186547,0.,0.707106781186548));
#3560=DIRECTION('',(1.,0.,0.));
#3561=DIRECTION('center_axis',(0.,-1.,0.));
#3562=DIRECTION('ref_axis',(1.,0.,0.));
#3563=DIRECTION('center_axis',(0.,-1.,0.));
#3564=DIRECTION('ref_axis',(1.,0.,0.));
#3565=DIRECTION('center_axis',(0.,-0.707106781186548,-0.707106781186547));
#3566=DIRECTION('ref_axis',(-1.,0.,0.));
#3567=DIRECTION('',(-1.,0.,0.));
#3568=DIRECTION('',(0.,-0.707106781186547,0.707106781186548));
#3569=DIRECTION('',(1.,0.,0.));
#3570=DIRECTION('center_axis',(0.,0.707106781186548,0.707106781186547));
#3571=DIRECTION('ref_axis',(0.,-0.707106781186547,0.707106781186548));
#3572=DIRECTION('center_axis',(0.,1.,0.));
#3573=DIRECTION('ref_axis',(-0.707106781186548,0.,0.707106781186548));
#3574=DIRECTION('',(0.,1.,0.));
#3575=DIRECTION('center_axis',(0.,-1.,0.));
#3576=DIRECTION('ref_axis',(-0.707106781186548,0.,0.707106781186548));
#3577=DIRECTION('',(0.,1.,0.));
#3578=DIRECTION('center_axis',(0.,-1.,0.));
#3579=DIRECTION('ref_axis',(-1.,0.,0.));
#3580=DIRECTION('',(0.,-1.,0.));
#3581=DIRECTION('center_axis',(0.,1.,0.));
#3582=DIRECTION('ref_axis',(-0.707106781186548,0.,0.707106781186548));
#3583=DIRECTION('center_axis',(0.,0.,1.));
#3584=DIRECTION('ref_axis',(0.,-1.,0.));
#3585=DIRECTION('',(0.,1.,0.));
#3586=DIRECTION('',(1.,0.,0.));
#3587=DIRECTION('',(0.,-1.,0.));
#3588=DIRECTION('',(-1.,0.,0.));
#3589=DIRECTION('center_axis',(0.,-0.707106781186548,-0.707106781186547));
#3590=DIRECTION('ref_axis',(-1.,0.,0.));
#3591=DIRECTION('center_axis',(0.,0.707106781186548,0.707106781186547));
#3592=DIRECTION('ref_axis',(0.,-0.707106781186547,0.707106781186548));
#3593=DIRECTION('',(1.,0.,0.));
#3594=DIRECTION('',(0.,0.707106781186547,-0.707106781186548));
#3595=DIRECTION('',(-1.,0.,0.));
#3596=DIRECTION('center_axis',(0.,1.,0.));
#3597=DIRECTION('ref_axis',(1.,0.,0.));
#3598=DIRECTION('center_axis',(0.,-1.,0.));
#3599=DIRECTION('ref_axis',(-0.707106781186548,0.,0.707106781186548));
#3600=DIRECTION('',(-1.,0.,0.));
#3601=DIRECTION('center_axis',(0.,1.,0.));
#3602=DIRECTION('ref_axis',(0.707106781186548,0.,-0.707106781186548));
#3603=DIRECTION('',(0.,0.,-1.));
#3604=DIRECTION('center_axis',(0.,-1.,0.));
#3605=DIRECTION('ref_axis',(-0.707106781186547,0.,0.707106781186548));
#3606=DIRECTION('',(-1.,0.,0.));
#3607=DIRECTION('center_axis',(0.,-1.,0.));
#3608=DIRECTION('ref_axis',(0.707106781186547,0.,0.707106781186548));
#3609=DIRECTION('',(0.,0.,1.));
#3610=DIRECTION('center_axis',(0.,1.,0.));
#3611=DIRECTION('ref_axis',(-0.707106781186548,0.,-0.707106781186548));
#3612=DIRECTION('',(-1.,0.,0.));
#3613=DIRECTION('center_axis',(0.,-1.,0.));
#3614=DIRECTION('ref_axis',(0.707106781186548,0.,0.707106781186548));
#3615=DIRECTION('',(0.,0.,-1.));
#3616=DIRECTION('',(1.,0.,0.));
#3617=DIRECTION('',(0.,0.,1.));
#3618=DIRECTION('center_axis',(0.,-1.,0.));
#3619=DIRECTION('ref_axis',(1.,0.,0.));
#3620=DIRECTION('center_axis',(0.,-1.,0.));
#3621=DIRECTION('ref_axis',(1.,0.,0.));
#3622=DIRECTION('center_axis',(0.,-0.707106781186548,0.707106781186547));
#3623=DIRECTION('ref_axis',(1.,0.,0.));
#3624=DIRECTION('',(0.,-0.707106781186547,-0.707106781186548));
#3625=DIRECTION('',(-1.,0.,0.));
#3626=DIRECTION('center_axis',(0.,0.707106781186548,-0.707106781186547));
#3627=DIRECTION('ref_axis',(0.,-0.707106781186547,-0.707106781186548));
#3628=DIRECTION('center_axis',(0.,-1.,0.));
#3629=DIRECTION('ref_axis',(0.707106781186547,0.,-0.707106781186547));
#3630=DIRECTION('center_axis',(0.,1.,0.));
#3631=DIRECTION('ref_axis',(0.707106781186548,0.,-0.707106781186548));
#3632=DIRECTION('',(0.,0.707106781186547,0.707106781186548));
#3633=DIRECTION('center_axis',(-1.,0.,0.));
#3634=DIRECTION('ref_axis',(0.,0.707106781186547,-0.707106781186548));
#3635=DIRECTION('center_axis',(0.707106781186548,-0.707106781186548,0.));
#3636=DIRECTION('ref_axis',(0.707106781186547,0.707106781186547,4.088782444489E-17));
#3637=DIRECTION('',(-1.,0.,0.));
#3638=DIRECTION('',(1.,0.,0.));
#3639=DIRECTION('center_axis',(0.707106781186549,0.,0.707106781186546));
#3640=DIRECTION('ref_axis',(0.707106781186546,0.,-0.707106781186549));
#3641=DIRECTION('center_axis',(0.,1.,0.));
#3642=DIRECTION('ref_axis',(0.,0.,1.));
#3643=DIRECTION('',(0.,0.,-1.));
#3644=DIRECTION('',(1.,0.,0.));
#3645=DIRECTION('center_axis',(0.,-1.,0.));
#3646=DIRECTION('ref_axis',(0.707106781186548,0.,0.707106781186548));
#3647=DIRECTION('',(0.,0.,1.));
#3648=DIRECTION('center_axis',(0.,-1.,0.));
#3649=DIRECTION('ref_axis',(0.707106781186548,0.,-0.707106781186548));
#3650=DIRECTION('center_axis',(1.,0.,0.));
#3651=DIRECTION('ref_axis',(0.,0.707106781186547,0.707106781186548));
#3652=DIRECTION('center_axis',(0.707106781186549,0.,-0.707106781186546));
#3653=DIRECTION('ref_axis',(0.707106781186546,0.,0.707106781186549));
#3654=DIRECTION('',(-1.,0.,0.));
#3655=DIRECTION('center_axis',(0.707106781186548,-0.707106781186548,0.));
#3656=DIRECTION('ref_axis',(0.707106781186547,0.707106781186547,-4.088782444489E-17));
#3657=DIRECTION('center_axis',(1.,0.,0.));
#3658=DIRECTION('ref_axis',(0.,0.707106781186547,0.707106781186548));
#3659=DIRECTION('center_axis',(-0.707106781186548,-0.707106781186548,0.));
#3660=DIRECTION('ref_axis',(-0.707106781186547,0.707106781186547,-4.088782444489E-17));
#3661=DIRECTION('',(1.,0.,0.));
#3662=DIRECTION('center_axis',(-0.707106781186549,0.,-0.707106781186546));
#3663=DIRECTION('ref_axis',(-0.707106781186546,0.,0.707106781186549));
#3664=DIRECTION('center_axis',(0.,1.,0.));
#3665=DIRECTION('ref_axis',(0.,0.,1.));
#3666=DIRECTION('',(0.,0.,1.));
#3667=DIRECTION('',(-1.,0.,0.));
#3668=DIRECTION('',(-9.15647855360954E-17,0.,-1.));
#3669=DIRECTION('center_axis',(-1.,0.,0.));
#3670=DIRECTION('ref_axis',(0.,0.707106781186547,-0.707106781186548));
#3671=DIRECTION('center_axis',(-0.707106781186549,0.,0.707106781186546));
#3672=DIRECTION('ref_axis',(-0.707106781186546,0.,-0.707106781186549));
#3673=DIRECTION('',(1.,0.,0.));
#3674=DIRECTION('center_axis',(-0.707106781186548,-0.707106781186548,0.));
#3675=DIRECTION('ref_axis',(-0.707106781186547,0.707106781186547,4.088782444489E-17));
#3676=DIRECTION('center_axis',(0.,1.,0.));
#3677=DIRECTION('ref_axis',(1.,0.,0.));
#3678=DIRECTION('center_axis',(0.,1.,0.));
#3679=DIRECTION('ref_axis',(1.,0.,0.));
#3680=DIRECTION('',(0.707106781186547,-0.707106781186547,-8.65956056235493E-17));
#3681=DIRECTION('center_axis',(0.,-1.,0.));
#3682=DIRECTION('ref_axis',(1.,0.,0.));
#3683=DIRECTION('center_axis',(0.,1.,0.));
#3684=DIRECTION('ref_axis',(1.,0.,0.));
#3685=DIRECTION('center_axis',(0.,-1.,0.));
#3686=DIRECTION('ref_axis',(1.,0.,0.));
#3687=DIRECTION('center_axis',(0.,-1.,0.));
#3688=DIRECTION('ref_axis',(1.,0.,0.));
#3689=DIRECTION('center_axis',(0.,1.,0.));
#3690=DIRECTION('ref_axis',(1.,0.,0.));
#3691=DIRECTION('',(0.,-1.,0.));
#3692=DIRECTION('center_axis',(0.,1.,0.));
#3693=DIRECTION('ref_axis',(1.,0.,0.));
#3694=DIRECTION('center_axis',(0.,1.,0.));
#3695=DIRECTION('ref_axis',(1.,0.,0.));
#3696=DIRECTION('',(0.707106781186547,-0.707106781186547,-8.65956056235493E-17));
#3697=DIRECTION('center_axis',(0.,-1.,0.));
#3698=DIRECTION('ref_axis',(1.,0.,0.));
#3699=DIRECTION('center_axis',(0.,1.,0.));
#3700=DIRECTION('ref_axis',(1.,0.,0.));
#3701=DIRECTION('center_axis',(0.,-1.,0.));
#3702=DIRECTION('ref_axis',(1.,0.,0.));
#3703=DIRECTION('center_axis',(0.,-1.,0.));
#3704=DIRECTION('ref_axis',(1.,0.,0.));
#3705=DIRECTION('center_axis',(0.,1.,0.));
#3706=DIRECTION('ref_axis',(1.,0.,0.));
#3707=DIRECTION('',(0.,-1.,0.));
#3708=DIRECTION('center_axis',(0.,1.,0.));
#3709=DIRECTION('ref_axis',(1.,0.,0.));
#3710=DIRECTION('center_axis',(0.,1.,0.));
#3711=DIRECTION('ref_axis',(1.,0.,0.));
#3712=DIRECTION('',(0.707106781186547,-0.707106781186547,-8.65956056235493E-17));
#3713=DIRECTION('center_axis',(0.,-1.,0.));
#3714=DIRECTION('ref_axis',(1.,0.,0.));
#3715=DIRECTION('center_axis',(0.,1.,0.));
#3716=DIRECTION('ref_axis',(1.,0.,0.));
#3717=DIRECTION('center_axis',(0.,-1.,0.));
#3718=DIRECTION('ref_axis',(1.,0.,0.));
#3719=DIRECTION('center_axis',(0.,-1.,0.));
#3720=DIRECTION('ref_axis',(1.,0.,0.));
#3721=DIRECTION('center_axis',(0.,1.,0.));
#3722=DIRECTION('ref_axis',(1.,0.,0.));
#3723=DIRECTION('',(0.,-1.,0.));
#3724=DIRECTION('center_axis',(0.,1.,0.));
#3725=DIRECTION('ref_axis',(1.,0.,0.));
#3726=DIRECTION('center_axis',(0.,1.,0.));
#3727=DIRECTION('ref_axis',(1.,0.,0.));
#3728=DIRECTION('',(0.707106781186547,-0.707106781186547,-8.65956056235493E-17));
#3729=DIRECTION('center_axis',(0.,-1.,0.));
#3730=DIRECTION('ref_axis',(1.,0.,0.));
#3731=DIRECTION('center_axis',(0.,1.,0.));
#3732=DIRECTION('ref_axis',(1.,0.,0.));
#3733=DIRECTION('',(0.,-1.,0.));
#3734=DIRECTION('center_axis',(0.,1.,0.));
#3735=DIRECTION('ref_axis',(1.,0.,0.));
#3736=DIRECTION('center_axis',(0.,-1.,0.));
#3737=DIRECTION('ref_axis',(1.,0.,0.));
#3738=DIRECTION('center_axis',(0.,-1.,0.));
#3739=DIRECTION('ref_axis',(1.,0.,0.));
#3740=DIRECTION('center_axis',(-0.707106781186549,0.,-0.707106781186546));
#3741=DIRECTION('ref_axis',(-0.707106781186546,0.,0.707106781186549));
#3742=DIRECTION('',(-0.707106781186546,0.,0.707106781186549));
#3743=DIRECTION('',(0.,1.,0.));
#3744=DIRECTION('',(0.577350269189625,-0.577350269189625,-0.577350269189628));
#3745=DIRECTION('center_axis',(-0.707106781186549,0.,0.707106781186546));
#3746=DIRECTION('ref_axis',(0.707106781186546,0.,0.707106781186549));
#3747=DIRECTION('',(0.,-1.,0.));
#3748=DIRECTION('',(0.707106781186546,0.,0.707106781186549));
#3749=DIRECTION('',(0.,1.,0.));
#3750=DIRECTION('',(-0.577350269189625,0.577350269189625,-0.577350269189628));
#3751=DIRECTION('center_axis',(-0.707106781186548,-0.707106781186548,0.));
#3752=DIRECTION('ref_axis',(0.,0.,1.));
#3753=DIRECTION('',(0.,0.,-1.));
#3754=DIRECTION('center_axis',(0.,0.,-1.));
#3755=DIRECTION('ref_axis',(0.,1.,0.));
#3756=DIRECTION('',(-1.,0.,0.));
#3757=DIRECTION('',(0.,-1.,0.));
#3758=DIRECTION('center_axis',(0.,1.,0.));
#3759=DIRECTION('ref_axis',(1.,0.,0.));
#3760=DIRECTION('',(0.,0.,-1.));
#3761=DIRECTION('center_axis',(0.,1.,0.));
#3762=DIRECTION('ref_axis',(-0.707106781186548,0.,-0.707106781186548));
#3763=DIRECTION('',(1.,0.,0.));
#3764=DIRECTION('center_axis',(0.,1.,0.));
#3765=DIRECTION('ref_axis',(0.707106781186548,0.,-0.707106781186548));
#3766=DIRECTION('',(0.,0.,1.));
#3767=DIRECTION('',(0.707106781186546,0.,-0.707106781186549));
#3768=DIRECTION('',(-1.,0.,0.));
#3769=DIRECTION('',(0.,0.,1.));
#3770=DIRECTION('',(1.,0.,0.));
#3771=DIRECTION('',(0.,0.,-1.));
#3772=DIRECTION('center_axis',(0.707106781186549,0.,0.707106781186546));
#3773=DIRECTION('ref_axis',(0.707106781186546,0.,-0.707106781186549));
#3774=DIRECTION('',(0.,-1.,0.));
#3775=DIRECTION('',(0.,1.,0.));
#3776=DIRECTION('',(-0.577350269189625,-0.577350269189625,0.577350269189628));
#3777=DIRECTION('center_axis',(0.707106781186549,0.,-0.707106781186546));
#3778=DIRECTION('ref_axis',(-0.707106781186546,0.,-0.707106781186549));
#3779=DIRECTION('',(0.,-1.,0.));
#3780=DIRECTION('',(-0.707106781186546,0.,-0.707106781186549));
#3781=DIRECTION('',(0.,1.,0.));
#3782=DIRECTION('',(0.577350269189625,0.577350269189625,0.577350269189628));
#3783=DIRECTION('center_axis',(0.707106781186548,-0.707106781186548,0.));
#3784=DIRECTION('ref_axis',(0.,0.,-1.));
#3785=DIRECTION('',(0.,0.,1.));
#3786=DIRECTION('center_axis',(0.,0.,-1.));
#3787=DIRECTION('ref_axis',(0.,1.,0.));
#3788=DIRECTION('',(0.,1.,0.));
#3789=DIRECTION('',(0.,1.,0.));
#3790=DIRECTION('center_axis',(0.,0.,1.));
#3791=DIRECTION('ref_axis',(0.,-1.,0.));
#3792=DIRECTION('',(0.,-1.,0.));
#3793=DIRECTION('',(1.,0.,0.));
#3794=DIRECTION('',(0.,-1.,0.));
#3795=DIRECTION('center_axis',(0.,1.,0.));
#3796=DIRECTION('ref_axis',(0.707106781186548,0.,-0.707106781186548));
#3797=DIRECTION('',(0.,1.,0.));
#3798=DIRECTION('center_axis',(0.,1.,0.));
#3799=DIRECTION('ref_axis',(1.,0.,0.));
#3800=DIRECTION('',(0.,-1.,0.));
#3801=DIRECTION('center_axis',(-1.,0.,0.));
#3802=DIRECTION('ref_axis',(0.,0.,1.));
#3803=DIRECTION('',(0.,-1.,0.));
#3804=DIRECTION('',(0.,0.,1.));
#3805=DIRECTION('center_axis',(-1.,0.,0.));
#3806=DIRECTION('ref_axis',(0.,0.,1.));
#3807=DIRECTION('',(0.,0.,1.));
#3808=DIRECTION('',(0.,1.,0.));
#3809=DIRECTION('center_axis',(0.,1.,0.));
#3810=DIRECTION('ref_axis',(0.707106781186548,0.,0.707106781186548));
#3811=DIRECTION('center_axis',(0.,1.,0.));
#3812=DIRECTION('ref_axis',(0.707106781186548,0.,0.707106781186548));
#3813=DIRECTION('',(0.,1.,0.));
#3814=DIRECTION('center_axis',(0.,1.,0.));
#3815=DIRECTION('ref_axis',(0.,0.,1.));
#3816=DIRECTION('center_axis',(-1.,0.,0.));
#3817=DIRECTION('ref_axis',(0.,0.,1.));
#3818=DIRECTION('',(0.,0.,-1.));
#3819=DIRECTION('',(0.,-1.,0.));
#3820=DIRECTION('',(0.,0.,1.));
#3821=DIRECTION('',(0.,1.,0.));
#3822=DIRECTION('center_axis',(0.,1.,0.));
#3823=DIRECTION('ref_axis',(1.,0.,0.));
#3824=DIRECTION('',(0.,0.,-1.));
#3825=DIRECTION('',(-1.,0.,0.));
#3826=DIRECTION('',(0.,0.,1.));
#3827=DIRECTION('center_axis',(0.,1.,0.));
#3828=DIRECTION('ref_axis',(0.707106781186548,0.,0.707106781186548));
#3829=DIRECTION('',(-1.,0.,0.));
#3830=DIRECTION('center_axis',(0.,1.,0.));
#3831=DIRECTION('ref_axis',(-0.707106781186548,0.,0.707106781186548));
#3832=DIRECTION('center_axis',(1.,0.,0.));
#3833=DIRECTION('ref_axis',(0.,0.,-1.));
#3834=DIRECTION('',(0.,1.,0.));
#3835=DIRECTION('center_axis',(1.,0.,0.));
#3836=DIRECTION('ref_axis',(0.,0.,-1.));
#3837=DIRECTION('',(0.,1.,0.));
#3838=DIRECTION('center_axis',(0.,1.,0.));
#3839=DIRECTION('ref_axis',(1.,0.,0.));
#3840=DIRECTION('center_axis',(0.,1.,0.));
#3841=DIRECTION('ref_axis',(1.,0.,0.));
#3842=DIRECTION('',(0.707106781186547,-0.707106781186547,-8.65956056235493E-17));
#3843=DIRECTION('center_axis',(0.,-1.,0.));
#3844=DIRECTION('ref_axis',(1.,0.,0.));
#3845=DIRECTION('center_axis',(0.,1.,0.));
#3846=DIRECTION('ref_axis',(0.,0.,1.));
#3847=DIRECTION('center_axis',(0.,-1.,0.));
#3848=DIRECTION('ref_axis',(0.707106781186548,0.,-0.707106781186548));
#3849=DIRECTION('',(-1.,0.,0.));
#3850=DIRECTION('center_axis',(0.,-1.,0.));
#3851=DIRECTION('ref_axis',(-0.707106781186548,0.,-0.707106781186548));
#3852=DIRECTION('center_axis',(0.,-1.,0.));
#3853=DIRECTION('ref_axis',(-0.707106781186548,0.,0.707106781186548));
#3854=DIRECTION('',(1.,0.,0.));
#3855=DIRECTION('center_axis',(0.,-1.,0.));
#3856=DIRECTION('ref_axis',(0.707106781186548,0.,0.707106781186548));
#3857=DIRECTION('',(0.,0.,-1.));
#3858=DIRECTION('center_axis',(0.,1.,0.));
#3859=DIRECTION('ref_axis',(1.,0.,0.));
#3860=DIRECTION('center_axis',(0.,1.,0.));
#3861=DIRECTION('ref_axis',(1.,0.,0.));
#3862=DIRECTION('',(1.,0.,0.));
#3863=DIRECTION('',(0.,0.,1.));
#3864=DIRECTION('',(-1.,0.,0.));
#3865=DIRECTION('',(0.,0.,-1.));
#3866=DIRECTION('',(1.,0.,0.));
#3867=DIRECTION('',(0.,0.,1.));
#3868=DIRECTION('',(-1.,0.,0.));
#3869=DIRECTION('',(0.,0.,-1.));
#3870=DIRECTION('',(0.,0.,1.));
#3871=DIRECTION('',(-1.,0.,0.));
#3872=DIRECTION('',(0.,0.,-1.));
#3873=DIRECTION('',(1.,0.,0.));
#3874=DIRECTION('',(0.,0.,1.));
#3875=DIRECTION('',(-1.,0.,0.));
#3876=DIRECTION('',(0.,0.,-1.));
#3877=DIRECTION('',(1.,0.,0.));
#3878=DIRECTION('center_axis',(0.,1.,0.));
#3879=DIRECTION('ref_axis',(1.,0.,0.));
#3880=DIRECTION('center_axis',(0.,1.,0.));
#3881=DIRECTION('ref_axis',(1.,0.,0.));
#3882=DIRECTION('',(0.,-1.,0.));
#3883=DIRECTION('center_axis',(0.,1.,0.));
#3884=DIRECTION('ref_axis',(1.,0.,0.));
#3885=DIRECTION('',(0.707106781186547,-0.707106781186547,-8.65956056235493E-17));
#3886=DIRECTION('center_axis',(0.,-1.,0.));
#3887=DIRECTION('ref_axis',(1.,0.,0.));
#3888=DIRECTION('center_axis',(0.,1.,0.));
#3889=DIRECTION('ref_axis',(1.,0.,0.));
#3890=DIRECTION('',(0.,-1.,0.));
#3891=DIRECTION('center_axis',(0.,1.,0.));
#3892=DIRECTION('ref_axis',(1.,0.,0.));
#3893=DIRECTION('',(0.707106781186548,-0.707106781186548,-8.65956056235493E-17));
#3894=DIRECTION('center_axis',(0.,-1.,0.));
#3895=DIRECTION('ref_axis',(1.,0.,0.));
#3896=DIRECTION('center_axis',(0.,1.,0.));
#3897=DIRECTION('ref_axis',(1.,0.,0.));
#3898=DIRECTION('',(0.,-1.,0.));
#3899=DIRECTION('center_axis',(0.,1.,0.));
#3900=DIRECTION('ref_axis',(1.,0.,0.));
#3901=DIRECTION('',(0.707106781186547,-0.707106781186547,-8.65956056235493E-17));
#3902=DIRECTION('center_axis',(0.,-1.,0.));
#3903=DIRECTION('ref_axis',(1.,0.,0.));
#3904=DIRECTION('center_axis',(0.,1.,0.));
#3905=DIRECTION('ref_axis',(1.,0.,0.));
#3906=DIRECTION('',(0.,-1.,0.));
#3907=DIRECTION('center_axis',(0.707106781186546,0.707106781186549,0.));
#3908=DIRECTION('ref_axis',(0.,0.,-1.));
#3909=DIRECTION('',(0.577350269189627,-0.577350269189624,-0.577350269189627));
#3910=DIRECTION('',(0.,0.,-1.));
#3911=DIRECTION('',(0.577350269189627,-0.577350269189624,0.577350269189627));
#3912=DIRECTION('center_axis',(0.,0.70710678118655,-0.707106781186546));
#3913=DIRECTION('ref_axis',(-1.,0.,0.));
#3914=DIRECTION('',(-0.577350269189626,-0.577350269189624,-0.577350269189627));
#3915=DIRECTION('',(-1.,0.,0.));
#3916=DIRECTION('center_axis',(-0.707106781186546,0.707106781186549,0.));
#3917=DIRECTION('ref_axis',(0.,0.,1.));
#3918=DIRECTION('',(-0.577350269189626,-0.577350269189624,0.577350269189627));
#3919=DIRECTION('',(0.,0.,1.));
#3920=DIRECTION('center_axis',(0.,0.70710678118655,0.707106781186546));
#3921=DIRECTION('ref_axis',(1.,0.,0.));
#3922=DIRECTION('',(1.,0.,0.));
#3923=DIRECTION('center_axis',(0.,0.,1.));
#3924=DIRECTION('ref_axis',(1.,0.,0.));
#3925=DIRECTION('',(0.,1.,0.));
#3926=DIRECTION('',(-1.,0.,0.));
#3927=DIRECTION('',(0.,1.,0.));
#3928=DIRECTION('center_axis',(1.,0.,0.));
#3929=DIRECTION('ref_axis',(0.,0.,-1.));
#3930=DIRECTION('',(0.,1.,0.));
#3931=DIRECTION('',(0.,0.,1.));
#3932=DIRECTION('center_axis',(0.,0.707106781186549,-0.707106781186546));
#3933=DIRECTION('ref_axis',(-1.,0.,0.));
#3934=DIRECTION('',(-0.577350269189626,-0.577350269189624,-0.577350269189627));
#3935=DIRECTION('',(-1.,0.,0.));
#3936=DIRECTION('',(0.577350269189627,-0.577350269189624,-0.577350269189627));
#3937=DIRECTION('center_axis',(-0.707106781186546,0.707106781186549,0.));
#3938=DIRECTION('ref_axis',(0.,0.,1.));
#3939=DIRECTION('',(-0.577350269189626,-0.577350269189624,0.577350269189627));
#3940=DIRECTION('',(0.,0.,1.));
#3941=DIRECTION('center_axis',(0.,0.707106781186549,0.707106781186546));
#3942=DIRECTION('ref_axis',(1.,0.,0.));
#3943=DIRECTION('',(0.577350269189627,-0.577350269189624,0.577350269189627));
#3944=DIRECTION('',(1.,0.,0.));
#3945=DIRECTION('center_axis',(0.707106781186546,0.707106781186549,0.));
#3946=DIRECTION('ref_axis',(0.,0.,-1.));
#3947=DIRECTION('',(0.,0.,-1.));
#3948=DIRECTION('center_axis',(1.,0.,0.));
#3949=DIRECTION('ref_axis',(0.,0.,-1.));
#3950=DIRECTION('',(0.,1.,0.));
#3951=DIRECTION('',(0.,0.,1.));
#3952=DIRECTION('',(0.,1.,0.));
#3953=DIRECTION('center_axis',(0.,0.,-1.));
#3954=DIRECTION('ref_axis',(-1.,0.,0.));
#3955=DIRECTION('',(0.,1.,0.));
#3956=DIRECTION('',(1.,0.,0.));
#3957=DIRECTION('center_axis',(0.707106781186546,0.707106781186549,0.));
#3958=DIRECTION('ref_axis',(0.,0.,-1.));
#3959=DIRECTION('',(0.577350269189627,-0.577350269189624,-0.577350269189627));
#3960=DIRECTION('',(0.,0.,-1.));
#3961=DIRECTION('',(0.577350269189627,-0.577350269189624,0.577350269189627));
#3962=DIRECTION('center_axis',(0.,0.70710678118655,-0.707106781186546));
#3963=DIRECTION('ref_axis',(-1.,0.,0.));
#3964=DIRECTION('',(-0.577350269189626,-0.577350269189624,-0.577350269189627));
#3965=DIRECTION('',(-1.,0.,0.));
#3966=DIRECTION('center_axis',(-0.707106781186546,0.707106781186549,0.));
#3967=DIRECTION('ref_axis',(0.,0.,1.));
#3968=DIRECTION('',(-0.577350269189626,-0.577350269189624,0.577350269189627));
#3969=DIRECTION('',(0.,0.,1.));
#3970=DIRECTION('center_axis',(0.,0.70710678118655,0.707106781186546));
#3971=DIRECTION('ref_axis',(1.,0.,0.));
#3972=DIRECTION('',(1.,0.,0.));
#3973=DIRECTION('center_axis',(0.,0.,1.));
#3974=DIRECTION('ref_axis',(1.,0.,0.));
#3975=DIRECTION('',(0.,1.,0.));
#3976=DIRECTION('',(-1.,0.,0.));
#3977=DIRECTION('',(0.,1.,0.));
#3978=DIRECTION('center_axis',(1.,0.,0.));
#3979=DIRECTION('ref_axis',(0.,0.,-1.));
#3980=DIRECTION('',(0.,1.,0.));
#3981=DIRECTION('',(0.,0.,1.));
#3982=DIRECTION('center_axis',(0.,0.70710678118655,-0.707106781186546));
#3983=DIRECTION('ref_axis',(-1.,0.,0.));
#3984=DIRECTION('',(-0.577350269189627,-0.577350269189624,-0.577350269189627));
#3985=DIRECTION('',(-1.,0.,0.));
#3986=DIRECTION('',(0.577350269189626,-0.577350269189624,-0.577350269189627));
#3987=DIRECTION('center_axis',(-0.707106781186546,0.70710678118655,0.));
#3988=DIRECTION('ref_axis',(0.,0.,1.));
#3989=DIRECTION('',(-0.577350269189627,-0.577350269189624,0.577350269189627));
#3990=DIRECTION('',(0.,0.,1.));
#3991=DIRECTION('center_axis',(0.,0.70710678118655,0.707106781186546));
#3992=DIRECTION('ref_axis',(1.,0.,0.));
#3993=DIRECTION('',(0.577350269189627,-0.577350269189624,0.577350269189627));
#3994=DIRECTION('',(1.,0.,0.));
#3995=DIRECTION('center_axis',(0.707106781186546,0.707106781186549,0.));
#3996=DIRECTION('ref_axis',(0.,0.,-1.));
#3997=DIRECTION('',(0.,0.,-1.));
#3998=DIRECTION('center_axis',(1.,0.,0.));
#3999=DIRECTION('ref_axis',(0.,0.,-1.));
#4000=DIRECTION('',(0.,1.,0.));
#4001=DIRECTION('',(0.,0.,1.));
#4002=DIRECTION('',(0.,1.,0.));
#4003=DIRECTION('center_axis',(0.,0.,-1.));
#4004=DIRECTION('ref_axis',(-1.,0.,0.));
#4005=DIRECTION('',(0.,1.,0.));
#4006=DIRECTION('',(1.,0.,0.));
#4007=DIRECTION('center_axis',(0.,-0.707106781186548,0.707106781186548));
#4008=DIRECTION('ref_axis',(1.,0.,0.));
#4009=DIRECTION('',(-1.,0.,0.));
#4010=DIRECTION('',(-0.577350269189625,-0.577350269189626,-0.577350269189626));
#4011=DIRECTION('',(1.,0.,0.));
#4012=DIRECTION('',(-0.577350269189625,0.577350269189626,0.577350269189626));
#4013=DIRECTION('center_axis',(-0.707106781186548,-0.707106781186547,0.));
#4014=DIRECTION('ref_axis',(0.,0.,1.));
#4015=DIRECTION('',(0.,0.,1.));
#4016=DIRECTION('',(-0.577350269189625,0.577350269189626,-0.577350269189626));
#4017=DIRECTION('',(0.,0.,-1.));
#4018=DIRECTION('center_axis',(0.,-0.707106781186548,-0.707106781186548));
#4019=DIRECTION('ref_axis',(-1.,0.,0.));
#4020=DIRECTION('',(-1.,0.,0.));
#4021=DIRECTION('',(0.577350269189625,0.577350269189626,-0.577350269189626));
#4022=DIRECTION('center_axis',(0.707106781186548,-0.707106781186547,0.));
#4023=DIRECTION('ref_axis',(0.,0.,-1.));
#4024=DIRECTION('',(0.,0.,-1.));
#4025=DIRECTION('center_axis',(0.,0.,1.));
#4026=DIRECTION('ref_axis',(1.,0.,0.));
#4027=DIRECTION('',(0.,1.,0.));
#4028=DIRECTION('center_axis',(0.,1.,0.));
#4029=DIRECTION('ref_axis',(1.,0.,0.));
#4030=DIRECTION('',(0.,0.,-1.));
#4031=DIRECTION('',(1.,0.,0.));
#4032=DIRECTION('center_axis',(0.,-1.,0.));
#4033=DIRECTION('ref_axis',(-0.707106781186548,0.,-0.707106781186548));
#4034=DIRECTION('',(0.,0.,-1.));
#4035=DIRECTION('',(1.,0.,0.));
#4036=DIRECTION('',(0.,0.,1.));
#4037=DIRECTION('center_axis',(0.,-1.,0.));
#4038=DIRECTION('ref_axis',(0.487389317399982,0.,-0.873184776140984));
#4039=DIRECTION('',(1.,0.,0.));
#4040=DIRECTION('',(9.15647855360954E-17,0.,1.));
#4041=DIRECTION('',(-1.,0.,0.));
#4042=DIRECTION('center_axis',(0.,-1.,0.));
#4043=DIRECTION('ref_axis',(0.487389317399982,0.,0.873184776140984));
#4044=DIRECTION('',(0.,0.,1.));
#4045=DIRECTION('',(-1.,0.,0.));
#4046=DIRECTION('',(0.,0.,-1.));
#4047=DIRECTION('center_axis',(0.,-1.,0.));
#4048=DIRECTION('ref_axis',(-0.707106781186547,0.,0.707106781186548));
#4049=DIRECTION('',(-1.,0.,0.));
#4050=DIRECTION('',(1.,0.,0.));
#4051=DIRECTION('',(0.,0.,-1.));
#4052=DIRECTION('',(-1.,0.,0.));
#4053=DIRECTION('',(0.,0.,1.));
#4054=DIRECTION('',(1.,0.,0.));
#4055=DIRECTION('',(0.,0.,-1.));
#4056=DIRECTION('',(-1.,0.,0.));
#4057=DIRECTION('',(0.,0.,1.));
#4058=DIRECTION('',(1.,0.,0.));
#4059=DIRECTION('',(0.,0.,-1.));
#4060=DIRECTION('',(-1.,0.,0.));
#4061=DIRECTION('',(0.,0.,1.));
#4062=DIRECTION('center_axis',(0.,-0.707106781186548,0.707106781186548));
#4063=DIRECTION('ref_axis',(1.,0.,0.));
#4064=DIRECTION('',(-0.577350269189625,-0.577350269189626,-0.577350269189626));
#4065=DIRECTION('',(-0.577350269189625,0.577350269189626,0.577350269189626));
#4066=DIRECTION('center_axis',(-0.707106781186548,-0.707106781186547,0.));
#4067=DIRECTION('ref_axis',(0.,0.,1.));
#4068=DIRECTION('',(-0.577350269189625,0.577350269189626,-0.577350269189626));
#4069=DIRECTION('',(0.,0.,-1.));
#4070=DIRECTION('center_axis',(0.,-0.707106781186548,-0.707106781186548));
#4071=DIRECTION('ref_axis',(-1.,0.,0.));
#4072=DIRECTION('',(1.,0.,0.));
#4073=DIRECTION('',(0.577350269189625,0.577350269189626,-0.577350269189626));
#4074=DIRECTION('center_axis',(0.707106781186548,-0.707106781186547,0.));
#4075=DIRECTION('ref_axis',(0.,0.,-1.));
#4076=DIRECTION('center_axis',(0.,-0.707106781186547,0.707106781186548));
#4077=DIRECTION('ref_axis',(1.,0.,0.));
#4078=DIRECTION('',(-1.,0.,0.));
#4079=DIRECTION('',(-0.577350269189626,-0.577350269189626,-0.577350269189626));
#4080=DIRECTION('',(-0.577350269189626,0.577350269189626,0.577350269189626));
#4081=DIRECTION('center_axis',(-0.707106781186548,-0.707106781186547,0.));
#4082=DIRECTION('ref_axis',(0.,0.,1.));
#4083=DIRECTION('',(-0.577350269189626,0.577350269189626,-0.577350269189625));
#4084=DIRECTION('',(0.,0.,-1.));
#4085=DIRECTION('center_axis',(0.,-0.707106781186547,-0.707106781186548));
#4086=DIRECTION('ref_axis',(-1.,0.,0.));
#4087=DIRECTION('',(0.577350269189626,0.577350269189626,-0.577350269189625));
#4088=DIRECTION('center_axis',(0.707106781186548,-0.707106781186547,0.));
#4089=DIRECTION('ref_axis',(0.,0.,-1.));
#4090=DIRECTION('center_axis',(0.,0.,1.));
#4091=DIRECTION('ref_axis',(1.,0.,0.));
#4092=DIRECTION('',(0.,1.,0.));
#4093=DIRECTION('center_axis',(0.,-0.707106781186548,0.707106781186548));
#4094=DIRECTION('ref_axis',(1.,0.,0.));
#4095=DIRECTION('',(-0.577350269189625,-0.577350269189626,-0.577350269189626));
#4096=DIRECTION('',(-0.577350269189625,0.577350269189626,0.577350269189626));
#4097=DIRECTION('center_axis',(-0.707106781186548,-0.707106781186547,0.));
#4098=DIRECTION('ref_axis',(0.,0.,1.));
#4099=DIRECTION('',(-0.577350269189625,0.577350269189626,-0.577350269189626));
#4100=DIRECTION('',(0.,0.,-1.));
#4101=DIRECTION('center_axis',(0.,-0.707106781186548,-0.707106781186548));
#4102=DIRECTION('ref_axis',(-1.,0.,0.));
#4103=DIRECTION('',(1.,0.,0.));
#4104=DIRECTION('',(0.577350269189625,0.577350269189626,-0.577350269189626));
#4105=DIRECTION('center_axis',(0.707106781186548,-0.707106781186547,0.));
#4106=DIRECTION('ref_axis',(0.,0.,-1.));
#4107=DIRECTION('center_axis',(0.,-0.707106781186548,0.707106781186547));
#4108=DIRECTION('ref_axis',(1.,0.,0.));
#4109=DIRECTION('',(0.,0.707106781186547,0.707106781186548));
#4110=DIRECTION('',(-1.,0.,0.));
#4111=DIRECTION('center_axis',(0.,1.,0.));
#4112=DIRECTION('ref_axis',(0.707106781186547,0.,0.707106781186548));
#4113=DIRECTION('',(0.707106781186546,0.707106781186549,0.));
#4114=DIRECTION('center_axis',(0.,-1.,0.));
#4115=DIRECTION('ref_axis',(0.707106781186547,0.,0.707106781186548));
#4116=DIRECTION('center_axis',(0.707106781186547,-0.707106781186548,0.));
#4117=DIRECTION('ref_axis',(0.,0.,-1.));
#4118=DIRECTION('',(0.707106781186548,0.707106781186547,0.));
#4119=DIRECTION('',(0.,0.,1.));
#4120=DIRECTION('center_axis',(0.,-1.,0.));
#4121=DIRECTION('ref_axis',(-0.707106781186547,0.,-0.707106781186548));
#4122=DIRECTION('',(-1.57009245868378E-15,0.707106781186549,0.707106781186546));
#4123=DIRECTION('center_axis',(0.,1.,0.));
#4124=DIRECTION('ref_axis',(-0.707106781186547,0.,-0.707106781186548));
#4125=DIRECTION('center_axis',(0.,-0.707106781186546,0.707106781186549));
#4126=DIRECTION('ref_axis',(1.,0.,0.));
#4127=DIRECTION('',(0.,0.707106781186549,0.707106781186546));
#4128=DIRECTION('',(-1.,0.,0.));
#4129=DIRECTION('center_axis',(0.,-1.,0.));
#4130=DIRECTION('ref_axis',(0.707106781186547,0.,-0.707106781186547));
#4131=DIRECTION('',(-0.707106781186548,0.707106781186547,0.));
#4132=DIRECTION('center_axis',(0.,1.,0.));
#4133=DIRECTION('ref_axis',(0.707106781186548,0.,-0.707106781186548));
#4134=DIRECTION('center_axis',(-0.707106781186547,-0.707106781186548,0.));
#4135=DIRECTION('ref_axis',(0.,0.,1.));
#4136=DIRECTION('',(-0.707106781186548,0.707106781186547,0.));
#4137=DIRECTION('',(0.,0.,-1.));
#4138=DIRECTION('center_axis',(0.,1.,0.));
#4139=DIRECTION('ref_axis',(-0.707106781186548,0.,0.707106781186548));
#4140=DIRECTION('',(0.,0.707106781186547,0.707106781186548));
#4141=DIRECTION('center_axis',(0.,-1.,0.));
#4142=DIRECTION('ref_axis',(-0.707106781186548,0.,0.707106781186548));
#4143=DIRECTION('center_axis',(0.,-0.707106781186548,0.707106781186547));
#4144=DIRECTION('ref_axis',(1.,0.,0.));
#4145=DIRECTION('',(-1.,0.,0.));
#4146=DIRECTION('center_axis',(0.,-1.,0.));
#4147=DIRECTION('ref_axis',(0.707106781186548,0.,0.707106781186548));
#4148=DIRECTION('',(0.,0.707106781186547,-0.707106781186548));
#4149=DIRECTION('center_axis',(0.,-0.707106781186548,-0.707106781186547));
#4150=DIRECTION('ref_axis',(-1.,0.,0.));
#4151=DIRECTION('',(0.,0.707106781186547,-0.707106781186548));
#4152=DIRECTION('',(1.,0.,0.));
#4153=DIRECTION('center_axis',(0.,1.,0.));
#4154=DIRECTION('ref_axis',(-0.707106781186548,0.,-0.707106781186548));
#4155=DIRECTION('',(-0.707106781186548,0.707106781186547,0.));
#4156=DIRECTION('center_axis',(0.,-1.,0.));
#4157=DIRECTION('ref_axis',(-0.707106781186548,0.,-0.707106781186548));
#4158=DIRECTION('center_axis',(-0.707106781186547,-0.707106781186548,0.));
#4159=DIRECTION('ref_axis',(0.,0.,1.));
#4160=DIRECTION('',(-0.707106781186548,0.707106781186547,0.));
#4161=DIRECTION('',(0.,0.,-1.));
#4162=DIRECTION('center_axis',(0.,-1.,0.));
#4163=DIRECTION('ref_axis',(0.707106781186547,0.,0.707106781186548));
#4164=DIRECTION('',(1.57009245868378E-15,0.707106781186549,-0.707106781186546));
#4165=DIRECTION('center_axis',(0.,1.,0.));
#4166=DIRECTION('ref_axis',(0.707106781186547,0.,0.707106781186548));
#4167=DIRECTION('center_axis',(0.,-0.707106781186546,-0.707106781186549));
#4168=DIRECTION('ref_axis',(-1.,0.,0.));
#4169=DIRECTION('',(0.,0.707106781186549,-0.707106781186546));
#4170=DIRECTION('',(1.,0.,0.));
#4171=DIRECTION('center_axis',(0.,-1.,0.));
#4172=DIRECTION('ref_axis',(-0.707106781186547,0.,0.707106781186548));
#4173=DIRECTION('',(0.707106781186549,0.707106781186546,0.));
#4174=DIRECTION('center_axis',(0.,1.,0.));
#4175=DIRECTION('ref_axis',(-0.707106781186547,0.,0.707106781186548));
#4176=DIRECTION('center_axis',(0.707106781186547,-0.707106781186548,0.));
#4177=DIRECTION('ref_axis',(0.,0.,-1.));
#4178=DIRECTION('',(0.707106781186548,0.707106781186547,0.));
#4179=DIRECTION('',(0.,0.,1.));
#4180=DIRECTION('center_axis',(0.,1.,0.));
#4181=DIRECTION('ref_axis',(0.707106781186548,0.,-0.707106781186548));
#4182=DIRECTION('',(0.,0.707106781186549,-0.707106781186546));
#4183=DIRECTION('center_axis',(0.,-1.,0.));
#4184=DIRECTION('ref_axis',(0.707106781186548,0.,-0.707106781186548));
#4185=DIRECTION('center_axis',(0.,-0.707106781186548,-0.707106781186547));
#4186=DIRECTION('ref_axis',(-1.,0.,0.));
#4187=DIRECTION('',(0.,0.707106781186547,-0.707106781186548));
#4188=DIRECTION('',(1.,0.,0.));
#4189=DIRECTION('center_axis',(0.,-1.,0.));
#4190=DIRECTION('ref_axis',(-0.707106781186547,0.,0.707106781186547));
#4191=DIRECTION('center_axis',(0.,0.,-1.));
#4192=DIRECTION('ref_axis',(-1.,0.,0.));
#4193=DIRECTION('',(0.,-1.,0.));
#4194=DIRECTION('',(-1.,0.,0.));
#4195=DIRECTION('center_axis',(0.,1.,0.));
#4196=DIRECTION('ref_axis',(-0.707106781186548,0.,-0.707106781186548));
#4197=DIRECTION('',(0.,1.,0.));
#4198=DIRECTION('center_axis',(0.,1.,0.));
#4199=DIRECTION('ref_axis',(-1.,0.,0.));
#4200=DIRECTION('center_axis',(-1.,0.,0.));
#4201=DIRECTION('ref_axis',(0.,0.,1.));
#4202=DIRECTION('',(0.,-1.,0.));
#4203=DIRECTION('',(0.,0.,1.));
#4204=DIRECTION('center_axis',(0.,1.,0.));
#4205=DIRECTION('ref_axis',(0.707106781186547,0.,0.707106781186548));
#4206=DIRECTION('',(0.,1.,0.));
#4207=DIRECTION('center_axis',(0.,-1.,0.));
#4208=DIRECTION('ref_axis',(0.,0.,1.));
#4209=DIRECTION('center_axis',(0.,0.,-1.));
#4210=DIRECTION('ref_axis',(-1.,0.,0.));
#4211=DIRECTION('',(0.,-1.,0.));
#4212=DIRECTION('',(-1.,0.,0.));
#4213=DIRECTION('center_axis',(0.,1.,0.));
#4214=DIRECTION('ref_axis',(-0.707106781186547,0.,0.707106781186548));
#4215=DIRECTION('',(0.,1.,0.));
#4216=DIRECTION('center_axis',(0.,-1.,0.));
#4217=DIRECTION('ref_axis',(-1.,0.,0.));
#4218=DIRECTION('center_axis',(1.,0.,0.));
#4219=DIRECTION('ref_axis',(0.,0.,-1.));
#4220=DIRECTION('',(0.,-1.,0.));
#4221=DIRECTION('',(0.,0.,-1.));
#4222=DIRECTION('center_axis',(0.,1.,0.));
#4223=DIRECTION('ref_axis',(0.707106781186548,0.,-0.707106781186548));
#4224=DIRECTION('',(0.,1.,0.));
#4225=DIRECTION('center_axis',(0.,-1.,0.));
#4226=DIRECTION('ref_axis',(0.,0.,-1.));
#4227=DIRECTION('center_axis',(0.,0.,-1.));
#4228=DIRECTION('ref_axis',(-1.,0.,0.));
#4229=DIRECTION('',(-1.,0.,0.));
#4230=DIRECTION('center_axis',(1.,0.,-9.15647855360954E-17));
#4231=DIRECTION('ref_axis',(-9.15647855360954E-17,0.,-1.));
#4232=DIRECTION('',(-9.15647855360954E-17,0.,-1.));
#4233=DIRECTION('center_axis',(0.,0.,1.));
#4234=DIRECTION('ref_axis',(0.707106781186548,0.707106781186547,0.));
#4235=DIRECTION('center_axis',(0.,0.,-1.));
#4236=DIRECTION('ref_axis',(0.,1.,0.));
#4237=DIRECTION('center_axis',(0.,0.,1.));
#4238=DIRECTION('ref_axis',(1.,0.,0.));
#4239=DIRECTION('center_axis',(0.162617601377686,-0.825085251360573,0.541100585574833));
#4240=DIRECTION('ref_axis',(0.237471547308422,0.56500825479568,0.790172725568077));
#4241=DIRECTION('center_axis',(-1.,0.,0.));
#4242=DIRECTION('ref_axis',(0.,0.707106781186547,0.707106781186548));
#4243=DIRECTION('center_axis',(-1.,0.,0.));
#4244=DIRECTION('ref_axis',(0.,0.707106781186547,0.707106781186548));
#4245=DIRECTION('center_axis',(0.,-1.,0.));
#4246=DIRECTION('ref_axis',(0.,0.,1.));
#4247=DIRECTION('center_axis',(0.162617601377688,-0.825085251360577,-0.541100585574828));
#4248=DIRECTION('ref_axis',(0.237471547308429,0.565008254795675,-0.790172725568079));
#4249=DIRECTION('center_axis',(0.,-1.,0.));
#4250=DIRECTION('ref_axis',(0.,0.,1.));
#4251=DIRECTION('center_axis',(-1.,0.,0.));
#4252=DIRECTION('ref_axis',(0.,0.707106781186548,-0.707106781186548));
#4253=DIRECTION('center_axis',(-1.,0.,0.));
#4254=DIRECTION('ref_axis',(0.,0.707106781186548,-0.707106781186548));
#4255=DIRECTION('center_axis',(0.,1.,0.));
#4256=DIRECTION('ref_axis',(1.,0.,0.));
#4257=DIRECTION('',(-1.,0.,0.));
#4258=DIRECTION('center_axis',(0.,1.,0.));
#4259=DIRECTION('ref_axis',(1.,0.,0.));
#4260=DIRECTION('center_axis',(-1.,0.,0.));
#4261=DIRECTION('ref_axis',(0.,0.707106781186547,0.707106781186548));
#4262=DIRECTION('center_axis',(-1.,0.,0.));
#4263=DIRECTION('ref_axis',(0.,0.,1.));
#4264=DIRECTION('center_axis',(0.,-1.,0.));
#4265=DIRECTION('ref_axis',(0.,0.,-1.));
#4266=DIRECTION('center_axis',(0.,0.,-1.));
#4267=DIRECTION('ref_axis',(0.,1.,0.));
#4268=DIRECTION('center_axis',(0.408248290463862,-0.816496580927726,0.408248290463863));
#4269=DIRECTION('ref_axis',(0.577350269189626,0.577350269189626,0.577350269189626));
#4270=DIRECTION('center_axis',(-1.,0.,5.55111512312578E-16));
#4271=DIRECTION('ref_axis',(0.,1.,0.));
#4272=DIRECTION('center_axis',(0.,0.,-1.));
#4273=DIRECTION('ref_axis',(1.,0.,0.));
#4274=DIRECTION('center_axis',(-0.408248290463862,-0.816496580927726,0.408248290463863));
#4275=DIRECTION('ref_axis',(-0.577350269189626,0.577350269189626,0.577350269189626));
#4276=DIRECTION('center_axis',(0.,0.,-1.));
#4277=DIRECTION('ref_axis',(0.,1.,0.));
#4278=DIRECTION('center_axis',(1.,-1.11022302462516E-15,0.));
#4279=DIRECTION('ref_axis',(0.,0.,1.));
#4280=DIRECTION('center_axis',(0.,0.,-1.));
#4281=DIRECTION('ref_axis',(-0.707106781186548,0.707106781186547,0.));
#4282=DIRECTION('center_axis',(0.,0.,-1.));
#4283=DIRECTION('ref_axis',(-1.,0.,0.));
#4284=DIRECTION('center_axis',(0.,-1.,0.));
#4285=DIRECTION('ref_axis',(0.,0.,-1.));
#4286=DIRECTION('center_axis',(-1.,0.,0.));
#4287=DIRECTION('ref_axis',(0.,0.707106781186548,0.707106781186547));
#4288=DIRECTION('center_axis',(-1.,0.,0.));
#4289=DIRECTION('ref_axis',(0.,0.707106781186547,0.707106781186548));
#4290=DIRECTION('center_axis',(0.,0.,1.));
#4291=DIRECTION('ref_axis',(0.707106781186548,0.707106781186547,0.));
#4292=DIRECTION('center_axis',(-1.,0.,0.));
#4293=DIRECTION('ref_axis',(0.,0.707106781186547,0.707106781186548));
#4294=DIRECTION('center_axis',(1.,0.,0.));
#4295=DIRECTION('ref_axis',(0.,0.,1.));
#4296=DIRECTION('',(-1.,0.,0.));
#4297=DIRECTION('center_axis',(1.,0.,0.));
#4298=DIRECTION('ref_axis',(0.,0.,1.));
#4299=DIRECTION('center_axis',(1.,0.,0.));
#4300=DIRECTION('ref_axis',(0.,0.707106781186548,-0.707106781186548));
#4301=DIRECTION('center_axis',(-1.,0.,0.));
#4302=DIRECTION('ref_axis',(0.,1.,0.));
#4303=DIRECTION('',(1.,0.,0.));
#4304=DIRECTION('',(1.,0.,0.));
#4305=DIRECTION('center_axis',(0.,1.,0.));
#4306=DIRECTION('ref_axis',(0.,0.,1.));
#4307=DIRECTION('center_axis',(0.,1.,0.));
#4308=DIRECTION('ref_axis',(0.,0.,1.));
#4309=DIRECTION('center_axis',(0.,0.,1.));
#4310=DIRECTION('ref_axis',(1.,0.,0.));
#4311=DIRECTION('center_axis',(0.408248290463862,-0.816496580927726,-0.408248290463863));
#4312=DIRECTION('ref_axis',(0.577350269189626,0.577350269189626,-0.577350269189626));
#4313=DIRECTION('center_axis',(0.,-1.,0.));
#4314=DIRECTION('ref_axis',(1.,0.,0.));
#4315=DIRECTION('center_axis',(0.,0.,1.));
#4316=DIRECTION('ref_axis',(0.,1.,0.));
#4317=DIRECTION('center_axis',(-1.,0.,0.));
#4318=DIRECTION('ref_axis',(0.,0.,-1.));
#4319=DIRECTION('center_axis',(0.,0.,1.));
#4320=DIRECTION('ref_axis',(0.707106781186548,0.707106781186547,0.));
#4321=DIRECTION('',(0.,0.,1.));
#4322=DIRECTION('center_axis',(-0.408248290463862,-0.816496580927726,-0.408248290463863));
#4323=DIRECTION('ref_axis',(-0.577350269189626,0.577350269189626,-0.577350269189626));
#4324=DIRECTION('center_axis',(0.,-1.,0.));
#4325=DIRECTION('ref_axis',(0.,0.,-1.));
#4326=DIRECTION('center_axis',(1.,0.,5.55111512312578E-16));
#4327=DIRECTION('ref_axis',(0.,1.,0.));
#4328=DIRECTION('center_axis',(0.,0.,1.));
#4329=DIRECTION('ref_axis',(-1.,0.,0.));
#4330=DIRECTION('center_axis',(1.,0.,0.));
#4331=DIRECTION('ref_axis',(0.,0.707106781186547,-0.707106781186548));
#4332=DIRECTION('',(1.,0.,0.));
#4333=DIRECTION('center_axis',(0.,0.,-1.));
#4334=DIRECTION('ref_axis',(-0.707106781186548,0.707106781186548,0.));
#4335=DIRECTION('center_axis',(0.,0.,1.));
#4336=DIRECTION('ref_axis',(0.,1.,0.));
#4337=DIRECTION('',(0.,0.,-1.));
#4338=DIRECTION('center_axis',(0.,-1.,0.));
#4339=DIRECTION('ref_axis',(0.,0.,-1.));
#4340=DIRECTION('center_axis',(-1.,0.,0.));
#4341=DIRECTION('ref_axis',(0.,0.707106781186548,-0.707106781186548));
#4342=DIRECTION('center_axis',(0.,-1.,0.));
#4343=DIRECTION('ref_axis',(1.,0.,0.));
#4344=DIRECTION('center_axis',(0.,1.,0.));
#4345=DIRECTION('ref_axis',(-0.707106781186547,0.,-0.707106781186548));
#4346=DIRECTION('',(0.,1.,0.));
#4347=DIRECTION('',(0.,-1.,0.));
#4348=DIRECTION('center_axis',(0.,1.,0.));
#4349=DIRECTION('ref_axis',(0.707106781186548,0.,-0.707106781186548));
#4350=DIRECTION('',(0.,1.,0.));
#4351=DIRECTION('',(0.,-1.,0.));
#4352=DIRECTION('center_axis',(0.,1.,0.));
#4353=DIRECTION('ref_axis',(-0.707106781186548,0.,0.707106781186548));
#4354=DIRECTION('',(0.,1.,0.));
#4355=DIRECTION('',(0.,-1.,0.));
#4356=DIRECTION('center_axis',(0.,1.,0.));
#4357=DIRECTION('ref_axis',(1.,0.,0.));
#4358=DIRECTION('center_axis',(0.,1.,0.));
#4359=DIRECTION('ref_axis',(1.,0.,0.));
#4360=DIRECTION('center_axis',(0.,0.,1.));
#4361=DIRECTION('ref_axis',(1.,0.,0.));
#4362=DIRECTION('center_axis',(-1.,0.,0.));
#4363=DIRECTION('ref_axis',(0.,0.,1.));
#4364=DIRECTION('center_axis',(0.,1.,0.));
#4365=DIRECTION('ref_axis',(0.707106781186547,0.,0.707106781186548));
#4366=DIRECTION('',(0.,1.,0.));
#4367=DIRECTION('',(0.,-1.,0.));
#4368=DIRECTION('center_axis',(1.,0.,0.));
#4369=DIRECTION('ref_axis',(0.,0.,-1.));
#4370=DIRECTION('center_axis',(-0.162617601378164,-0.825085251363143,-0.541100585570771));
#4371=DIRECTION('ref_axis',(-0.237471547311437,0.565008254791926,-0.790172725569855));
#4372=DIRECTION('center_axis',(0.,-1.,0.));
#4373=DIRECTION('ref_axis',(0.,0.,1.));
#4374=DIRECTION('center_axis',(1.,0.,0.));
#4375=DIRECTION('ref_axis',(0.,1.,0.));
#4376=DIRECTION('center_axis',(0.,0.,1.));
#4377=DIRECTION('ref_axis',(-1.,0.,0.));
#4378=DIRECTION('center_axis',(1.,0.,0.));
#4379=DIRECTION('ref_axis',(0.,1.,0.));
#4380=DIRECTION('center_axis',(-0.162617601378175,-0.825085251363127,0.541100585570792));
#4381=DIRECTION('ref_axis',(-0.237471547311438,0.56500825479195,0.790172725569838));
#4382=DIRECTION('center_axis',(0.,-1.,0.));
#4383=DIRECTION('ref_axis',(0.,0.,1.));
#4384=DIRECTION('center_axis',(0.,0.,-1.));
#4385=DIRECTION('ref_axis',(0.,1.,0.));
#4386=DIRECTION('center_axis',(1.,0.,0.));
#4387=DIRECTION('ref_axis',(0.,0.707106781186548,-0.707106781186548));
#4388=DIRECTION('',(1.,0.,0.));
#4389=DIRECTION('',(1.,0.,0.));
#4390=DIRECTION('center_axis',(-9.15647855360954E-17,0.,-1.));
#4391=DIRECTION('ref_axis',(-0.707106781186548,0.707106781186547,0.));
#4392=DIRECTION('center_axis',(0.,1.,0.));
#4393=DIRECTION('ref_axis',(1.,0.,0.));
#4394=DIRECTION('center_axis',(0.,1.,0.));
#4395=DIRECTION('ref_axis',(1.,0.,0.));
#4396=DIRECTION('center_axis',(0.,1.,0.));
#4397=DIRECTION('ref_axis',(1.,0.,0.));
#4398=DIRECTION('center_axis',(0.,1.,0.));
#4399=DIRECTION('ref_axis',(1.,0.,0.));
#4400=DIRECTION('center_axis',(0.,0.,1.));
#4401=DIRECTION('ref_axis',(1.,0.,0.));
#4402=DIRECTION('center_axis',(0.,1.,0.));
#4403=DIRECTION('ref_axis',(1.,0.,0.));
#4404=DIRECTION('center_axis',(0.,0.,1.));
#4405=DIRECTION('ref_axis',(1.,0.,0.));
#4406=DIRECTION('center_axis',(0.,1.,0.));
#4407=DIRECTION('ref_axis',(1.,0.,0.));
#4408=DIRECTION('center_axis',(0.,1.,0.));
#4409=DIRECTION('ref_axis',(1.,0.,0.));
#4410=DIRECTION('center_axis',(0.,1.,0.));
#4411=DIRECTION('ref_axis',(1.,0.,0.));
#4412=DIRECTION('center_axis',(0.,0.,-1.));
#4413=DIRECTION('ref_axis',(-1.,0.,0.));
#4414=DIRECTION('center_axis',(0.,1.,0.));
#4415=DIRECTION('ref_axis',(0.707106781186548,0.,-0.707106781186548));
#4416=DIRECTION('',(0.,-1.,0.));
#4417=DIRECTION('',(0.,1.,0.));
#4418=DIRECTION('center_axis',(0.,0.,-1.));
#4419=DIRECTION('ref_axis',(-1.,0.,0.));
#4420=DIRECTION('',(0.,-1.,0.));
#4421=DIRECTION('center_axis',(0.,1.,0.));
#4422=DIRECTION('ref_axis',(-0.707106781186548,0.,-0.707106781186548));
#4423=DIRECTION('center_axis',(0.,1.,0.));
#4424=DIRECTION('ref_axis',(0.707106781186548,0.,0.707106781186548));
#4425=DIRECTION('',(0.,-1.,0.));
#4426=DIRECTION('',(0.,1.,0.));
#4427=DIRECTION('center_axis',(1.,0.,0.));
#4428=DIRECTION('ref_axis',(0.,0.,-1.));
#4429=DIRECTION('center_axis',(0.,1.,0.));
#4430=DIRECTION('ref_axis',(-0.707106781186548,0.,0.707106781186548));
#4431=DIRECTION('',(0.,1.,0.));
#4432=DIRECTION('center_axis',(0.,0.,-1.));
#4433=DIRECTION('ref_axis',(-1.,0.,0.));
#4434=DIRECTION('',(0.,1.,0.));
#4435=DIRECTION('center_axis',(-1.,0.,0.));
#4436=DIRECTION('ref_axis',(0.,0.,1.));
#4437=DIRECTION('center_axis',(-1.,0.,0.));
#4438=DIRECTION('ref_axis',(0.,0.,1.));
#4439=DIRECTION('center_axis',(-1.,0.,0.));
#4440=DIRECTION('ref_axis',(0.,0.,1.));
#4441=DIRECTION('center_axis',(0.,0.,-1.));
#4442=DIRECTION('ref_axis',(-1.,0.,0.));
#4443=DIRECTION('',(0.,1.,0.));
#4444=DIRECTION('center_axis',(-1.,0.,0.));
#4445=DIRECTION('ref_axis',(0.,0.,1.));
#4446=DIRECTION('center_axis',(-1.,0.,0.));
#4447=DIRECTION('ref_axis',(0.,0.,1.));
#4448=DIRECTION('',(0.,1.,0.));
#4449=DIRECTION('center_axis',(0.,0.,1.));
#4450=DIRECTION('ref_axis',(1.,0.,0.));
#4451=DIRECTION('center_axis',(0.,0.,1.));
#4452=DIRECTION('ref_axis',(1.,0.,0.));
#4453=CARTESIAN_POINT('',(0.,0.,0.));
#4454=CARTESIAN_POINT('Origin',(0.,2.5,-18.3));
#4455=CARTESIAN_POINT('',(-18.7256354563374,2.7,-18.1));
#4456=CARTESIAN_POINT('',(-18.8112494995996,2.8,-18.));
#4457=CARTESIAN_POINT('Origin',(-17.25,4.04999999999999,-16.75));
#4458=CARTESIAN_POINT('',(-21.5,2.8,-18.));
#4459=CARTESIAN_POINT('',(0.,2.8,-18.));
#4460=CARTESIAN_POINT('',(-21.5,2.2,-18.6));
#4461=CARTESIAN_POINT('',(-21.5,13.075,-7.72499999999999));
#4462=CARTESIAN_POINT('',(-18.93151717208,2.2,-18.6));
#4463=CARTESIAN_POINT('',(0.,2.2,-18.6));
#4464=CARTESIAN_POINT('Ctrl Pts',(-18.93151717208,2.2,-18.6));
#4465=CARTESIAN_POINT('Ctrl Pts',(-18.8285763142087,2.46630280033734,-18.3336971996627));
#4466=CARTESIAN_POINT('Ctrl Pts',(-18.7256354563374,2.7,-18.1));
#4467=CARTESIAN_POINT('Origin',(-17.25,2.2,-16.75));
#4468=CARTESIAN_POINT('',(-17.25,2.7,-18.75));
#4469=CARTESIAN_POINT('Origin',(-17.25,2.7,-16.75));
#4470=CARTESIAN_POINT('',(-17.25,10.,-18.75));
#4471=CARTESIAN_POINT('',(-17.25,2.2,-18.75));
#4472=CARTESIAN_POINT('',(-19.25,10.,-16.75));
#4473=CARTESIAN_POINT('Origin',(-17.25,10.,-16.75));
#4474=CARTESIAN_POINT('',(-19.25,5.0000000372529,-16.75));
#4475=CARTESIAN_POINT('',(-19.25,2.2,-16.75));
#4476=CARTESIAN_POINT('',(-19.1414280319378,5.0000000372529,-17.4));
#4477=CARTESIAN_POINT('Origin',(-17.25,5.0000000372529,-16.75));
#4478=CARTESIAN_POINT('',(-18.8112494995996,4.4000000372529,-18.));
#4479=CARTESIAN_POINT('Ctrl Pts',(-18.8112494995996,4.4000000372529,-18.));
#4480=CARTESIAN_POINT('Ctrl Pts',(-18.8112494995996,4.47657192692085,-18.));
#4481=CARTESIAN_POINT('Ctrl Pts',(-18.8239719385324,4.55616463147843,-17.9844945073526));
#4482=CARTESIAN_POINT('Ctrl Pts',(-18.868480905251,4.69972280726599,-17.9255355422984));
#4483=CARTESIAN_POINT('Ctrl Pts',(-18.8997051637866,4.76389251328214,-17.8821564334277));
#4484=CARTESIAN_POINT('Ctrl Pts',(-18.9652257368204,4.87025328322189,-17.7805444453912));
#4485=CARTESIAN_POINT('Ctrl Pts',(-19.0048423597588,4.91833219198907,-17.7130990874331));
#4486=CARTESIAN_POINT('Ctrl Pts',(-19.0793019457404,4.98325555337663,-17.5628259102393));
#4487=CARTESIAN_POINT('Ctrl Pts',(-19.1139792529613,5.0000000372529,-17.4798729076902));
#4488=CARTESIAN_POINT('Ctrl Pts',(-19.1414280319378,5.0000000372529,-17.4));
#4489=CARTESIAN_POINT('',(-18.8112494995996,2.2,-18.));
#4490=CARTESIAN_POINT('Origin',(-17.25,2.45,-16.75));
#4491=CARTESIAN_POINT('',(-17.25,2.2,-19.25));
#4492=CARTESIAN_POINT('Origin',(-17.25,2.2,-16.75));
#4493=CARTESIAN_POINT('',(-17.25,2.2,-19.25));
#4494=CARTESIAN_POINT('Origin',(0.,2.2,0.));
#4495=CARTESIAN_POINT('',(-21.5,2.2,-26.5));
#4496=CARTESIAN_POINT('',(-21.5,2.2,13.25));
#4497=CARTESIAN_POINT('',(21.5,2.2,-26.5));
#4498=CARTESIAN_POINT('',(-10.75,2.2,-26.5));
#4499=CARTESIAN_POINT('',(21.5,2.2,-18.6));
#4500=CARTESIAN_POINT('',(21.5,2.2,-13.25));
#4501=CARTESIAN_POINT('',(18.93151717208,2.2,-18.6));
#4502=CARTESIAN_POINT('',(0.,2.2,-18.6));
#4503=CARTESIAN_POINT('',(17.25,2.2,-19.25));
#4504=CARTESIAN_POINT('Origin',(17.25,2.2,-16.75));
#4505=CARTESIAN_POINT('',(13.25,2.2,-19.25));
#4506=CARTESIAN_POINT('',(5.625,2.2,-19.25));
#4507=CARTESIAN_POINT('',(11.75,2.2,-20.75));
#4508=CARTESIAN_POINT('Origin',(13.25,2.2,-20.75));
#4509=CARTESIAN_POINT('',(11.75,2.2,-22.25));
#4510=CARTESIAN_POINT('',(11.75,2.2,-12.125));
#4511=CARTESIAN_POINT('',(9.25,2.2,-24.75));
#4512=CARTESIAN_POINT('Origin',(9.25,2.2,-22.25));
#4513=CARTESIAN_POINT('',(-9.25,2.2,-24.75));
#4514=CARTESIAN_POINT('',(-5.625,2.2,-24.75));
#4515=CARTESIAN_POINT('',(-11.75,2.2,-22.25));
#4516=CARTESIAN_POINT('Origin',(-9.25,2.2,-22.25));
#4517=CARTESIAN_POINT('',(-11.75,2.2,-20.75));
#4518=CARTESIAN_POINT('',(-11.75,2.2,-9.375));
#4519=CARTESIAN_POINT('',(-13.25,2.2,-19.25));
#4520=CARTESIAN_POINT('Origin',(-13.25,2.2,-20.75));
#4521=CARTESIAN_POINT('',(-9.625,2.2,-19.25));
#4522=CARTESIAN_POINT('',(14.55,2.2,-21.25));
#4523=CARTESIAN_POINT('Origin',(16.25,2.2,-21.25));
#4524=CARTESIAN_POINT('',(-17.95,2.2,-21.25));
#4525=CARTESIAN_POINT('Origin',(-16.25,2.2,-21.25));
#4526=CARTESIAN_POINT('Origin',(0.,2.5,18.3));
#4527=CARTESIAN_POINT('',(-18.7256354563374,2.7,18.1));
#4528=CARTESIAN_POINT('',(-18.93151717208,2.2,18.6));
#4529=CARTESIAN_POINT('Ctrl Pts',(-18.7256354563374,2.7,18.1));
#4530=CARTESIAN_POINT('Ctrl Pts',(-18.8285763142087,2.46630280033734,18.3336971996627));
#4531=CARTESIAN_POINT('Ctrl Pts',(-18.93151717208,2.2,18.6));
#4532=CARTESIAN_POINT('',(-21.5,2.2,18.6));
#4533=CARTESIAN_POINT('',(0.,2.2,18.6));
#4534=CARTESIAN_POINT('',(-21.5,2.8,18.));
#4535=CARTESIAN_POINT('',(-21.5,-0.175,20.975));
#4536=CARTESIAN_POINT('',(-18.8112494995996,2.8,18.));
#4537=CARTESIAN_POINT('',(0.,2.8,18.));
#4538=CARTESIAN_POINT('Origin',(-17.25,4.05,16.75));
#4539=CARTESIAN_POINT('Origin',(-17.25,2.2,16.75));
#4540=CARTESIAN_POINT('',(-18.8112494995996,4.4000000372529,18.));
#4541=CARTESIAN_POINT('',(-18.8112494995996,2.2,18.));
#4542=CARTESIAN_POINT('',(-19.1414280319378,5.0000000372529,17.4));
#4543=CARTESIAN_POINT('Ctrl Pts',(-19.1414280319378,5.0000000372529,17.4));
#4544=CARTESIAN_POINT('Ctrl Pts',(-19.1139792529613,5.0000000372529,17.4798729076902));
#4545=CARTESIAN_POINT('Ctrl Pts',(-19.0793019457404,4.98325555337663,17.5628259102393));
#4546=CARTESIAN_POINT('Ctrl Pts',(-19.0048423597588,4.91833219198907,17.7130990874331));
#4547=CARTESIAN_POINT('Ctrl Pts',(-18.9652257368204,4.87025328322189,17.7805444453912));
#4548=CARTESIAN_POINT('Ctrl Pts',(-18.8997051637866,4.76389251328214,17.8821564334277));
#4549=CARTESIAN_POINT('Ctrl Pts',(-18.868480905251,4.69972280726598,17.9255355422984));
#4550=CARTESIAN_POINT('Ctrl Pts',(-18.8239719385324,4.55616463147843,17.9844945073526));
#4551=CARTESIAN_POINT('Ctrl Pts',(-18.8112494995996,4.47657192692085,18.));
#4552=CARTESIAN_POINT('Ctrl Pts',(-18.8112494995996,4.4000000372529,18.));
#4553=CARTESIAN_POINT('',(-19.25,5.0000000372529,16.75));
#4554=CARTESIAN_POINT('Origin',(-17.25,5.0000000372529,16.75));
#4555=CARTESIAN_POINT('',(-19.25,10.,16.75));
#4556=CARTESIAN_POINT('',(-19.25,2.2,16.75));
#4557=CARTESIAN_POINT('',(-17.25,10.,18.75));
#4558=CARTESIAN_POINT('Origin',(-17.25,10.,16.75));
#4559=CARTESIAN_POINT('',(-17.25,2.7,18.75));
#4560=CARTESIAN_POINT('',(-17.25,2.2,18.75));
#4561=CARTESIAN_POINT('Origin',(-17.25,2.7,16.75));
#4562=CARTESIAN_POINT('Origin',(0.,5.0000000372529,18.));
#4563=CARTESIAN_POINT('',(-21.5,3.72529032621749E-8,18.));
#4564=CARTESIAN_POINT('',(-21.5,2.50000001862645,18.));
#4565=CARTESIAN_POINT('',(-22.85,0.,18.));
#4566=CARTESIAN_POINT('',(0.,0.,18.));
#4567=CARTESIAN_POINT('',(-22.85,4.4000000372529,18.));
#4568=CARTESIAN_POINT('',(-22.85,2.50000001862645,18.));
#4569=CARTESIAN_POINT('',(0.,4.4000000372529,18.));
#4570=CARTESIAN_POINT('Origin',(0.,2.5,18.3));
#4571=CARTESIAN_POINT('',(18.7256354563374,2.7,18.1));
#4572=CARTESIAN_POINT('',(18.8112494995996,2.8,18.));
#4573=CARTESIAN_POINT('Origin',(17.25,4.05000000000001,16.75));
#4574=CARTESIAN_POINT('',(21.5,2.8,18.));
#4575=CARTESIAN_POINT('',(0.,2.8,18.));
#4576=CARTESIAN_POINT('',(21.5,2.2,18.6));
#4577=CARTESIAN_POINT('',(21.5,13.075,7.72499999999999));
#4578=CARTESIAN_POINT('',(18.93151717208,2.2,18.6));
#4579=CARTESIAN_POINT('',(0.,2.2,18.6));
#4580=CARTESIAN_POINT('Ctrl Pts',(18.93151717208,2.2,18.6));
#4581=CARTESIAN_POINT('Ctrl Pts',(18.8285763142087,2.46630280033733,18.3336971996627));
#4582=CARTESIAN_POINT('Ctrl Pts',(18.7256354563374,2.7,18.1));
#4583=CARTESIAN_POINT('Origin',(0.,2.2,0.));
#4584=CARTESIAN_POINT('',(-17.25,2.2,19.25));
#4585=CARTESIAN_POINT('Origin',(-17.25,2.2,16.75));
#4586=CARTESIAN_POINT('',(-13.25,2.2,19.25));
#4587=CARTESIAN_POINT('',(-5.625,2.2,19.25));
#4588=CARTESIAN_POINT('',(-11.75,2.2,20.75));
#4589=CARTESIAN_POINT('Origin',(-13.25,2.2,20.75));
#4590=CARTESIAN_POINT('',(-11.75,2.2,22.25));
#4591=CARTESIAN_POINT('',(-11.75,2.2,12.125));
#4592=CARTESIAN_POINT('',(-9.24999999999999,2.2,24.75));
#4593=CARTESIAN_POINT('Origin',(-9.24999999999999,2.2,22.25));
#4594=CARTESIAN_POINT('',(9.25,2.2,24.75));
#4595=CARTESIAN_POINT('',(5.625,2.2,24.75));
#4596=CARTESIAN_POINT('',(11.75,2.2,22.25));
#4597=CARTESIAN_POINT('Origin',(9.25,2.2,22.25));
#4598=CARTESIAN_POINT('',(11.75,2.2,20.75));
#4599=CARTESIAN_POINT('',(11.75,2.2,9.375));
#4600=CARTESIAN_POINT('',(13.25,2.2,19.25));
#4601=CARTESIAN_POINT('Origin',(13.25,2.2,20.75));
#4602=CARTESIAN_POINT('',(17.25,2.2,19.25));
#4603=CARTESIAN_POINT('',(9.625,2.2,19.25));
#4604=CARTESIAN_POINT('Origin',(17.25,2.2,16.75));
#4605=CARTESIAN_POINT('',(21.5,2.2,26.5));
#4606=CARTESIAN_POINT('',(21.5,2.2,-13.25));
#4607=CARTESIAN_POINT('',(-21.5,2.2,26.5));
#4608=CARTESIAN_POINT('',(10.75,2.2,26.5));
#4609=CARTESIAN_POINT('',(-21.5,2.2,13.25));
#4610=CARTESIAN_POINT('',(14.55,2.2,21.25));
#4611=CARTESIAN_POINT('Origin',(16.25,2.2,21.25));
#4612=CARTESIAN_POINT('',(-17.95,2.2,21.25));
#4613=CARTESIAN_POINT('Origin',(-16.25,2.2,21.25));
#4614=CARTESIAN_POINT('Origin',(0.,2.5,-18.3));
#4615=CARTESIAN_POINT('',(18.7256354563374,2.7,-18.1));
#4616=CARTESIAN_POINT('Ctrl Pts',(18.7256354563374,2.7,-18.1));
#4617=CARTESIAN_POINT('Ctrl Pts',(18.8285763142087,2.46630280033734,-18.3336971996627));
#4618=CARTESIAN_POINT('Ctrl Pts',(18.93151717208,2.2,-18.6));
#4619=CARTESIAN_POINT('',(21.5,2.8,-18.));
#4620=CARTESIAN_POINT('',(21.5,-0.175,-20.975));
#4621=CARTESIAN_POINT('',(18.8112494995996,2.8,-18.));
#4622=CARTESIAN_POINT('',(0.,2.8,-18.));
#4623=CARTESIAN_POINT('Origin',(17.25,4.04999999999999,-16.75));
#4624=CARTESIAN_POINT('Origin',(17.25,2.45,-16.75));
#4625=CARTESIAN_POINT('',(17.25,2.7,-18.75));
#4626=CARTESIAN_POINT('Origin',(17.25,2.7,-16.75));
#4627=CARTESIAN_POINT('',(17.25,2.2,-19.25));
#4628=CARTESIAN_POINT('Origin',(0.,4.4000000372529,-17.4));
#4629=CARTESIAN_POINT('',(22.85,5.0000000372529,-17.4));
#4630=CARTESIAN_POINT('',(22.6742640687119,4.82426410596483,-17.8242640687119));
#4631=CARTESIAN_POINT('Origin',(22.25,4.4000000372529,-17.4));
#4632=CARTESIAN_POINT('',(19.1414280319378,5.0000000372529,-17.4));
#4633=CARTESIAN_POINT('',(0.,5.0000000372529,-17.4));
#4634=CARTESIAN_POINT('',(18.8112494995996,4.4000000372529,-18.));
#4635=CARTESIAN_POINT('Ctrl Pts',(19.1414280319378,5.0000000372529,-17.4));
#4636=CARTESIAN_POINT('Ctrl Pts',(19.1139792529613,5.0000000372529,-17.4798729076902));
#4637=CARTESIAN_POINT('Ctrl Pts',(19.0793019457404,4.98325555337664,-17.5628259102393));
#4638=CARTESIAN_POINT('Ctrl Pts',(19.0048423597588,4.91833219198908,-17.7130990874331));
#4639=CARTESIAN_POINT('Ctrl Pts',(18.9652257368204,4.87025328322189,-17.7805444453912));
#4640=CARTESIAN_POINT('Ctrl Pts',(18.8997051637867,4.76389251328214,-17.8821564334277));
#4641=CARTESIAN_POINT('Ctrl Pts',(18.868480905251,4.69972280726599,-17.9255355422984));
#4642=CARTESIAN_POINT('Ctrl Pts',(18.8239719385324,4.55616463147844,-17.9844945073526));
#4643=CARTESIAN_POINT('Ctrl Pts',(18.8112494995996,4.47657192692085,-18.));
#4644=CARTESIAN_POINT('Ctrl Pts',(18.8112494995996,4.4000000372529,-18.));
#4645=CARTESIAN_POINT('',(22.85,4.4000000372529,-18.));
#4646=CARTESIAN_POINT('',(0.,4.4000000372529,-18.));
#4647=CARTESIAN_POINT('Origin',(22.25,4.4000000372529,-17.4));
#4648=CARTESIAN_POINT('Origin',(0.,5.0000000372529,-18.));
#4649=CARTESIAN_POINT('',(22.85,5.0000000372529,17.4));
#4650=CARTESIAN_POINT('',(22.85,5.0000000372529,5.125));
#4651=CARTESIAN_POINT('',(19.1414280319378,5.0000000372529,17.4));
#4652=CARTESIAN_POINT('',(0.,5.0000000372529,17.4));
#4653=CARTESIAN_POINT('',(19.25,5.0000000372529,16.75));
#4654=CARTESIAN_POINT('Origin',(17.25,5.0000000372529,16.75));
#4655=CARTESIAN_POINT('',(19.25,5.0000000372529,-16.75));
#4656=CARTESIAN_POINT('',(19.25,5.0000000372529,-18.375));
#4657=CARTESIAN_POINT('Origin',(17.25,5.0000000372529,-16.75));
#4658=CARTESIAN_POINT('Origin',(0.,4.4000000372529,17.4));
#4659=CARTESIAN_POINT('',(22.6742640687119,4.82426410596483,17.8242640687119));
#4660=CARTESIAN_POINT('',(22.85,4.4000000372529,18.));
#4661=CARTESIAN_POINT('Origin',(22.25,4.4000000372529,17.4));
#4662=CARTESIAN_POINT('',(18.8112494995996,4.4000000372529,18.));
#4663=CARTESIAN_POINT('',(0.,4.4000000372529,18.));
#4664=CARTESIAN_POINT('Ctrl Pts',(18.8112494995996,4.4000000372529,18.));
#4665=CARTESIAN_POINT('Ctrl Pts',(18.8112494995996,4.47657192692085,18.));
#4666=CARTESIAN_POINT('Ctrl Pts',(18.8239719385324,4.55616463147843,17.9844945073526));
#4667=CARTESIAN_POINT('Ctrl Pts',(18.868480905251,4.69972280726598,17.9255355422984));
#4668=CARTESIAN_POINT('Ctrl Pts',(18.8997051637866,4.76389251328214,17.8821564334277));
#4669=CARTESIAN_POINT('Ctrl Pts',(18.9652257368204,4.87025328322189,17.7805444453912));
#4670=CARTESIAN_POINT('Ctrl Pts',(19.0048423597588,4.91833219198907,17.7130990874331));
#4671=CARTESIAN_POINT('Ctrl Pts',(19.0793019457404,4.98325555337663,17.5628259102393));
#4672=CARTESIAN_POINT('Ctrl Pts',(19.1139792529613,5.0000000372529,17.4798729076902));
#4673=CARTESIAN_POINT('Ctrl Pts',(19.1414280319378,5.0000000372529,17.4));
#4674=CARTESIAN_POINT('Origin',(22.25,4.4000000372529,17.4));
#4675=CARTESIAN_POINT('Origin',(0.,4.4000000372529,17.4));
#4676=CARTESIAN_POINT('',(-22.85,5.0000000372529,17.4));
#4677=CARTESIAN_POINT('',(-22.6742640687119,4.82426410596483,17.8242640687119));
#4678=CARTESIAN_POINT('Origin',(-22.25,4.4000000372529,17.4));
#4679=CARTESIAN_POINT('',(0.,5.0000000372529,17.4));
#4680=CARTESIAN_POINT('Origin',(-22.25,4.4000000372529,17.4));
#4681=CARTESIAN_POINT('Origin',(0.,5.0000000372529,-18.));
#4682=CARTESIAN_POINT('',(-22.85,5.0000000372529,-17.4));
#4683=CARTESIAN_POINT('',(-22.85,5.0000000372529,-23.125));
#4684=CARTESIAN_POINT('',(0.,5.0000000372529,-17.4));
#4685=CARTESIAN_POINT('',(-19.25,5.0000000372529,0.375000000000002));
#4686=CARTESIAN_POINT('Origin',(0.,4.4000000372529,-17.4));
#4687=CARTESIAN_POINT('',(-22.6742640687119,4.82426410596483,-17.8242640687119));
#4688=CARTESIAN_POINT('',(-22.85,4.4000000372529,-18.));
#4689=CARTESIAN_POINT('Origin',(-22.25,4.4000000372529,-17.4));
#4690=CARTESIAN_POINT('',(0.,4.4000000372529,-18.));
#4691=CARTESIAN_POINT('Origin',(-22.25,4.4000000372529,-17.4));
#4692=CARTESIAN_POINT('Origin',(-16.25,12.,21.25));
#4693=CARTESIAN_POINT('',(-18.35,12.2,21.25));
#4694=CARTESIAN_POINT('Origin',(-16.25,12.2,21.25));
#4695=CARTESIAN_POINT('',(-17.95,11.8,21.25));
#4696=CARTESIAN_POINT('',(-18.15,12.,21.25));
#4697=CARTESIAN_POINT('Origin',(-16.25,11.8,21.25));
#4698=CARTESIAN_POINT('Origin',(0.,12.2,0.));
#4699=CARTESIAN_POINT('',(-14.5916876048223,12.2,18.75));
#4700=CARTESIAN_POINT('',(-19.25,12.2,21.25));
#4701=CARTESIAN_POINT('Origin',(-16.25,12.2,21.25));
#4702=CARTESIAN_POINT('Origin',(-16.25,12.2,21.25));
#4703=CARTESIAN_POINT('Origin',(-16.25,2.2,21.25));
#4704=CARTESIAN_POINT('',(-17.95,2.2,21.25));
#4705=CARTESIAN_POINT('Origin',(-16.25,12.,-21.25));
#4706=CARTESIAN_POINT('',(-18.35,12.2,-21.25));
#4707=CARTESIAN_POINT('Origin',(-16.25,12.2,-21.25));
#4708=CARTESIAN_POINT('',(-17.95,11.8,-21.25));
#4709=CARTESIAN_POINT('',(-18.15,12.,-21.25));
#4710=CARTESIAN_POINT('Origin',(-16.25,11.8,-21.25));
#4711=CARTESIAN_POINT('Origin',(0.,12.2,0.));
#4712=CARTESIAN_POINT('',(-17.9083123951777,12.2,-18.75));
#4713=CARTESIAN_POINT('',(-19.25,12.2,-21.25));
#4714=CARTESIAN_POINT('Origin',(-16.25,12.2,-21.25));
#4715=CARTESIAN_POINT('Origin',(-16.25,12.2,-21.25));
#4716=CARTESIAN_POINT('Origin',(-16.25,2.2,-21.25));
#4717=CARTESIAN_POINT('',(-17.95,2.2,-21.25));
#4718=CARTESIAN_POINT('Origin',(16.25,12.,-21.25));
#4719=CARTESIAN_POINT('',(14.15,12.2,-21.25));
#4720=CARTESIAN_POINT('Origin',(16.25,12.2,-21.25));
#4721=CARTESIAN_POINT('',(14.55,11.8,-21.25));
#4722=CARTESIAN_POINT('',(14.35,12.,-21.25));
#4723=CARTESIAN_POINT('Origin',(16.25,11.8,-21.25));
#4724=CARTESIAN_POINT('Origin',(0.,12.2,0.));
#4725=CARTESIAN_POINT('',(17.9083123951777,12.2,-18.75));
#4726=CARTESIAN_POINT('',(13.25,12.2,-21.25));
#4727=CARTESIAN_POINT('Origin',(16.25,12.2,-21.25));
#4728=CARTESIAN_POINT('Origin',(16.25,12.2,-21.25));
#4729=CARTESIAN_POINT('Origin',(16.25,2.2,-21.25));
#4730=CARTESIAN_POINT('',(14.55,2.2,-21.25));
#4731=CARTESIAN_POINT('Origin',(16.25,12.,21.25));
#4732=CARTESIAN_POINT('',(14.15,12.2,21.25));
#4733=CARTESIAN_POINT('Origin',(16.25,12.2,21.25));
#4734=CARTESIAN_POINT('',(14.55,11.8,21.25));
#4735=CARTESIAN_POINT('',(14.35,12.,21.25));
#4736=CARTESIAN_POINT('Origin',(16.25,11.8,21.25));
#4737=CARTESIAN_POINT('Origin',(16.25,2.2,21.25));
#4738=CARTESIAN_POINT('',(14.55,2.2,21.25));
#4739=CARTESIAN_POINT('Origin',(0.,12.2,0.));
#4740=CARTESIAN_POINT('',(17.9083123951777,12.2,18.75));
#4741=CARTESIAN_POINT('',(13.25,12.2,21.25));
#4742=CARTESIAN_POINT('Origin',(16.25,12.2,21.25));
#4743=CARTESIAN_POINT('Origin',(16.25,12.2,21.25));
#4744=CARTESIAN_POINT('Origin',(-23.05,2.50000001862645,18.2));
#4745=CARTESIAN_POINT('',(-23.25,0.,18.4));
#4746=CARTESIAN_POINT('',(-12.7375,0.,7.88749999999998));
#4747=CARTESIAN_POINT('',(-23.25,5.4000000372529,18.4));
#4748=CARTESIAN_POINT('',(-23.25,2.50000001862645,18.4));
#4749=CARTESIAN_POINT('',(-15.7124999968956,-2.13749996585152,10.8624999968955));
#4750=CARTESIAN_POINT('Origin',(-23.05,1.86264514923096E-8,-18.2));
#4751=CARTESIAN_POINT('',(-23.25,5.4000000372529,-18.4));
#4752=CARTESIAN_POINT('',(-23.25,0.,-18.4));
#4753=CARTESIAN_POINT('',(-23.25,1.86264514923096E-8,-18.4));
#4754=CARTESIAN_POINT('',(-22.85,0.,-18.));
#4755=CARTESIAN_POINT('',(-12.7375,0.,-7.88749999999998));
#4756=CARTESIAN_POINT('',(-22.85,1.86264514923096E-8,-18.));
#4757=CARTESIAN_POINT('',(-22.85,5.0000000372529,-18.));
#4758=CARTESIAN_POINT('Origin',(-23.05,5.2000000372529,-23.125));
#4759=CARTESIAN_POINT('',(-23.25,5.4000000372529,-23.125));
#4760=CARTESIAN_POINT('Origin',(0.,3.72529029846191E-8,-18.));
#4761=CARTESIAN_POINT('',(-21.5,3.72529029846191E-8,-18.));
#4762=CARTESIAN_POINT('',(0.,0.,-18.));
#4763=CARTESIAN_POINT('',(-21.5,1.86264514923096E-8,-18.));
#4764=CARTESIAN_POINT('Origin',(0.,0.,4.44089209850063E-15));
#4765=CARTESIAN_POINT('',(-23.25,0.,-26.25));
#4766=CARTESIAN_POINT('',(-23.25,0.,28.25));
#4767=CARTESIAN_POINT('',(-21.25,0.,-28.25));
#4768=CARTESIAN_POINT('Origin',(-21.25,0.,-26.25));
#4769=CARTESIAN_POINT('',(21.25,0.,-28.25));
#4770=CARTESIAN_POINT('',(-23.25,0.,-28.25));
#4771=CARTESIAN_POINT('',(23.25,0.,-26.25));
#4772=CARTESIAN_POINT('Origin',(21.25,0.,-26.25));
#4773=CARTESIAN_POINT('',(23.25,0.,-18.4));
#4774=CARTESIAN_POINT('',(23.25,0.,-28.25));
#4775=CARTESIAN_POINT('',(22.85,0.,-18.));
#4776=CARTESIAN_POINT('',(12.7375,0.,-7.88749999999998));
#4777=CARTESIAN_POINT('',(21.5,0.,-18.));
#4778=CARTESIAN_POINT('',(0.,0.,-18.));
#4779=CARTESIAN_POINT('',(21.5,0.,-26.5));
#4780=CARTESIAN_POINT('',(21.5,0.,-26.5));
#4781=CARTESIAN_POINT('',(-21.5,0.,-26.5));
#4782=CARTESIAN_POINT('',(-21.5,0.,-26.5));
#4783=CARTESIAN_POINT('',(-21.5,0.,26.5));
#4784=CARTESIAN_POINT('Origin',(23.05,1.86264514923096E-8,-18.2));
#4785=CARTESIAN_POINT('',(22.85,1.86264514923096E-8,-18.));
#4786=CARTESIAN_POINT('',(23.25,5.4000000372529,-18.4));
#4787=CARTESIAN_POINT('',(23.25,1.86264514923096E-8,-18.4));
#4788=CARTESIAN_POINT('',(18.2958333302289,0.445833367481823,-13.4458333302289));
#4789=CARTESIAN_POINT('Origin',(23.05,2.50000001862645,18.2));
#4790=CARTESIAN_POINT('',(23.25,5.4000000372529,18.4));
#4791=CARTESIAN_POINT('',(23.25,0.,18.4));
#4792=CARTESIAN_POINT('',(23.25,2.50000001862645,18.4));
#4793=CARTESIAN_POINT('',(22.85,0.,18.));
#4794=CARTESIAN_POINT('',(12.7375,0.,7.88749999999998));
#4795=CARTESIAN_POINT('',(22.85,2.50000001862645,18.));
#4796=CARTESIAN_POINT('',(22.85,5.0000000372529,18.));
#4797=CARTESIAN_POINT('Origin',(23.05,5.2000000372529,5.125));
#4798=CARTESIAN_POINT('',(23.25,5.4000000372529,5.125));
#4799=CARTESIAN_POINT('Origin',(0.,3.72529029846191E-8,-18.));
#4800=CARTESIAN_POINT('',(21.5,1.86264514923096E-8,-18.));
#4801=CARTESIAN_POINT('',(18.8112494995996,2.2,-18.));
#4802=CARTESIAN_POINT('Origin',(0.,5.0000000372529,18.));
#4803=CARTESIAN_POINT('',(18.8112494995996,2.2,18.));
#4804=CARTESIAN_POINT('',(21.5,3.72529032621749E-8,18.));
#4805=CARTESIAN_POINT('',(0.,0.,18.));
#4806=CARTESIAN_POINT('',(21.5,2.50000001862645,18.));
#4807=CARTESIAN_POINT('Origin',(17.25,2.2,-16.75));
#4808=CARTESIAN_POINT('',(19.25,10.,-16.75));
#4809=CARTESIAN_POINT('',(19.25,2.2,-16.75));
#4810=CARTESIAN_POINT('',(17.25,10.,-18.75));
#4811=CARTESIAN_POINT('Origin',(17.25,10.,-16.75));
#4812=CARTESIAN_POINT('',(17.25,2.2,-18.75));
#4813=CARTESIAN_POINT('Origin',(19.25,2.2,-18.75));
#4814=CARTESIAN_POINT('',(19.25,10.,16.75));
#4815=CARTESIAN_POINT('',(19.25,2.2,16.75));
#4816=CARTESIAN_POINT('',(19.25,10.,-9.375));
#4817=CARTESIAN_POINT('Origin',(21.5,0.,-26.5));
#4818=CARTESIAN_POINT('',(21.5,0.,26.5));
#4819=CARTESIAN_POINT('',(21.5,0.,-26.5));
#4820=CARTESIAN_POINT('',(21.5,0.,26.5));
#4821=CARTESIAN_POINT('Origin',(17.25,2.2,16.75));
#4822=CARTESIAN_POINT('',(17.25,2.7,18.75));
#4823=CARTESIAN_POINT('Origin',(17.25,2.7,16.75));
#4824=CARTESIAN_POINT('',(17.25,10.,18.75));
#4825=CARTESIAN_POINT('',(17.25,2.2,18.75));
#4826=CARTESIAN_POINT('Origin',(17.25,10.,16.75));
#4827=CARTESIAN_POINT('Origin',(-23.25,0.,-28.25));
#4828=CARTESIAN_POINT('',(-23.25,0.,26.25));
#4829=CARTESIAN_POINT('',(-23.25,0.,28.25));
#4830=CARTESIAN_POINT('',(-23.25,14.,26.25));
#4831=CARTESIAN_POINT('',(-23.25,0.,26.25));
#4832=CARTESIAN_POINT('',(-23.25,14.,-26.25));
#4833=CARTESIAN_POINT('',(-23.25,14.,28.25));
#4834=CARTESIAN_POINT('',(-23.25,0.,-26.25));
#4835=CARTESIAN_POINT('Origin',(0.,0.,4.44089209850063E-15));
#4836=CARTESIAN_POINT('',(-21.5,0.,26.5));
#4837=CARTESIAN_POINT('',(-21.5,0.,26.5));
#4838=CARTESIAN_POINT('',(21.5,0.,26.5));
#4839=CARTESIAN_POINT('',(23.25,0.,26.25));
#4840=CARTESIAN_POINT('',(23.25,0.,-28.25));
#4841=CARTESIAN_POINT('',(21.25,0.,28.25));
#4842=CARTESIAN_POINT('Origin',(21.25,0.,26.25));
#4843=CARTESIAN_POINT('',(-21.25,0.,28.25));
#4844=CARTESIAN_POINT('',(23.25,0.,28.25));
#4845=CARTESIAN_POINT('Origin',(-21.25,0.,26.25));
#4846=CARTESIAN_POINT('Origin',(-21.5,0.,26.5));
#4847=CARTESIAN_POINT('',(-21.5,0.,26.5));
#4848=CARTESIAN_POINT('Origin',(-21.5,0.,26.5));
#4849=CARTESIAN_POINT('',(-21.5,0.,-26.5));
#4850=CARTESIAN_POINT('Origin',(-16.25,13.8,21.25));
#4851=CARTESIAN_POINT('',(-19.65,14.,21.25));
#4852=CARTESIAN_POINT('Origin',(-16.25,14.,21.25));
#4853=CARTESIAN_POINT('',(-19.25,13.6,21.25));
#4854=CARTESIAN_POINT('',(-19.45,13.8,21.25));
#4855=CARTESIAN_POINT('Origin',(-16.25,13.6,21.25));
#4856=CARTESIAN_POINT('Origin',(0.,14.,4.44089209850063E-15));
#4857=CARTESIAN_POINT('',(21.25,14.,-28.25));
#4858=CARTESIAN_POINT('',(23.25,14.,-26.25));
#4859=CARTESIAN_POINT('Origin',(21.25,14.,-26.25));
#4860=CARTESIAN_POINT('',(-21.25,14.,-28.25));
#4861=CARTESIAN_POINT('',(-23.25,14.,-28.25));
#4862=CARTESIAN_POINT('Origin',(-21.25,14.,-26.25));
#4863=CARTESIAN_POINT('',(-21.25,14.,28.25));
#4864=CARTESIAN_POINT('Origin',(-21.25,14.,26.25));
#4865=CARTESIAN_POINT('',(21.25,14.,28.25));
#4866=CARTESIAN_POINT('',(23.25,14.,28.25));
#4867=CARTESIAN_POINT('',(23.25,14.,26.25));
#4868=CARTESIAN_POINT('Origin',(21.25,14.,26.25));
#4869=CARTESIAN_POINT('',(23.25,14.,-28.25));
#4870=CARTESIAN_POINT('',(12.85,14.,21.25));
#4871=CARTESIAN_POINT('Origin',(16.25,14.,21.25));
#4872=CARTESIAN_POINT('',(-19.65,14.,-21.25));
#4873=CARTESIAN_POINT('Origin',(-16.25,14.,-21.25));
#4874=CARTESIAN_POINT('',(-1.65000091432594,14.,2.9));
#4875=CARTESIAN_POINT('',(3.14999908567406,14.,2.9));
#4876=CARTESIAN_POINT('',(1.37499954283703,14.,2.9));
#4877=CARTESIAN_POINT('',(-1.65000091432594,14.,-0.400000000000004));
#4878=CARTESIAN_POINT('',(-1.65000091432594,14.,1.25));
#4879=CARTESIAN_POINT('',(3.14999908567406,14.,-0.400000000000004));
#4880=CARTESIAN_POINT('',(-0.625000457162969,14.,-0.400000000000004));
#4881=CARTESIAN_POINT('',(3.14999908567406,14.,1.38777878078145E-16));
#4882=CARTESIAN_POINT('',(-1.65000091432594,14.,-15.6));
#4883=CARTESIAN_POINT('',(3.14999908567406,14.,-15.6));
#4884=CARTESIAN_POINT('',(1.37499954283703,14.,-15.6));
#4885=CARTESIAN_POINT('',(-1.65000091432594,14.,-18.9));
#4886=CARTESIAN_POINT('',(-1.65000091432594,14.,-8.));
#4887=CARTESIAN_POINT('',(3.14999908567406,14.,-18.9));
#4888=CARTESIAN_POINT('',(-0.625000457162969,14.,-18.9));
#4889=CARTESIAN_POINT('',(3.14999908567406,14.,-9.25));
#4890=CARTESIAN_POINT('',(-1.65000091432594,14.,-9.40000000000001));
#4891=CARTESIAN_POINT('',(-1.65000091432594,14.,-6.1));
#4892=CARTESIAN_POINT('',(-1.65000091432594,14.,-3.25));
#4893=CARTESIAN_POINT('',(3.14999908567406,14.,-9.40000000000001));
#4894=CARTESIAN_POINT('',(-0.625000457162969,14.,-9.40000000000001));
#4895=CARTESIAN_POINT('',(3.14999908567406,14.,-6.1));
#4896=CARTESIAN_POINT('',(3.14999908567406,14.,-4.5));
#4897=CARTESIAN_POINT('',(1.37499954283703,14.,-6.1));
#4898=CARTESIAN_POINT('',(-1.65000091432594,14.,8.89999999999999));
#4899=CARTESIAN_POINT('',(-1.65000091432594,14.,12.2));
#4900=CARTESIAN_POINT('',(-1.65000091432594,14.,5.9));
#4901=CARTESIAN_POINT('',(3.14999908567406,14.,8.89999999999999));
#4902=CARTESIAN_POINT('',(-0.625000457162969,14.,8.89999999999999));
#4903=CARTESIAN_POINT('',(3.14999908567406,14.,12.2));
#4904=CARTESIAN_POINT('',(3.14999908567406,14.,4.65));
#4905=CARTESIAN_POINT('',(1.37499954283703,14.,12.2));
#4906=CARTESIAN_POINT('',(12.85,14.,-21.25));
#4907=CARTESIAN_POINT('Origin',(16.25,14.,-21.25));
#4908=CARTESIAN_POINT('Origin',(-16.25,12.,21.25));
#4909=CARTESIAN_POINT('',(-19.25,12.,21.25));
#4910=CARTESIAN_POINT('Origin',(16.25,13.8,21.25));
#4911=CARTESIAN_POINT('',(13.25,13.6,21.25));
#4912=CARTESIAN_POINT('',(13.05,13.8,21.25));
#4913=CARTESIAN_POINT('Origin',(16.25,13.6,21.25));
#4914=CARTESIAN_POINT('Origin',(16.25,12.,21.25));
#4915=CARTESIAN_POINT('',(13.25,12.,21.25));
#4916=CARTESIAN_POINT('Origin',(16.25,13.8,-21.25));
#4917=CARTESIAN_POINT('',(13.25,13.6,-21.25));
#4918=CARTESIAN_POINT('',(13.05,13.8,-21.25));
#4919=CARTESIAN_POINT('Origin',(16.25,13.6,-21.25));
#4920=CARTESIAN_POINT('Origin',(16.25,12.,-21.25));
#4921=CARTESIAN_POINT('',(13.25,12.,-21.25));
#4922=CARTESIAN_POINT('Origin',(-16.25,13.8,-21.25));
#4923=CARTESIAN_POINT('',(-19.25,13.6,-21.25));
#4924=CARTESIAN_POINT('',(-19.45,13.8,-21.25));
#4925=CARTESIAN_POINT('Origin',(-16.25,13.6,-21.25));
#4926=CARTESIAN_POINT('Origin',(-16.25,12.,-21.25));
#4927=CARTESIAN_POINT('',(-19.25,12.,-21.25));
#4928=CARTESIAN_POINT('Origin',(-1.45000091432594,13.8,5.9));
#4929=CARTESIAN_POINT('',(-1.25000091432594,13.6,11.8));
#4930=CARTESIAN_POINT('',(-1.65000091432594,14.,12.2));
#4931=CARTESIAN_POINT('',(-1.25000091432594,13.6,9.29999999999999));
#4932=CARTESIAN_POINT('',(-1.25000091432594,13.6,5.9));
#4933=CARTESIAN_POINT('',(-1.65000091432594,14.,8.89999999999999));
#4934=CARTESIAN_POINT('Origin',(1.37499954283703,13.8,12.));
#4935=CARTESIAN_POINT('',(2.74999908567406,13.6,11.8));
#4936=CARTESIAN_POINT('',(3.14999908567406,14.,12.2));
#4937=CARTESIAN_POINT('',(1.37499954283703,13.6,11.8));
#4938=CARTESIAN_POINT('Origin',(2.94999908567406,13.8,4.65));
#4939=CARTESIAN_POINT('',(2.74999908567406,13.6,9.29999999999999));
#4940=CARTESIAN_POINT('',(3.14999908567406,14.,8.89999999999999));
#4941=CARTESIAN_POINT('',(2.74999908567406,13.6,4.65));
#4942=CARTESIAN_POINT('Origin',(-0.625000457162969,13.8,9.09999999999999));
#4943=CARTESIAN_POINT('',(-0.625000457162969,13.6,9.29999999999999));
#4944=CARTESIAN_POINT('Origin',(-1.25000091432594,12.,9.29999999999999));
#4945=CARTESIAN_POINT('',(-1.25000091432594,12.6,9.29999999999999));
#4946=CARTESIAN_POINT('',(-1.25000091432594,12.,9.29999999999999));
#4947=CARTESIAN_POINT('',(2.74999908567406,12.6,9.29999999999999));
#4948=CARTESIAN_POINT('',(-0.625000457162969,12.6,9.29999999999999));
#4949=CARTESIAN_POINT('',(2.74999908567406,12.,9.29999999999999));
#4950=CARTESIAN_POINT('Origin',(-1.25000091432594,12.,11.8));
#4951=CARTESIAN_POINT('',(-1.25000091432594,12.6,11.8));
#4952=CARTESIAN_POINT('',(-1.25000091432594,12.,11.8));
#4953=CARTESIAN_POINT('',(-1.25000091432594,12.6,5.9));
#4954=CARTESIAN_POINT('Origin',(1.37499954283703,13.8,2.7));
#4955=CARTESIAN_POINT('',(2.74999908567406,13.6,2.5));
#4956=CARTESIAN_POINT('',(3.14999908567406,14.,2.9));
#4957=CARTESIAN_POINT('',(-1.25000091432594,13.6,2.5));
#4958=CARTESIAN_POINT('',(1.37499954283703,13.6,2.5));
#4959=CARTESIAN_POINT('',(-1.65000091432594,14.,2.9));
#4960=CARTESIAN_POINT('Origin',(2.94999908567406,13.8,1.38777878078145E-16));
#4961=CARTESIAN_POINT('',(2.74999908567406,13.6,-4.16333634234434E-15));
#4962=CARTESIAN_POINT('',(3.14999908567406,14.,-0.400000000000004));
#4963=CARTESIAN_POINT('',(2.74999908567406,13.6,1.38777878078145E-16));
#4964=CARTESIAN_POINT('Origin',(-0.625000457162969,13.8,-0.200000000000004));
#4965=CARTESIAN_POINT('',(-1.25000091432594,13.6,-4.16333634234434E-15));
#4966=CARTESIAN_POINT('',(-1.65000091432594,14.,-0.400000000000004));
#4967=CARTESIAN_POINT('',(-0.625000457162969,13.6,-4.16333634234434E-15));
#4968=CARTESIAN_POINT('Origin',(-1.45000091432594,13.8,1.25));
#4969=CARTESIAN_POINT('',(-1.25000091432594,13.6,1.25));
#4970=CARTESIAN_POINT('Origin',(-1.25000091432594,12.,2.5));
#4971=CARTESIAN_POINT('',(-1.25000091432594,12.6,2.5));
#4972=CARTESIAN_POINT('',(-1.25000091432594,12.,2.5));
#4973=CARTESIAN_POINT('',(-1.25000091432594,12.6,-4.16333634234434E-15));
#4974=CARTESIAN_POINT('',(-1.25000091432594,12.6,1.25));
#4975=CARTESIAN_POINT('',(-1.25000091432594,12.,-4.16333634234434E-15));
#4976=CARTESIAN_POINT('Origin',(2.74999908567406,12.,2.5));
#4977=CARTESIAN_POINT('',(2.74999908567406,12.6,2.5));
#4978=CARTESIAN_POINT('',(2.74999908567406,12.,2.5));
#4979=CARTESIAN_POINT('',(1.37499954283703,12.6,2.5));
#4980=CARTESIAN_POINT('Origin',(-1.45000091432594,13.8,-3.25));
#4981=CARTESIAN_POINT('',(-1.25000091432594,13.6,-6.50000000000001));
#4982=CARTESIAN_POINT('',(-1.65000091432594,14.,-6.1));
#4983=CARTESIAN_POINT('',(-1.25000091432594,13.6,-9.00000000000001));
#4984=CARTESIAN_POINT('',(-1.25000091432594,13.6,-3.25));
#4985=CARTESIAN_POINT('',(-1.65000091432594,14.,-9.40000000000001));
#4986=CARTESIAN_POINT('Origin',(1.37499954283703,13.8,-6.30000000000001));
#4987=CARTESIAN_POINT('',(2.74999908567406,13.6,-6.50000000000001));
#4988=CARTESIAN_POINT('',(3.14999908567406,14.,-6.1));
#4989=CARTESIAN_POINT('',(1.37499954283703,13.6,-6.50000000000001));
#4990=CARTESIAN_POINT('Origin',(2.94999908567406,13.8,-4.5));
#4991=CARTESIAN_POINT('',(2.74999908567406,13.6,-9.00000000000001));
#4992=CARTESIAN_POINT('',(3.14999908567406,14.,-9.40000000000001));
#4993=CARTESIAN_POINT('',(2.74999908567406,13.6,-4.5));
#4994=CARTESIAN_POINT('Origin',(-0.625000457162969,13.8,-9.20000000000001));
#4995=CARTESIAN_POINT('',(-0.625000457162969,13.6,-9.00000000000001));
#4996=CARTESIAN_POINT('Origin',(-1.25000091432594,12.,-9.00000000000001));
#4997=CARTESIAN_POINT('',(-1.25000091432594,12.6,-9.00000000000001));
#4998=CARTESIAN_POINT('',(-1.25000091432594,12.,-9.00000000000001));
#4999=CARTESIAN_POINT('',(2.74999908567406,12.6,-9.00000000000001));
#5000=CARTESIAN_POINT('',(-0.625000457162969,12.6,-9.00000000000001));
#5001=CARTESIAN_POINT('',(2.74999908567406,12.,-9.00000000000001));
#5002=CARTESIAN_POINT('Origin',(-1.25000091432594,12.,-6.50000000000001));
#5003=CARTESIAN_POINT('',(-1.25000091432594,12.6,-6.50000000000001));
#5004=CARTESIAN_POINT('',(-1.25000091432594,12.,-6.50000000000001));
#5005=CARTESIAN_POINT('',(-1.25000091432594,12.6,-3.25));
#5006=CARTESIAN_POINT('Origin',(1.37499954283703,13.8,-15.8));
#5007=CARTESIAN_POINT('',(2.74999908567406,13.6,-16.));
#5008=CARTESIAN_POINT('',(3.14999908567406,14.,-15.6));
#5009=CARTESIAN_POINT('',(-1.25000091432594,13.6,-16.));
#5010=CARTESIAN_POINT('',(1.37499954283703,13.6,-16.));
#5011=CARTESIAN_POINT('',(-1.65000091432594,14.,-15.6));
#5012=CARTESIAN_POINT('Origin',(2.94999908567406,13.8,-9.25));
#5013=CARTESIAN_POINT('',(2.74999908567406,13.6,-18.5));
#5014=CARTESIAN_POINT('',(3.14999908567406,14.,-18.9));
#5015=CARTESIAN_POINT('',(2.74999908567406,13.6,-9.25));
#5016=CARTESIAN_POINT('Origin',(-0.625000457162969,13.8,-18.7));
#5017=CARTESIAN_POINT('',(-1.25000091432594,13.6,-18.5));
#5018=CARTESIAN_POINT('',(-1.65000091432594,14.,-18.9));
#5019=CARTESIAN_POINT('',(-0.625000457162969,13.6,-18.5));
#5020=CARTESIAN_POINT('Origin',(-1.45000091432594,13.8,-8.));
#5021=CARTESIAN_POINT('',(-1.25000091432594,13.6,-8.));
#5022=CARTESIAN_POINT('Origin',(-1.25000091432594,12.,-16.));
#5023=CARTESIAN_POINT('',(-1.25000091432594,12.6,-16.));
#5024=CARTESIAN_POINT('',(-1.25000091432594,12.,-16.));
#5025=CARTESIAN_POINT('',(-1.25000091432594,12.6,-18.5));
#5026=CARTESIAN_POINT('',(-1.25000091432594,12.6,-8.));
#5027=CARTESIAN_POINT('',(-1.25000091432594,12.,-18.5));
#5028=CARTESIAN_POINT('Origin',(2.74999908567406,12.,-16.));
#5029=CARTESIAN_POINT('',(2.74999908567406,12.6,-16.));
#5030=CARTESIAN_POINT('',(2.74999908567406,12.,-16.));
#5031=CARTESIAN_POINT('',(1.37499954283703,12.6,-16.));
#5032=CARTESIAN_POINT('Origin',(-0.625000457162969,12.3,-18.8));
#5033=CARTESIAN_POINT('',(2.74999908567406,12.6,-18.5));
#5034=CARTESIAN_POINT('',(-0.625000457162969,12.6,-18.5));
#5035=CARTESIAN_POINT('',(-1.85000091432594,12.,-19.1));
#5036=CARTESIAN_POINT('',(-1.25000091432594,12.6,-18.5));
#5037=CARTESIAN_POINT('',(3.34999908567406,12.,-19.1));
#5038=CARTESIAN_POINT('',(-0.625000457162969,12.,-19.1));
#5039=CARTESIAN_POINT('',(3.34999908567406,12.,-19.1));
#5040=CARTESIAN_POINT('Origin',(3.04999908567406,12.3,-9.25));
#5041=CARTESIAN_POINT('',(3.34999908567406,12.,-15.4));
#5042=CARTESIAN_POINT('',(3.34999908567406,12.,-9.25));
#5043=CARTESIAN_POINT('',(3.34999908567406,12.,-15.4));
#5044=CARTESIAN_POINT('',(2.74999908567406,12.6,-9.25));
#5045=CARTESIAN_POINT('Origin',(1.37499954283703,12.3,-15.7));
#5046=CARTESIAN_POINT('',(-1.85000091432594,12.,-15.4));
#5047=CARTESIAN_POINT('',(1.37499954283703,12.,-15.4));
#5048=CARTESIAN_POINT('',(-1.85000091432594,12.,-15.4));
#5049=CARTESIAN_POINT('Origin',(-1.55000091432594,12.3,-8.));
#5050=CARTESIAN_POINT('',(-1.85000091432594,12.,-8.));
#5051=CARTESIAN_POINT('Origin',(-1.25000091432594,12.,-18.5));
#5052=CARTESIAN_POINT('',(2.74999908567406,12.,-18.5));
#5053=CARTESIAN_POINT('Origin',(0.,12.,0.));
#5054=CARTESIAN_POINT('',(17.25,12.,16.75));
#5055=CARTESIAN_POINT('',(17.25,12.,-16.75));
#5056=CARTESIAN_POINT('',(17.25,12.,-9.375));
#5057=CARTESIAN_POINT('',(13.25,12.,16.75));
#5058=CARTESIAN_POINT('',(9.625,12.,16.75));
#5059=CARTESIAN_POINT('',(9.25,12.,20.75));
#5060=CARTESIAN_POINT('Origin',(13.25,12.,20.75));
#5061=CARTESIAN_POINT('',(9.25,12.,22.25));
#5062=CARTESIAN_POINT('',(9.25,12.,9.375));
#5063=CARTESIAN_POINT('',(-9.24999999999999,12.,22.25));
#5064=CARTESIAN_POINT('',(5.625,12.,22.25));
#5065=CARTESIAN_POINT('',(-9.24999999999999,12.,20.75));
#5066=CARTESIAN_POINT('',(-9.24999999999999,12.,12.125));
#5067=CARTESIAN_POINT('',(-13.25,12.,16.75));
#5068=CARTESIAN_POINT('Origin',(-13.25,12.,20.75));
#5069=CARTESIAN_POINT('',(-17.25,12.,16.75));
#5070=CARTESIAN_POINT('',(-5.625,12.,16.75));
#5071=CARTESIAN_POINT('',(-17.25,12.,-16.75));
#5072=CARTESIAN_POINT('',(-17.25,12.,9.375));
#5073=CARTESIAN_POINT('',(-13.25,12.,-16.75));
#5074=CARTESIAN_POINT('',(-9.625,12.,-16.75));
#5075=CARTESIAN_POINT('',(-9.25000000000001,12.,-20.75));
#5076=CARTESIAN_POINT('Origin',(-13.25,12.,-20.75));
#5077=CARTESIAN_POINT('',(-9.25000000000001,12.,-22.25));
#5078=CARTESIAN_POINT('',(-9.25000000000001,12.,-9.375));
#5079=CARTESIAN_POINT('',(9.25,12.,-22.25));
#5080=CARTESIAN_POINT('',(-5.625,12.,-22.25));
#5081=CARTESIAN_POINT('',(9.25,12.,-20.75));
#5082=CARTESIAN_POINT('',(9.25,12.,-12.125));
#5083=CARTESIAN_POINT('',(13.25,12.,-16.75));
#5084=CARTESIAN_POINT('Origin',(13.25,12.,-20.75));
#5085=CARTESIAN_POINT('',(5.625,12.,-16.75));
#5086=CARTESIAN_POINT('',(-1.85000091432594,12.,-9.60000000000001));
#5087=CARTESIAN_POINT('',(3.34999908567406,12.,-9.60000000000001));
#5088=CARTESIAN_POINT('',(-0.625000457162969,12.,-9.60000000000001));
#5089=CARTESIAN_POINT('',(-1.85000091432594,12.,-5.90000000000001));
#5090=CARTESIAN_POINT('',(-1.85000091432594,12.,-3.25));
#5091=CARTESIAN_POINT('',(3.34999908567406,12.,-5.90000000000001));
#5092=CARTESIAN_POINT('',(1.37499954283703,12.,-5.90000000000001));
#5093=CARTESIAN_POINT('',(3.34999908567406,12.,-4.5));
#5094=CARTESIAN_POINT('',(-1.85000091432594,12.,8.69999999999999));
#5095=CARTESIAN_POINT('',(3.34999908567406,12.,8.69999999999999));
#5096=CARTESIAN_POINT('',(-0.625000457162969,12.,8.69999999999999));
#5097=CARTESIAN_POINT('',(-1.85000091432594,12.,12.4));
#5098=CARTESIAN_POINT('',(-1.85000091432594,12.,5.9));
#5099=CARTESIAN_POINT('',(3.34999908567406,12.,12.4));
#5100=CARTESIAN_POINT('',(1.37499954283703,12.,12.4));
#5101=CARTESIAN_POINT('',(3.34999908567406,12.,4.65));
#5102=CARTESIAN_POINT('',(-1.85000091432594,12.,-0.600000000000004));
#5103=CARTESIAN_POINT('',(3.34999908567406,12.,-0.600000000000004));
#5104=CARTESIAN_POINT('',(-0.625000457162969,12.,-0.600000000000004));
#5105=CARTESIAN_POINT('',(-1.85000091432594,12.,3.1));
#5106=CARTESIAN_POINT('',(-1.85000091432594,12.,1.25));
#5107=CARTESIAN_POINT('',(3.34999908567406,12.,3.1));
#5108=CARTESIAN_POINT('',(1.37499954283703,12.,3.1));
#5109=CARTESIAN_POINT('',(3.34999908567406,12.,-2.08166817117217E-15));
#5110=CARTESIAN_POINT('Origin',(-0.625000457162969,12.3,-9.30000000000001));
#5111=CARTESIAN_POINT('',(-1.25000091432594,12.6,-9.00000000000001));
#5112=CARTESIAN_POINT('',(3.34999908567406,12.,-9.60000000000001));
#5113=CARTESIAN_POINT('Origin',(3.04999908567406,12.3,-4.5));
#5114=CARTESIAN_POINT('',(2.74999908567406,12.6,-6.50000000000001));
#5115=CARTESIAN_POINT('',(3.34999908567406,12.,-5.90000000000001));
#5116=CARTESIAN_POINT('',(2.74999908567406,12.6,-4.5));
#5117=CARTESIAN_POINT('Origin',(1.37499954283703,12.3,-6.20000000000001));
#5118=CARTESIAN_POINT('',(1.37499954283703,12.6,-6.50000000000001));
#5119=CARTESIAN_POINT('',(-1.85000091432594,12.,-5.90000000000001));
#5120=CARTESIAN_POINT('Origin',(-1.55000091432594,12.3,-3.25));
#5121=CARTESIAN_POINT('Origin',(-0.625000457162969,12.3,-0.300000000000004));
#5122=CARTESIAN_POINT('',(2.74999908567406,12.6,-4.16333634234434E-15));
#5123=CARTESIAN_POINT('',(-0.625000457162969,12.6,-4.16333634234434E-15));
#5124=CARTESIAN_POINT('',(-1.25000091432594,12.6,-4.16333634234434E-15));
#5125=CARTESIAN_POINT('',(3.34999908567406,12.,-0.600000000000004));
#5126=CARTESIAN_POINT('Origin',(3.04999908567406,12.3,-2.08166817117217E-15));
#5127=CARTESIAN_POINT('',(3.34999908567406,12.,3.1));
#5128=CARTESIAN_POINT('',(2.74999908567406,12.6,-2.08166817117217E-15));
#5129=CARTESIAN_POINT('Origin',(1.37499954283703,12.3,2.8));
#5130=CARTESIAN_POINT('',(-1.85000091432594,12.,3.1));
#5131=CARTESIAN_POINT('Origin',(-1.55000091432594,12.3,1.25));
#5132=CARTESIAN_POINT('Origin',(-1.25000091432594,12.,-4.16333634234434E-15));
#5133=CARTESIAN_POINT('',(2.74999908567406,12.,-4.16333634234434E-15));
#5134=CARTESIAN_POINT('Origin',(-0.625000457162969,12.3,8.99999999999999));
#5135=CARTESIAN_POINT('',(-1.25000091432594,12.6,9.29999999999999));
#5136=CARTESIAN_POINT('',(3.34999908567406,12.,8.69999999999999));
#5137=CARTESIAN_POINT('Origin',(3.04999908567406,12.3,4.65));
#5138=CARTESIAN_POINT('',(2.74999908567406,12.6,11.8));
#5139=CARTESIAN_POINT('',(3.34999908567406,12.,12.4));
#5140=CARTESIAN_POINT('',(2.74999908567406,12.6,4.65));
#5141=CARTESIAN_POINT('Origin',(1.37499954283703,12.3,12.1));
#5142=CARTESIAN_POINT('',(1.37499954283703,12.6,11.8));
#5143=CARTESIAN_POINT('',(-1.85000091432594,12.,12.4));
#5144=CARTESIAN_POINT('Origin',(-1.55000091432594,12.3,5.9));
#5145=CARTESIAN_POINT('Origin',(-9.625,2.45,-19.));
#5146=CARTESIAN_POINT('',(-13.25,2.7,-18.75));
#5147=CARTESIAN_POINT('',(-13.25,2.2,-19.25));
#5148=CARTESIAN_POINT('',(-9.625,2.7,-18.75));
#5149=CARTESIAN_POINT('Origin',(-13.25,2.45,-20.75));
#5150=CARTESIAN_POINT('',(-11.25,2.7,-20.75));
#5151=CARTESIAN_POINT('',(-11.75,2.2,-20.75));
#5152=CARTESIAN_POINT('Origin',(-13.25,2.7,-20.75));
#5153=CARTESIAN_POINT('Origin',(-11.5,2.45,-9.375));
#5154=CARTESIAN_POINT('',(-11.25,2.7,-22.25));
#5155=CARTESIAN_POINT('',(-11.75,2.2,-22.25));
#5156=CARTESIAN_POINT('',(-11.25,2.7,-9.375));
#5157=CARTESIAN_POINT('Origin',(-9.25,2.45,-22.25));
#5158=CARTESIAN_POINT('',(-9.25,2.7,-24.25));
#5159=CARTESIAN_POINT('',(-9.25,2.2,-24.75));
#5160=CARTESIAN_POINT('Origin',(-9.25,2.7,-22.25));
#5161=CARTESIAN_POINT('Origin',(-5.625,2.45,-24.5));
#5162=CARTESIAN_POINT('',(9.25,2.7,-24.25));
#5163=CARTESIAN_POINT('',(9.25,2.2,-24.75));
#5164=CARTESIAN_POINT('',(-5.625,2.7,-24.25));
#5165=CARTESIAN_POINT('Origin',(9.25,2.45,-22.25));
#5166=CARTESIAN_POINT('',(11.25,2.7,-22.25));
#5167=CARTESIAN_POINT('',(11.75,2.2,-22.25));
#5168=CARTESIAN_POINT('Origin',(9.25,2.7,-22.25));
#5169=CARTESIAN_POINT('Origin',(11.5,2.45,-12.125));
#5170=CARTESIAN_POINT('',(11.25,2.7,-20.75));
#5171=CARTESIAN_POINT('',(11.75,2.2,-20.75));
#5172=CARTESIAN_POINT('',(11.25,2.7,-12.125));
#5173=CARTESIAN_POINT('Origin',(13.25,2.45,-20.75));
#5174=CARTESIAN_POINT('',(13.25,2.7,-18.75));
#5175=CARTESIAN_POINT('',(13.25,2.2,-19.25));
#5176=CARTESIAN_POINT('Origin',(13.25,2.7,-20.75));
#5177=CARTESIAN_POINT('Origin',(5.625,2.45,-19.));
#5178=CARTESIAN_POINT('',(5.625,2.7,-18.75));
#5179=CARTESIAN_POINT('Origin',(17.25,2.45,16.75));
#5180=CARTESIAN_POINT('',(17.25,2.2,19.25));
#5181=CARTESIAN_POINT('Origin',(9.625,2.45,19.));
#5182=CARTESIAN_POINT('',(13.25,2.7,18.75));
#5183=CARTESIAN_POINT('',(13.25,2.2,19.25));
#5184=CARTESIAN_POINT('',(9.625,2.7,18.75));
#5185=CARTESIAN_POINT('Origin',(13.25,2.45,20.75));
#5186=CARTESIAN_POINT('',(11.25,2.7,20.75));
#5187=CARTESIAN_POINT('',(11.75,2.2,20.75));
#5188=CARTESIAN_POINT('Origin',(13.25,2.7,20.75));
#5189=CARTESIAN_POINT('Origin',(11.5,2.45,9.375));
#5190=CARTESIAN_POINT('',(11.25,2.7,22.25));
#5191=CARTESIAN_POINT('',(11.75,2.2,22.25));
#5192=CARTESIAN_POINT('',(11.25,2.7,9.375));
#5193=CARTESIAN_POINT('Origin',(9.25,2.45,22.25));
#5194=CARTESIAN_POINT('',(9.25,2.7,24.25));
#5195=CARTESIAN_POINT('',(9.25,2.2,24.75));
#5196=CARTESIAN_POINT('Origin',(9.25,2.7,22.25));
#5197=CARTESIAN_POINT('Origin',(5.625,2.45,24.5));
#5198=CARTESIAN_POINT('',(-9.24999999999999,2.7,24.25));
#5199=CARTESIAN_POINT('',(-9.24999999999999,2.2,24.75));
#5200=CARTESIAN_POINT('',(5.625,2.7,24.25));
#5201=CARTESIAN_POINT('Origin',(-9.24999999999999,2.45,22.25));
#5202=CARTESIAN_POINT('',(-11.25,2.7,22.25));
#5203=CARTESIAN_POINT('',(-11.75,2.2,22.25));
#5204=CARTESIAN_POINT('Origin',(-9.24999999999999,2.7,22.25));
#5205=CARTESIAN_POINT('Origin',(-11.5,2.45,12.125));
#5206=CARTESIAN_POINT('',(-11.25,2.7,20.75));
#5207=CARTESIAN_POINT('',(-11.75,2.2,20.75));
#5208=CARTESIAN_POINT('',(-11.25,2.7,12.125));
#5209=CARTESIAN_POINT('Origin',(-13.25,2.45,20.75));
#5210=CARTESIAN_POINT('',(-13.25,2.7,18.75));
#5211=CARTESIAN_POINT('',(-13.25,2.2,19.25));
#5212=CARTESIAN_POINT('Origin',(-13.25,2.7,20.75));
#5213=CARTESIAN_POINT('Origin',(-5.625,2.45,19.));
#5214=CARTESIAN_POINT('',(-17.25,2.2,19.25));
#5215=CARTESIAN_POINT('',(-5.625,2.7,18.75));
#5216=CARTESIAN_POINT('Origin',(-17.25,2.45,16.75));
#5217=CARTESIAN_POINT('Origin',(19.25,2.2,18.75));
#5218=CARTESIAN_POINT('',(13.25,10.,18.75));
#5219=CARTESIAN_POINT('',(13.25,2.2,18.75));
#5220=CARTESIAN_POINT('',(9.625,10.,18.75));
#5221=CARTESIAN_POINT('Origin',(13.25,2.2,20.75));
#5222=CARTESIAN_POINT('',(11.25,10.,20.75));
#5223=CARTESIAN_POINT('',(11.25,2.2,20.75));
#5224=CARTESIAN_POINT('Origin',(13.25,10.,20.75));
#5225=CARTESIAN_POINT('Origin',(11.25,2.2,18.75));
#5226=CARTESIAN_POINT('',(11.25,10.,22.25));
#5227=CARTESIAN_POINT('',(11.25,2.2,22.25));
#5228=CARTESIAN_POINT('',(11.25,10.,9.375));
#5229=CARTESIAN_POINT('Origin',(9.25,2.2,22.25));
#5230=CARTESIAN_POINT('',(9.25,10.,24.25));
#5231=CARTESIAN_POINT('',(9.25,2.2,24.25));
#5232=CARTESIAN_POINT('Origin',(9.25,10.,22.25));
#5233=CARTESIAN_POINT('Origin',(11.25,2.2,24.25));
#5234=CARTESIAN_POINT('',(-9.24999999999999,10.,24.25));
#5235=CARTESIAN_POINT('',(-9.24999999999999,2.2,24.25));
#5236=CARTESIAN_POINT('',(5.625,10.,24.25));
#5237=CARTESIAN_POINT('Origin',(-9.24999999999999,2.2,22.25));
#5238=CARTESIAN_POINT('',(-11.25,10.,22.25));
#5239=CARTESIAN_POINT('',(-11.25,2.2,22.25));
#5240=CARTESIAN_POINT('Origin',(-9.24999999999999,10.,22.25));
#5241=CARTESIAN_POINT('Origin',(-11.25,2.2,24.25));
#5242=CARTESIAN_POINT('',(-11.25,10.,20.75));
#5243=CARTESIAN_POINT('',(-11.25,2.2,20.75));
#5244=CARTESIAN_POINT('',(-11.25,10.,12.125));
#5245=CARTESIAN_POINT('Origin',(-13.25,2.2,20.75));
#5246=CARTESIAN_POINT('',(-13.25,10.,18.75));
#5247=CARTESIAN_POINT('',(-13.25,2.2,18.75));
#5248=CARTESIAN_POINT('Origin',(-13.25,10.,20.75));
#5249=CARTESIAN_POINT('Origin',(-11.25,2.2,18.75));
#5250=CARTESIAN_POINT('',(-5.625,10.,18.75));
#5251=CARTESIAN_POINT('Origin',(-19.25,2.2,18.75));
#5252=CARTESIAN_POINT('',(-19.25,10.,9.375));
#5253=CARTESIAN_POINT('Origin',(17.25,10.,-9.375));
#5254=CARTESIAN_POINT('Origin',(17.25,10.,-16.75));
#5255=CARTESIAN_POINT('Origin',(17.25,10.,16.75));
#5256=CARTESIAN_POINT('Origin',(17.25,10.,16.75));
#5257=CARTESIAN_POINT('',(17.2499999999715,11.0981093400855,18.4215728752337));
#5258=CARTESIAN_POINT('',(17.3927225232161,11.,18.4761605607147));
#5259=CARTESIAN_POINT('Ctrl Pts',(17.2499999999632,11.0981093400747,18.4215728752408));
#5260=CARTESIAN_POINT('Ctrl Pts',(17.2799883120225,11.0819699634003,18.4321753446471));
#5261=CARTESIAN_POINT('Ctrl Pts',(17.3083273126996,11.0641357422374,18.4427354246438));
#5262=CARTESIAN_POINT('Ctrl Pts',(17.354576499247,11.0311852405058,18.4606681716369));
#5263=CARTESIAN_POINT('Ctrl Pts',(17.3739690495149,11.0160124446772,18.468434801075));
#5264=CARTESIAN_POINT('Ctrl Pts',(17.3927225232161,11.,18.4761605607147));
#5265=CARTESIAN_POINT('Origin',(17.25,10.,16.75));
#5266=CARTESIAN_POINT('',(17.25,11.,18.4820508075689));
#5267=CARTESIAN_POINT('Origin',(17.25,10.,16.75));
#5268=CARTESIAN_POINT('Origin',(17.25,11.,16.75));
#5269=CARTESIAN_POINT('Origin',(17.25,10.,-16.75));
#5270=CARTESIAN_POINT('',(17.25,11.,-18.4820508075689));
#5271=CARTESIAN_POINT('',(17.3927225232161,11.,-18.4761605607147));
#5272=CARTESIAN_POINT('Origin',(17.25,11.,-16.75));
#5273=CARTESIAN_POINT('Origin',(17.25,10.,-16.75));
#5274=CARTESIAN_POINT('',(17.2499999999716,11.0981093400855,-18.4215728752337));
#5275=CARTESIAN_POINT('Origin',(17.25,10.,-16.75));
#5276=CARTESIAN_POINT('Ctrl Pts',(17.3927225232161,11.,-18.4761605607147));
#5277=CARTESIAN_POINT('Ctrl Pts',(17.3739690495149,11.0160124446772,-18.4684348010751));
#5278=CARTESIAN_POINT('Ctrl Pts',(17.354576499247,11.0311852405058,-18.4606681716369));
#5279=CARTESIAN_POINT('Ctrl Pts',(17.3083273126996,11.0641357422374,-18.4427354246439));
#5280=CARTESIAN_POINT('Ctrl Pts',(17.2799883120226,11.0819699634003,-18.4321753446471));
#5281=CARTESIAN_POINT('Ctrl Pts',(17.2499999999632,11.0981093400746,-18.4215728752408));
#5282=CARTESIAN_POINT('Origin',(16.25,11.,18.5));
#5283=CARTESIAN_POINT('',(15.0930828603051,11.,18.4820508075689));
#5284=CARTESIAN_POINT('',(9.625,11.,18.4820508075689));
#5285=CARTESIAN_POINT('Origin',(16.25,11.,21.25));
#5286=CARTESIAN_POINT('Origin',(9.625,10.,16.75));
#5287=CARTESIAN_POINT('Ctrl Pts',(15.0930828603051,11.,18.4820508075689));
#5288=CARTESIAN_POINT('Ctrl Pts',(15.1883565690726,11.0689727973249,18.4422293444666));
#5289=CARTESIAN_POINT('Ctrl Pts',(15.2943338418109,11.1260372038065,18.4038524066519));
#5290=CARTESIAN_POINT('Ctrl Pts',(15.6676303743985,11.277159050875,18.2945940020405));
#5291=CARTESIAN_POINT('Ctrl Pts',(15.9667424309221,11.3228756555323,18.25));
#5292=CARTESIAN_POINT('Ctrl Pts',(16.25,11.3228756555323,18.25));
#5293=CARTESIAN_POINT('Ctrl Pts',(16.5332575690779,11.3228756555323,18.25));
#5294=CARTESIAN_POINT('Ctrl Pts',(16.8323696256015,11.277159050875,18.2945940020405));
#5295=CARTESIAN_POINT('Ctrl Pts',(17.1468681878658,11.1498404194902,18.3866431055438));
#5296=CARTESIAN_POINT('Ctrl Pts',(17.1994495465705,11.1253150329726,18.4037005910485));
#5297=CARTESIAN_POINT('Ctrl Pts',(17.2499999999632,11.0981093400747,18.4215728752408));
#5298=CARTESIAN_POINT('Origin',(13.25,10.,16.75));
#5299=CARTESIAN_POINT('Origin',(13.25,10.,20.75));
#5300=CARTESIAN_POINT('Origin',(9.25,10.,20.75));
#5301=CARTESIAN_POINT('Origin',(9.25,10.,22.25));
#5302=CARTESIAN_POINT('Origin',(9.25,10.,22.25));
#5303=CARTESIAN_POINT('Origin',(9.25,10.,22.25));
#5304=CARTESIAN_POINT('Origin',(-9.24999999999999,10.,22.25));
#5305=CARTESIAN_POINT('Origin',(-9.24999999999999,10.,22.25));
#5306=CARTESIAN_POINT('Origin',(-9.24999999999999,10.,22.25));
#5307=CARTESIAN_POINT('Origin',(-9.24999999999999,10.,12.125));
#5308=CARTESIAN_POINT('Origin',(-9.24999999999999,10.,20.75));
#5309=CARTESIAN_POINT('Origin',(-13.25,10.,20.75));
#5310=CARTESIAN_POINT('Origin',(-13.25,10.,16.75));
#5311=CARTESIAN_POINT('Origin',(5.625,10.,22.25));
#5312=CARTESIAN_POINT('Origin',(9.25,10.,9.375));
#5313=CARTESIAN_POINT('Origin',(-5.625,10.,16.75));
#5314=CARTESIAN_POINT('',(-17.25,11.,18.4820508075689));
#5315=CARTESIAN_POINT('Origin',(-17.25,10.,16.75));
#5316=CARTESIAN_POINT('',(-15.0930828603051,11.,18.4820508075689));
#5317=CARTESIAN_POINT('',(-5.625,11.,18.4820508075689));
#5318=CARTESIAN_POINT('',(-17.25,11.0981093400549,18.4215728752538));
#5319=CARTESIAN_POINT('Ctrl Pts',(-17.25,11.0981093400549,18.4215728752538));
#5320=CARTESIAN_POINT('Ctrl Pts',(-17.1994496835855,11.1253149592345,18.4037006394899));
#5321=CARTESIAN_POINT('Ctrl Pts',(-17.1468688649938,11.149840145368,18.3866433037292));
#5322=CARTESIAN_POINT('Ctrl Pts',(-16.8323696256015,11.277159050875,18.2945940020405));
#5323=CARTESIAN_POINT('Ctrl Pts',(-16.5332575690779,11.3228756555323,18.25));
#5324=CARTESIAN_POINT('Ctrl Pts',(-16.25,11.3228756555323,18.25));
#5325=CARTESIAN_POINT('Ctrl Pts',(-15.9667424309221,11.3228756555323,18.25));
#5326=CARTESIAN_POINT('Ctrl Pts',(-15.6676303743985,11.277159050875,18.2945940020405));
#5327=CARTESIAN_POINT('Ctrl Pts',(-15.2943339143461,11.126037233171,18.4038523854219));
#5328=CARTESIAN_POINT('Ctrl Pts',(-15.1883562347197,11.0689725552722,18.4422294842158));
#5329=CARTESIAN_POINT('Ctrl Pts',(-15.0930828603051,11.,18.4820508075689));
#5330=CARTESIAN_POINT('Origin',(-17.25,10.,16.75));
#5331=CARTESIAN_POINT('Origin',(5.625,10.,-16.75));
#5332=CARTESIAN_POINT('',(13.25,10.,-18.75));
#5333=CARTESIAN_POINT('Origin',(13.25,10.,-16.75));
#5334=CARTESIAN_POINT('',(5.625,10.,-18.75));
#5335=CARTESIAN_POINT('',(15.0930828603051,11.,-18.4820508075689));
#5336=CARTESIAN_POINT('',(5.625,11.,-18.4820508075689));
#5337=CARTESIAN_POINT('Ctrl Pts',(17.2499999999633,11.0981093400746,-18.4215728752408));
#5338=CARTESIAN_POINT('Ctrl Pts',(17.1994495664976,11.125315022248,-18.4037005980938));
#5339=CARTESIAN_POINT('Ctrl Pts',(17.1468682598274,11.1498403903579,-18.3866431266059));
#5340=CARTESIAN_POINT('Ctrl Pts',(16.8323696256015,11.277159050875,-18.2945940020406));
#5341=CARTESIAN_POINT('Ctrl Pts',(16.5332575690779,11.3228756555323,-18.25));
#5342=CARTESIAN_POINT('Ctrl Pts',(16.25,11.3228756555323,-18.25));
#5343=CARTESIAN_POINT('Ctrl Pts',(15.9667424309221,11.3228756555323,-18.25));
#5344=CARTESIAN_POINT('Ctrl Pts',(15.6676303743985,11.277159050875,-18.2945940020406));
#5345=CARTESIAN_POINT('Ctrl Pts',(15.2943339143461,11.126037233171,-18.4038523854219));
#5346=CARTESIAN_POINT('Ctrl Pts',(15.1883562347197,11.0689725552722,-18.4422294842158));
#5347=CARTESIAN_POINT('Ctrl Pts',(15.0930828603051,11.,-18.4820508075689));
#5348=CARTESIAN_POINT('Origin',(13.25,10.,-20.75));
#5349=CARTESIAN_POINT('',(11.25,10.,-20.75));
#5350=CARTESIAN_POINT('Origin',(13.25,10.,-20.75));
#5351=CARTESIAN_POINT('Origin',(9.25,10.,-20.75));
#5352=CARTESIAN_POINT('Origin',(9.25,10.,-22.25));
#5353=CARTESIAN_POINT('',(11.25,10.,-22.25));
#5354=CARTESIAN_POINT('',(9.25,10.,-24.25));
#5355=CARTESIAN_POINT('Origin',(9.25,10.,-22.25));
#5356=CARTESIAN_POINT('Origin',(9.25,10.,-22.25));
#5357=CARTESIAN_POINT('Origin',(9.25,10.,-22.25));
#5358=CARTESIAN_POINT('Origin',(9.25,10.,-12.125));
#5359=CARTESIAN_POINT('',(11.25,10.,-12.125));
#5360=CARTESIAN_POINT('Origin',(-9.25000000000001,10.,-22.25));
#5361=CARTESIAN_POINT('',(-9.25,10.,-24.25));
#5362=CARTESIAN_POINT('',(-11.25,10.,-22.25));
#5363=CARTESIAN_POINT('Origin',(-9.25,10.,-22.25));
#5364=CARTESIAN_POINT('Origin',(-9.25000000000001,10.,-22.25));
#5365=CARTESIAN_POINT('Origin',(-9.25000000000001,10.,-22.25));
#5366=CARTESIAN_POINT('Origin',(-5.625,10.,-22.25));
#5367=CARTESIAN_POINT('',(-5.625,10.,-24.25));
#5368=CARTESIAN_POINT('Origin',(-9.25000000000001,10.,-9.375));
#5369=CARTESIAN_POINT('',(-11.25,10.,-20.75));
#5370=CARTESIAN_POINT('Origin',(-9.25000000000001,10.,-20.75));
#5371=CARTESIAN_POINT('',(-11.25,10.,-9.375));
#5372=CARTESIAN_POINT('Origin',(-13.25,10.,-20.75));
#5373=CARTESIAN_POINT('',(-13.25,10.,-18.75));
#5374=CARTESIAN_POINT('Origin',(-13.25,10.,-16.75));
#5375=CARTESIAN_POINT('Origin',(-13.25,10.,-20.75));
#5376=CARTESIAN_POINT('Origin',(-9.25,2.2,-22.25));
#5377=CARTESIAN_POINT('',(-9.25,2.2,-24.25));
#5378=CARTESIAN_POINT('',(-11.25,2.2,-22.25));
#5379=CARTESIAN_POINT('Origin',(9.25,2.2,-22.25));
#5380=CARTESIAN_POINT('',(11.25,2.2,-22.25));
#5381=CARTESIAN_POINT('',(9.25,2.2,-24.25));
#5382=CARTESIAN_POINT('Origin',(13.25,2.2,-20.75));
#5383=CARTESIAN_POINT('',(13.25,2.2,-18.75));
#5384=CARTESIAN_POINT('',(11.25,2.2,-20.75));
#5385=CARTESIAN_POINT('Origin',(16.25,11.,-18.5));
#5386=CARTESIAN_POINT('Origin',(16.25,11.,-21.25));
#5387=CARTESIAN_POINT('Origin',(11.25,2.2,-18.75));
#5388=CARTESIAN_POINT('Origin',(11.25,2.2,-24.25));
#5389=CARTESIAN_POINT('Origin',(-13.25,2.2,-20.75));
#5390=CARTESIAN_POINT('',(-11.25,2.2,-20.75));
#5391=CARTESIAN_POINT('',(-13.25,2.2,-18.75));
#5392=CARTESIAN_POINT('Origin',(-11.25,2.2,-18.75));
#5393=CARTESIAN_POINT('Origin',(-17.25,10.,-16.75));
#5394=CARTESIAN_POINT('',(-17.3927225232161,11.,-18.4761605607147));
#5395=CARTESIAN_POINT('',(-17.25,11.,-18.4820508075689));
#5396=CARTESIAN_POINT('Origin',(-17.25,11.,-16.75));
#5397=CARTESIAN_POINT('',(-17.25,11.0981093400546,-18.421572875254));
#5398=CARTESIAN_POINT('Ctrl Pts',(-17.2500000000001,11.0981093400548,-18.4215728752539));
#5399=CARTESIAN_POINT('Ctrl Pts',(-17.2799883120458,11.0819699633857,-18.4321753446558));
#5400=CARTESIAN_POINT('Ctrl Pts',(-17.3083273127104,11.0641357422298,-18.442735424648));
#5401=CARTESIAN_POINT('Ctrl Pts',(-17.354576499247,11.0311852405058,-18.4606681716369));
#5402=CARTESIAN_POINT('Ctrl Pts',(-17.3739690495149,11.0160124446772,-18.4684348010751));
#5403=CARTESIAN_POINT('Ctrl Pts',(-17.3927225232161,11.,-18.4761605607147));
#5404=CARTESIAN_POINT('Origin',(-17.25,10.,-16.75));
#5405=CARTESIAN_POINT('Origin',(-17.25,10.,-16.75));
#5406=CARTESIAN_POINT('Origin',(-17.25,10.,-16.75));
#5407=CARTESIAN_POINT('Origin',(-17.25,10.,16.75));
#5408=CARTESIAN_POINT('',(-17.3927225232161,11.,18.4761605607147));
#5409=CARTESIAN_POINT('Origin',(-17.25,11.,16.75));
#5410=CARTESIAN_POINT('Origin',(-17.25,10.,16.75));
#5411=CARTESIAN_POINT('Ctrl Pts',(-17.3927225232161,11.,18.4761605607147));
#5412=CARTESIAN_POINT('Ctrl Pts',(-17.3739690495149,11.0160124446772,18.468434801075));
#5413=CARTESIAN_POINT('Ctrl Pts',(-17.354576499247,11.0311852405058,18.4606681716369));
#5414=CARTESIAN_POINT('Ctrl Pts',(-17.3083273127103,11.0641357422298,18.442735424648));
#5415=CARTESIAN_POINT('Ctrl Pts',(-17.2799883120457,11.0819699633858,18.4321753446558));
#5416=CARTESIAN_POINT('Ctrl Pts',(-17.25,11.0981093400549,18.4215728752538));
#5417=CARTESIAN_POINT('Origin',(-9.625,10.,-16.75));
#5418=CARTESIAN_POINT('',(-15.0930828603051,11.,-18.4820508075689));
#5419=CARTESIAN_POINT('Ctrl Pts',(-15.0930828603051,11.,-18.4820508075689));
#5420=CARTESIAN_POINT('Ctrl Pts',(-15.1883565690726,11.0689727973249,-18.4422293444666));
#5421=CARTESIAN_POINT('Ctrl Pts',(-15.2943338418109,11.1260372038065,-18.4038524066519));
#5422=CARTESIAN_POINT('Ctrl Pts',(-15.6676303743985,11.277159050875,-18.2945940020406));
#5423=CARTESIAN_POINT('Ctrl Pts',(-15.9667424309221,11.3228756555323,-18.25));
#5424=CARTESIAN_POINT('Ctrl Pts',(-16.25,11.3228756555323,-18.25));
#5425=CARTESIAN_POINT('Ctrl Pts',(-16.5332575690779,11.3228756555323,-18.25));
#5426=CARTESIAN_POINT('Ctrl Pts',(-16.8323696256015,11.277159050875,-18.2945940020406));
#5427=CARTESIAN_POINT('Ctrl Pts',(-17.1468685752643,11.1498402626594,-18.3866432189296));
#5428=CARTESIAN_POINT('Ctrl Pts',(-17.1994496030441,11.125315002581,-18.4037006110142));
#5429=CARTESIAN_POINT('Ctrl Pts',(-17.2500000000001,11.0981093400548,-18.4215728752539));
#5430=CARTESIAN_POINT('',(-9.625,11.,-18.4820508075689));
#5431=CARTESIAN_POINT('',(-9.625,10.,-18.75));
#5432=CARTESIAN_POINT('Origin',(-17.25,10.,9.375));
#5433=CARTESIAN_POINT('Origin',(-16.25,11.,18.5));
#5434=CARTESIAN_POINT('Origin',(-16.25,11.,21.25));
#5435=CARTESIAN_POINT('Origin',(-16.25,11.,-21.25));
#5436=CARTESIAN_POINT('Origin',(-16.25,11.,-21.25));
#5437=CARTESIAN_POINT('Origin',(-19.25,2.2,-18.75));
#5438=CARTESIAN_POINT('Origin',(16.25,11.,-21.25));
#5439=CARTESIAN_POINT('Origin',(-11.25,2.2,-24.25));
#5440=CARTESIAN_POINT('Origin',(16.25,11.,21.25));
#5441=CARTESIAN_POINT('Origin',(-16.25,11.,21.25));
#5442=CARTESIAN_POINT('Origin',(-16.25,11.,-18.5));
#5443=CARTESIAN_POINT('Origin',(21.5,0.,26.5));
#5444=CARTESIAN_POINT('Origin',(21.25,0.,-26.25));
#5445=CARTESIAN_POINT('',(23.25,0.,-26.25));
#5446=CARTESIAN_POINT('',(21.25,0.,-28.25));
#5447=CARTESIAN_POINT('Origin',(23.25,0.,-28.25));
#5448=CARTESIAN_POINT('',(-21.25,0.,-28.25));
#5449=CARTESIAN_POINT('Origin',(-21.25,0.,-26.25));
#5450=CARTESIAN_POINT('Origin',(21.25,0.,26.25));
#5451=CARTESIAN_POINT('',(21.25,0.,28.25));
#5452=CARTESIAN_POINT('',(23.25,0.,26.25));
#5453=CARTESIAN_POINT('Origin',(23.25,0.,28.25));
#5454=CARTESIAN_POINT('Origin',(-21.25,0.,26.25));
#5455=CARTESIAN_POINT('',(-21.25,0.,28.25));
#5456=CARTESIAN_POINT('Origin',(2.74999908567406,12.,-6.50000000000001));
#5457=CARTESIAN_POINT('',(2.74999908567406,12.,-6.50000000000001));
#5458=CARTESIAN_POINT('Origin',(2.74999908567406,12.,-9.00000000000001));
#5459=CARTESIAN_POINT('Origin',(2.74999908567406,12.,-4.16333634234434E-15));
#5460=CARTESIAN_POINT('Origin',(2.74999908567406,12.,-18.5));
#5461=CARTESIAN_POINT('Origin',(2.74999908567406,12.,11.8));
#5462=CARTESIAN_POINT('',(2.74999908567406,12.,11.8));
#5463=CARTESIAN_POINT('Origin',(2.74999908567406,12.,9.29999999999999));
#5464=CARTESIAN_POINT('Origin',(21.5,0.,-26.5));
#5465=CARTESIAN_POINT('',(21.5,0.,-26.5));
#5466=CARTESIAN_POINT('Origin',(-21.5,0.,-26.5));
#5467=CARTESIAN_POINT('Origin',(-23.25,0.,28.25));
#5468=UNCERTAINTY_MEASURE_WITH_UNIT(LENGTH_MEASURE(0.01),#5472,
'DISTANCE_ACCURACY_VALUE',
'Maximum model space distance between geometric entities at asserted c
onnectivities');
#5469=UNCERTAINTY_MEASURE_WITH_UNIT(LENGTH_MEASURE(0.01),#5472,
'DISTANCE_ACCURACY_VALUE',
'Maximum model space distance between geometric entities at asserted c
onnectivities');
#5470=(
GEOMETRIC_REPRESENTATION_CONTEXT(3)
GLOBAL_UNCERTAINTY_ASSIGNED_CONTEXT((#5468))
GLOBAL_UNIT_ASSIGNED_CONTEXT((#5472,#5474,#5475))
REPRESENTATION_CONTEXT('','3D')
);
#5471=(
GEOMETRIC_REPRESENTATION_CONTEXT(3)
GLOBAL_UNCERTAINTY_ASSIGNED_CONTEXT((#5469))
GLOBAL_UNIT_ASSIGNED_CONTEXT((#5472,#5474,#5475))
REPRESENTATION_CONTEXT('','3D')
);
#5472=(
LENGTH_UNIT()
NAMED_UNIT(*)
SI_UNIT(.MILLI.,.METRE.)
);
#5473=(
LENGTH_UNIT()
NAMED_UNIT(*)
SI_UNIT($,.METRE.)
);
#5474=(
NAMED_UNIT(*)
PLANE_ANGLE_UNIT()
SI_UNIT($,.RADIAN.)
);
#5475=(
NAMED_UNIT(*)
SI_UNIT($,.STERADIAN.)
SOLID_ANGLE_UNIT()
);
#5476=SHAPE_DEFINITION_REPRESENTATION(#5477,#5478);
#5477=PRODUCT_DEFINITION_SHAPE('',$,#5480);
#5478=SHAPE_REPRESENTATION('',(#3200),#5470);
#5479=PRODUCT_DEFINITION_CONTEXT('part definition',#5484,'design');
#5480=PRODUCT_DEFINITION('Tbuck4_017_opto_v5','Tbuck4_017_opto_v5 v1',#5481,
#5479);
#5481=PRODUCT_DEFINITION_FORMATION('',$,#5486);
#5482=PRODUCT_RELATED_PRODUCT_CATEGORY('Tbuck4_017_opto_v5 v1',
'Tbuck4_017_opto_v5 v1',(#5486));
#5483=APPLICATION_PROTOCOL_DEFINITION('international standard',
'automotive_design',2009,#5484);
#5484=APPLICATION_CONTEXT(
'Core Data for Automotive Mechanical Design Process');
#5485=PRODUCT_CONTEXT('part definition',#5484,'mechanical');
#5486=PRODUCT('Tbuck4_017_opto_v5','Tbuck4_017_opto_v5 v1',$,(#5485));
#5487=PRESENTATION_STYLE_ASSIGNMENT((#5488));
#5488=SURFACE_STYLE_USAGE(.BOTH.,#5489);
#5489=SURFACE_SIDE_STYLE('',(#5490));
#5490=SURFACE_STYLE_FILL_AREA(#5491);
#5491=FILL_AREA_STYLE('Steel - Satin',(#5492));
#5492=FILL_AREA_STYLE_COLOUR('Steel - Satin',#5493);
#5493=COLOUR_RGB('Steel - Satin',0.627450980392157,0.627450980392157,0.627450980392157);
ENDSEC;
END-ISO-10303-21;
